{
  "0": {
    "cen_loss": 2.305413151931763,
    "cen_accuracy": 0.0978
  },
  "1": {
    "cen_loss": 2.305413151931763,
    "cen_accuracy": 0.0978
  },
  "2": {
    "cen_loss": 2.2404601959228514,
    "cen_accuracy": 0.1411
  },
  "3": {
    "cen_loss": 1.965641214942932,
    "cen_accuracy": 0.2383
  },
  "4": {
    "cen_loss": 1.7886518836975098,
    "cen_accuracy": 0.349
  },
  "5": {
    "cen_loss": 1.7193544765472413,
    "cen_accuracy": 0.3651
  },
  "6": {
    "cen_loss": 1.6091518220901488,
    "cen_accuracy": 0.4411
  },
  "7": {
    "cen_loss": 1.6284184344291688,
    "cen_accuracy": 0.4327
  },
  "8": {
    "cen_loss": 1.7259180228233337,
    "cen_accuracy": 0.4309
  },
  "9": {
    "cen_loss": 1.6598250142097473,
    "cen_accuracy": 0.4418
  },
  "10": {
    "cen_loss": 1.6592618360519409,
    "cen_accuracy": 0.4425
  },
  "11": {
    "cen_loss": 1.6844994822502137,
    "cen_accuracy": 0.4241
  },
  "12": {
    "cen_loss": 1.6049970414161683,
    "cen_accuracy": 0.4534
  },
  "13": {
    "cen_loss": 1.7171811644554138,
    "cen_accuracy": 0.4566
  },
  "14": {
    "cen_loss": 1.9512648880958556,
    "cen_accuracy": 0.4158
  },
  "15": {
    "cen_loss": 1.9996952221870423,
    "cen_accuracy": 0.4032
  },
  "16": {
    "cen_loss": 1.749892821121216,
    "cen_accuracy": 0.4433
  },
  "17": {
    "cen_loss": 1.8138738631248474,
    "cen_accuracy": 0.4381
  },
  "18": {
    "cen_loss": 1.7833740282058717,
    "cen_accuracy": 0.439
  },
  "19": {
    "cen_loss": 1.692419673728943,
    "cen_accuracy": 0.4545
  },
  "20": {
    "cen_loss": 1.6924197018623353,
    "cen_accuracy": 0.4545
  },
  "21": {
    "cen_loss": 1.6859581500053407,
    "cen_accuracy": 0.4714
  },
  "22": {
    "cen_loss": 1.895321106529236,
    "cen_accuracy": 0.4563
  },
  "23": {
    "cen_loss": 1.7929488910675049,
    "cen_accuracy": 0.4585
  },
  "24": {
    "cen_loss": 1.772344819355011,
    "cen_accuracy": 0.4551
  },
  "25": {
    "cen_loss": 2.039286395931244,
    "cen_accuracy": 0.4458
  },
  "26": {
    "cen_loss": 1.6912990914344788,
    "cen_accuracy": 0.4782
  },
  "27": {
    "cen_loss": 1.8362429229736328,
    "cen_accuracy": 0.4548
  },
  "28": {
    "cen_loss": 1.6379931571483612,
    "cen_accuracy": 0.483
  },
  "29": {
    "cen_loss": 1.6452462818622589,
    "cen_accuracy": 0.4902
  },
  "30": {
    "cen_loss": 1.6452462960243226,
    "cen_accuracy": 0.4902
  },
  "31": {
    "cen_loss": 1.9686471102714538,
    "cen_accuracy": 0.4391
  },
  "32": {
    "cen_loss": 1.7243661870002747,
    "cen_accuracy": 0.4817
  },
  "33": {
    "cen_loss": 1.675602236366272,
    "cen_accuracy": 0.498
  },
  "34": {
    "cen_loss": 2.0099768253326418,
    "cen_accuracy": 0.4471
  },
  "35": {
    "cen_loss": 1.909491291618347,
    "cen_accuracy": 0.4749
  },
  "36": {
    "cen_loss": 1.7976847185134888,
    "cen_accuracy": 0.4771
  },
  "37": {
    "cen_loss": 1.7249097418785095,
    "cen_accuracy": 0.4797
  },
  "38": {
    "cen_loss": 1.6525799031257629,
    "cen_accuracy": 0.5051
  },
  "39": {
    "cen_loss": 1.6756133284568786,
    "cen_accuracy": 0.4998
  },
  "40": {
    "cen_loss": 1.6756133380889893,
    "cen_accuracy": 0.4998
  },
  "41": {
    "cen_loss": 1.8525616012573243,
    "cen_accuracy": 0.4813
  },
  "42": {
    "cen_loss": 1.7570796064853669,
    "cen_accuracy": 0.4931
  },
  "43": {
    "cen_loss": 1.688723977661133,
    "cen_accuracy": 0.4922
  },
  "44": {
    "cen_loss": 1.7120679422855378,
    "cen_accuracy": 0.4921
  },
  "45": {
    "cen_loss": 1.9046356350898743,
    "cen_accuracy": 0.4561
  },
  "46": {
    "cen_loss": 1.7628198187828064,
    "cen_accuracy": 0.4849
  },
  "47": {
    "cen_loss": 1.7113292551994324,
    "cen_accuracy": 0.4874
  },
  "48": {
    "cen_loss": 1.6157703756809234,
    "cen_accuracy": 0.5081
  },
  "49": {
    "cen_loss": 1.726039143371582,
    "cen_accuracy": 0.4903
  },
  "50": {
    "cen_loss": 1.7260391310691834,
    "cen_accuracy": 0.4903
  },
  "51": {
    "cen_loss": 1.8258147275924683,
    "cen_accuracy": 0.4773
  },
  "52": {
    "cen_loss": 1.9620676953315734,
    "cen_accuracy": 0.4665
  },
  "53": {
    "cen_loss": 1.8904110900878905,
    "cen_accuracy": 0.4667
  },
  "54": {
    "cen_loss": 1.8404047720909118,
    "cen_accuracy": 0.4877
  },
  "55": {
    "cen_loss": 1.6894195874214173,
    "cen_accuracy": 0.5005
  },
  "56": {
    "cen_loss": 1.9597091663837434,
    "cen_accuracy": 0.4866
  },
  "57": {
    "cen_loss": 2.021228502368927,
    "cen_accuracy": 0.4576
  },
  "58": {
    "cen_loss": 1.794380031490326,
    "cen_accuracy": 0.4865
  },
  "59": {
    "cen_loss": 1.8184096349716186,
    "cen_accuracy": 0.4843
  },
  "60": {
    "cen_loss": 1.8184096179008484,
    "cen_accuracy": 0.4843
  },
  "61": {
    "cen_loss": 1.696947481918335,
    "cen_accuracy": 0.4975
  },
  "62": {
    "cen_loss": 2.006736576271057,
    "cen_accuracy": 0.4673
  },
  "63": {
    "cen_loss": 1.9647607445716857,
    "cen_accuracy": 0.4772
  },
  "64": {
    "cen_loss": 1.7279670080184937,
    "cen_accuracy": 0.4982
  },
  "65": {
    "cen_loss": 1.7729904719352723,
    "cen_accuracy": 0.4987
  },
  "66": {
    "cen_loss": 1.86090701379776,
    "cen_accuracy": 0.4832
  },
  "67": {
    "cen_loss": 1.7941808919906617,
    "cen_accuracy": 0.4996
  },
  "68": {
    "cen_loss": 2.0919238139152525,
    "cen_accuracy": 0.4635
  },
  "69": {
    "cen_loss": 1.8087363313674927,
    "cen_accuracy": 0.4913
  },
  "70": {
    "cen_loss": 1.8087363582611085,
    "cen_accuracy": 0.4913
  },
  "71": {
    "cen_loss": 1.7267041038513185,
    "cen_accuracy": 0.5053
  },
  "72": {
    "cen_loss": 1.9387141673088073,
    "cen_accuracy": 0.4697
  },
  "73": {
    "cen_loss": 1.933781384897232,
    "cen_accuracy": 0.4779
  },
  "74": {
    "cen_loss": 1.8472249366760254,
    "cen_accuracy": 0.4791
  },
  "75": {
    "cen_loss": 1.9967973998069763,
    "cen_accuracy": 0.457
  },
  "76": {
    "cen_loss": 1.9511713428497315,
    "cen_accuracy": 0.4812
  },
  "77": {
    "cen_loss": 1.6889406281471253,
    "cen_accuracy": 0.4977
  },
  "78": {
    "cen_loss": 1.8865318477630615,
    "cen_accuracy": 0.4871
  },
  "79": {
    "cen_loss": 2.0106621153831483,
    "cen_accuracy": 0.4679
  },
  "80": {
    "cen_loss": 2.0106621356010437,
    "cen_accuracy": 0.4679
  },
  "81": {
    "cen_loss": 1.8056959836959838,
    "cen_accuracy": 0.4897
  },
  "82": {
    "cen_loss": 1.7230369184494019,
    "cen_accuracy": 0.5044
  },
  "83": {
    "cen_loss": 1.743055073785782,
    "cen_accuracy": 0.4988
  },
  "84": {
    "cen_loss": 1.732631068468094,
    "cen_accuracy": 0.5071
  },
  "85": {
    "cen_loss": 2.0491275552749633,
    "cen_accuracy": 0.4681
  },
  "86": {
    "cen_loss": 1.8987574201107025,
    "cen_accuracy": 0.4968
  },
  "87": {
    "cen_loss": 1.7633107802391053,
    "cen_accuracy": 0.5057
  },
  "88": {
    "cen_loss": 1.6629925489425659,
    "cen_accuracy": 0.5176
  },
  "89": {
    "cen_loss": 2.1757042896270753,
    "cen_accuracy": 0.4633
  },
  "90": {
    "cen_loss": 2.1757043201446535,
    "cen_accuracy": 0.4633
  },
  "91": {
    "cen_loss": 1.6957214323997498,
    "cen_accuracy": 0.5069
  },
  "92": {
    "cen_loss": 1.9682283609390259,
    "cen_accuracy": 0.4775
  },
  "93": {
    "cen_loss": 1.728493713092804,
    "cen_accuracy": 0.5083
  },
  "94": {
    "cen_loss": 1.9109506755828858,
    "cen_accuracy": 0.4899
  },
  "95": {
    "cen_loss": 1.9221551369667054,
    "cen_accuracy": 0.487
  },
  "96": {
    "cen_loss": 1.9060270987510681,
    "cen_accuracy": 0.4989
  },
  "97": {
    "cen_loss": 1.810423711013794,
    "cen_accuracy": 0.5068
  },
  "98": {
    "cen_loss": 1.8510299611091614,
    "cen_accuracy": 0.5007
  },
  "99": {
    "cen_loss": 2.0085878551483156,
    "cen_accuracy": 0.4919
  },
  "100": {
    "cen_loss": 2.0085878957748413,
    "cen_accuracy": 0.4919
  },
  "101": {
    "cen_loss": 1.9597130638599396,
    "cen_accuracy": 0.49
  }
}