{
  "0": {
    "cen_loss": 2.3027744300842286,
    "cen_accuracy": 0.1
  },
  "1": {
    "cen_loss": 2.3027744300842286,
    "cen_accuracy": 0.1
  },
  "2": {
    "cen_loss": 3.272427788543701,
    "cen_accuracy": 0.1
  },
  "3": {
    "cen_loss": 4.826884109497071,
    "cen_accuracy": 0.1
  },
  "4": {
    "cen_loss": 5.601661482620239,
    "cen_accuracy": 0.1
  },
  "5": {
    "cen_loss": 4.080273016357422,
    "cen_accuracy": 0.1
  },
  "6": {
    "cen_loss": 4.108192715072632,
    "cen_accuracy": 0.1315
  },
  "7": {
    "cen_loss": 4.002469511795044,
    "cen_accuracy": 0.151
  },
  "8": {
    "cen_loss": 4.599521104049683,
    "cen_accuracy": 0.1412
  },
  "9": {
    "cen_loss": 5.040434337234497,
    "cen_accuracy": 0.1002
  },
  "10": {
    "cen_loss": 3.2163460262298584,
    "cen_accuracy": 0.1455
  },
  "11": {
    "cen_loss": 3.9954145347595214,
    "cen_accuracy": 0.1138
  },
  "12": {
    "cen_loss": 1.7916360586166382,
    "cen_accuracy": 0.3472
  },
  "13": {
    "cen_loss": 2.9292218984603884,
    "cen_accuracy": 0.2057
  },
  "14": {
    "cen_loss": 4.325000471115112,
    "cen_accuracy": 0.1359
  },
  "15": {
    "cen_loss": 2.368655595588684,
    "cen_accuracy": 0.3231
  },
  "16": {
    "cen_loss": 1.8682575695037842,
    "cen_accuracy": 0.3441
  },
  "17": {
    "cen_loss": 1.5574957882881164,
    "cen_accuracy": 0.4182
  },
  "18": {
    "cen_loss": 1.8406002949714662,
    "cen_accuracy": 0.3956
  },
  "19": {
    "cen_loss": 2.2759403476715088,
    "cen_accuracy": 0.3309
  },
  "20": {
    "cen_loss": 1.839386191368103,
    "cen_accuracy": 0.3996
  },
  "21": {
    "cen_loss": 1.975620202255249,
    "cen_accuracy": 0.4188
  },
  "22": {
    "cen_loss": 1.3811973958015442,
    "cen_accuracy": 0.5192
  },
  "23": {
    "cen_loss": 2.194828581905365,
    "cen_accuracy": 0.349
  },
  "24": {
    "cen_loss": 1.66189796667099,
    "cen_accuracy": 0.4539
  },
  "25": {
    "cen_loss": 1.3648282667160034,
    "cen_accuracy": 0.521
  },
  "26": {
    "cen_loss": 1.2507488198280334,
    "cen_accuracy": 0.5493
  },
  "27": {
    "cen_loss": 1.6875745995521545,
    "cen_accuracy": 0.3915
  },
  "28": {
    "cen_loss": 1.6521116234779358,
    "cen_accuracy": 0.4597
  },
  "29": {
    "cen_loss": 1.3082864554405211,
    "cen_accuracy": 0.5291
  },
  "30": {
    "cen_loss": 1.236095813179016,
    "cen_accuracy": 0.5755
  },
  "31": {
    "cen_loss": 1.8931737238883972,
    "cen_accuracy": 0.4206
  },
  "32": {
    "cen_loss": 1.4742267846107482,
    "cen_accuracy": 0.4978
  },
  "33": {
    "cen_loss": 1.3262085302352906,
    "cen_accuracy": 0.5307
  },
  "34": {
    "cen_loss": 1.7951255272865296,
    "cen_accuracy": 0.4379
  },
  "35": {
    "cen_loss": 1.6023537075042724,
    "cen_accuracy": 0.4516
  },
  "36": {
    "cen_loss": 1.6825719065666198,
    "cen_accuracy": 0.4813
  },
  "37": {
    "cen_loss": 1.584462446784973,
    "cen_accuracy": 0.5004
  },
  "38": {
    "cen_loss": 1.3297788975715636,
    "cen_accuracy": 0.56
  },
  "39": {
    "cen_loss": 1.3270174386978149,
    "cen_accuracy": 0.5495
  },
  "40": {
    "cen_loss": 1.5241837923049926,
    "cen_accuracy": 0.5028
  },
  "41": {
    "cen_loss": 2.0054552792549134,
    "cen_accuracy": 0.4439
  },
  "42": {
    "cen_loss": 1.3992064053535462,
    "cen_accuracy": 0.5845
  },
  "43": {
    "cen_loss": 1.2643160971164704,
    "cen_accuracy": 0.5796
  },
  "44": {
    "cen_loss": 1.1076961135864258,
    "cen_accuracy": 0.6045
  },
  "45": {
    "cen_loss": 1.247636684036255,
    "cen_accuracy": 0.5792
  },
  "46": {
    "cen_loss": 1.9150495041370392,
    "cen_accuracy": 0.5124
  },
  "47": {
    "cen_loss": 1.514267655992508,
    "cen_accuracy": 0.5401
  },
  "48": {
    "cen_loss": 1.4784658319473267,
    "cen_accuracy": 0.5088
  },
  "49": {
    "cen_loss": 1.4853092308998108,
    "cen_accuracy": 0.5071
  },
  "50": {
    "cen_loss": 1.2832853281021117,
    "cen_accuracy": 0.5462
  },
  "51": {
    "cen_loss": 1.2896889121055604,
    "cen_accuracy": 0.534
  },
  "52": {
    "cen_loss": 1.4637648572921753,
    "cen_accuracy": 0.5279
  },
  "53": {
    "cen_loss": 1.5568660435676576,
    "cen_accuracy": 0.483
  },
  "54": {
    "cen_loss": 1.179316201686859,
    "cen_accuracy": 0.5978
  },
  "55": {
    "cen_loss": 1.2640212972164153,
    "cen_accuracy": 0.5712
  },
  "56": {
    "cen_loss": 1.362306062412262,
    "cen_accuracy": 0.5118
  },
  "57": {
    "cen_loss": 1.1261022581100464,
    "cen_accuracy": 0.6073
  },
  "58": {
    "cen_loss": 1.1033936052799225,
    "cen_accuracy": 0.6193
  },
  "59": {
    "cen_loss": 1.242590494441986,
    "cen_accuracy": 0.596
  },
  "60": {
    "cen_loss": 1.4205122621059418,
    "cen_accuracy": 0.5358
  },
  "61": {
    "cen_loss": 1.2346553552627564,
    "cen_accuracy": 0.6006
  },
  "62": {
    "cen_loss": 1.591607383966446,
    "cen_accuracy": 0.5507
  },
  "63": {
    "cen_loss": 1.5074639313697815,
    "cen_accuracy": 0.5483
  },
  "64": {
    "cen_loss": 1.319666614961624,
    "cen_accuracy": 0.5699
  },
  "65": {
    "cen_loss": 1.2347064287662506,
    "cen_accuracy": 0.5848
  },
  "66": {
    "cen_loss": 1.1961338114738465,
    "cen_accuracy": 0.5818
  },
  "67": {
    "cen_loss": 1.0485554142951965,
    "cen_accuracy": 0.6356
  },
  "68": {
    "cen_loss": 1.2342202164173126,
    "cen_accuracy": 0.5975
  },
  "69": {
    "cen_loss": 1.1232057608127595,
    "cen_accuracy": 0.6107
  },
  "70": {
    "cen_loss": 1.2788629100322724,
    "cen_accuracy": 0.5801
  },
  "71": {
    "cen_loss": 1.3531965916633606,
    "cen_accuracy": 0.5801
  },
  "72": {
    "cen_loss": 1.3430103723526001,
    "cen_accuracy": 0.6032
  },
  "73": {
    "cen_loss": 1.1000710297107696,
    "cen_accuracy": 0.6237
  },
  "74": {
    "cen_loss": 1.301327731513977,
    "cen_accuracy": 0.5809
  },
  "75": {
    "cen_loss": 1.395059361600876,
    "cen_accuracy": 0.5507
  },
  "76": {
    "cen_loss": 1.1256309345960618,
    "cen_accuracy": 0.6272
  },
  "77": {
    "cen_loss": 1.0128225860118867,
    "cen_accuracy": 0.6539
  },
  "78": {
    "cen_loss": 1.387770839691162,
    "cen_accuracy": 0.5727
  },
  "79": {
    "cen_loss": 1.4806161085367202,
    "cen_accuracy": 0.5787
  },
  "80": {
    "cen_loss": 1.3548655291080476,
    "cen_accuracy": 0.5984
  },
  "81": {
    "cen_loss": 1.2185070313453674,
    "cen_accuracy": 0.6559
  },
  "82": {
    "cen_loss": 1.4831618385314942,
    "cen_accuracy": 0.5459
  },
  "83": {
    "cen_loss": 1.2378459912776947,
    "cen_accuracy": 0.6336
  },
  "84": {
    "cen_loss": 1.3254611001968384,
    "cen_accuracy": 0.5634
  },
  "85": {
    "cen_loss": 1.3486957129955293,
    "cen_accuracy": 0.5692
  },
  "86": {
    "cen_loss": 1.3160371665954589,
    "cen_accuracy": 0.5986
  },
  "87": {
    "cen_loss": 1.2111930153369903,
    "cen_accuracy": 0.6292
  },
  "88": {
    "cen_loss": 1.3921438339233398,
    "cen_accuracy": 0.595
  },
  "89": {
    "cen_loss": 0.9815729950904846,
    "cen_accuracy": 0.6669
  },
  "90": {
    "cen_loss": 1.4143907037258148,
    "cen_accuracy": 0.5635
  },
  "91": {
    "cen_loss": 1.203596366071701,
    "cen_accuracy": 0.5741
  },
  "92": {
    "cen_loss": 1.6106732437133788,
    "cen_accuracy": 0.5202
  },
  "93": {
    "cen_loss": 1.2056131602764129,
    "cen_accuracy": 0.6147
  },
  "94": {
    "cen_loss": 1.1842268884181977,
    "cen_accuracy": 0.6382
  },
  "95": {
    "cen_loss": 1.0576607421398163,
    "cen_accuracy": 0.6399
  },
  "96": {
    "cen_loss": 1.5023461668014526,
    "cen_accuracy": 0.5379
  },
  "97": {
    "cen_loss": 1.0816447301864625,
    "cen_accuracy": 0.6731
  },
  "98": {
    "cen_loss": 1.7846208596229554,
    "cen_accuracy": 0.4677
  },
  "99": {
    "cen_loss": 1.1298973813056945,
    "cen_accuracy": 0.6198
  },
  "100": {
    "cen_loss": 1.2953462868213654,
    "cen_accuracy": 0.571
  },
  "101": {
    "cen_loss": 1.2086416087150573,
    "cen_accuracy": 0.6219
  }
}