{
  "0": {
    "cen_loss": 2.302704164505005,
    "cen_accuracy": 0.101375
  },
  "1": {
    "cen_loss": 2.302704164505005,
    "cen_accuracy": 0.101375
  },
  "2": {
    "cen_loss": 2.4078154544830324,
    "cen_accuracy": 0.09975
  },
  "3": {
    "cen_loss": 2.4092428874969483,
    "cen_accuracy": 0.10125
  },
  "4": {
    "cen_loss": 2.624687559127808,
    "cen_accuracy": 0.101125
  },
  "5": {
    "cen_loss": 2.8494032497406008,
    "cen_accuracy": 0.10125
  },
  "6": {
    "cen_loss": 2.394799367904663,
    "cen_accuracy": 0.101125
  },
  "7": {
    "cen_loss": 2.5447165546417234,
    "cen_accuracy": 0.099375
  },
  "8": {
    "cen_loss": 2.3781162395477295,
    "cen_accuracy": 0.098125
  },
  "9": {
    "cen_loss": 3.5140806522369386,
    "cen_accuracy": 0.09975
  },
  "10": {
    "cen_loss": 2.5946895389556883,
    "cen_accuracy": 0.160625
  },
  "11": {
    "cen_loss": 2.5946895389556883,
    "cen_accuracy": 0.160625
  },
  "12": {
    "cen_loss": 2.357493860244751,
    "cen_accuracy": 0.188
  },
  "13": {
    "cen_loss": 2.220140790939331,
    "cen_accuracy": 0.21475
  },
  "14": {
    "cen_loss": 2.303654147148132,
    "cen_accuracy": 0.239875
  },
  "15": {
    "cen_loss": 2.4148524208068847,
    "cen_accuracy": 0.215
  },
  "16": {
    "cen_loss": 2.5651072597503664,
    "cen_accuracy": 0.159
  },
  "17": {
    "cen_loss": 2.2189237565994264,
    "cen_accuracy": 0.347375
  },
  "18": {
    "cen_loss": 2.4306184549331666,
    "cen_accuracy": 0.283625
  },
  "19": {
    "cen_loss": 2.6128149061203003,
    "cen_accuracy": 0.298
  },
  "20": {
    "cen_loss": 3.151827583312988,
    "cen_accuracy": 0.2815
  },
  "21": {
    "cen_loss": 2.6912790641784667,
    "cen_accuracy": 0.24525
  },
  "22": {
    "cen_loss": 2.454283339500427,
    "cen_accuracy": 0.261375
  },
  "23": {
    "cen_loss": 2.532790988922119,
    "cen_accuracy": 0.271875
  },
  "24": {
    "cen_loss": 2.1111429529190064,
    "cen_accuracy": 0.306375
  },
  "25": {
    "cen_loss": 2.552866527557373,
    "cen_accuracy": 0.268375
  },
  "26": {
    "cen_loss": 2.5079925270080565,
    "cen_accuracy": 0.2895
  },
  "27": {
    "cen_loss": 2.2519547567367555,
    "cen_accuracy": 0.33575
  },
  "28": {
    "cen_loss": 2.3617197637557985,
    "cen_accuracy": 0.297125
  },
  "29": {
    "cen_loss": 1.920599648475647,
    "cen_accuracy": 0.366125
  },
  "30": {
    "cen_loss": 2.072017719268799,
    "cen_accuracy": 0.385
  },
  "31": {
    "cen_loss": 2.231270118713379,
    "cen_accuracy": 0.304875
  },
  "32": {
    "cen_loss": 2.672935266494751,
    "cen_accuracy": 0.28575
  },
  "33": {
    "cen_loss": 2.4350282306671143,
    "cen_accuracy": 0.325125
  },
  "34": {
    "cen_loss": 2.2996489143371583,
    "cen_accuracy": 0.3125
  },
  "35": {
    "cen_loss": 2.0619962558746336,
    "cen_accuracy": 0.324875
  },
  "36": {
    "cen_loss": 1.8646801433563231,
    "cen_accuracy": 0.365875
  },
  "37": {
    "cen_loss": 1.988676290512085,
    "cen_accuracy": 0.380875
  },
  "38": {
    "cen_loss": 1.7009844703674317,
    "cen_accuracy": 0.380875
  },
  "39": {
    "cen_loss": 2.001294430732727,
    "cen_accuracy": 0.405125
  },
  "40": {
    "cen_loss": 1.9182441968917847,
    "cen_accuracy": 0.437125
  },
  "41": {
    "cen_loss": 2.0885137214660645,
    "cen_accuracy": 0.361375
  },
  "42": {
    "cen_loss": 2.104405041694641,
    "cen_accuracy": 0.388
  },
  "43": {
    "cen_loss": 2.2221180267333986,
    "cen_accuracy": 0.350875
  },
  "44": {
    "cen_loss": 2.341994294166565,
    "cen_accuracy": 0.344
  },
  "45": {
    "cen_loss": 1.7934590854644776,
    "cen_accuracy": 0.374875
  },
  "46": {
    "cen_loss": 2.087727533340454,
    "cen_accuracy": 0.37325
  },
  "47": {
    "cen_loss": 1.7178938045501708,
    "cen_accuracy": 0.384
  },
  "48": {
    "cen_loss": 1.6634148597717284,
    "cen_accuracy": 0.42125
  },
  "49": {
    "cen_loss": 2.4279657640457155,
    "cen_accuracy": 0.28775
  },
  "50": {
    "cen_loss": 2.4380525398254393,
    "cen_accuracy": 0.317125
  },
  "51": {
    "cen_loss": 1.7017603940963746,
    "cen_accuracy": 0.451375
  },
  "52": {
    "cen_loss": 2.0452475128173826,
    "cen_accuracy": 0.34725
  },
  "53": {
    "cen_loss": 1.7895881433486938,
    "cen_accuracy": 0.386625
  },
  "54": {
    "cen_loss": 2.14393874168396,
    "cen_accuracy": 0.37225
  },
  "55": {
    "cen_loss": 1.851948055267334,
    "cen_accuracy": 0.373
  },
  "56": {
    "cen_loss": 2.436317455291748,
    "cen_accuracy": 0.29075
  },
  "57": {
    "cen_loss": 2.026823484420776,
    "cen_accuracy": 0.372625
  },
  "58": {
    "cen_loss": 2.0255906314849854,
    "cen_accuracy": 0.362375
  },
  "59": {
    "cen_loss": 1.6311534452438354,
    "cen_accuracy": 0.46725
  },
  "60": {
    "cen_loss": 1.6584122304916382,
    "cen_accuracy": 0.470375
  },
  "61": {
    "cen_loss": 2.0711186208724977,
    "cen_accuracy": 0.358625
  },
  "62": {
    "cen_loss": 1.8024121046066284,
    "cen_accuracy": 0.405375
  },
  "63": {
    "cen_loss": 1.9068326644897462,
    "cen_accuracy": 0.401125
  },
  "64": {
    "cen_loss": 2.013421703338623,
    "cen_accuracy": 0.411375
  },
  "65": {
    "cen_loss": 1.8203191041946412,
    "cen_accuracy": 0.41775
  },
  "66": {
    "cen_loss": 1.8419677114486694,
    "cen_accuracy": 0.40875
  },
  "67": {
    "cen_loss": 1.6078580770492554,
    "cen_accuracy": 0.469875
  },
  "68": {
    "cen_loss": 1.8018491611480714,
    "cen_accuracy": 0.4005
  },
  "69": {
    "cen_loss": 1.5204106855392456,
    "cen_accuracy": 0.487875
  },
  "70": {
    "cen_loss": 1.5479280729293823,
    "cen_accuracy": 0.497375
  },
  "71": {
    "cen_loss": 1.5779574117660522,
    "cen_accuracy": 0.439625
  },
  "72": {
    "cen_loss": 2.1086050090789796,
    "cen_accuracy": 0.3745
  },
  "73": {
    "cen_loss": 1.674267370223999,
    "cen_accuracy": 0.4395
  },
  "74": {
    "cen_loss": 1.9358530969619752,
    "cen_accuracy": 0.424
  },
  "75": {
    "cen_loss": 1.8004020614624023,
    "cen_accuracy": 0.433625
  },
  "76": {
    "cen_loss": 1.9171574153900146,
    "cen_accuracy": 0.3995
  },
  "77": {
    "cen_loss": 1.7240253133773804,
    "cen_accuracy": 0.399125
  },
  "78": {
    "cen_loss": 1.8425576295852661,
    "cen_accuracy": 0.400875
  },
  "79": {
    "cen_loss": 1.7300780773162843,
    "cen_accuracy": 0.440125
  },
  "80": {
    "cen_loss": 1.7996156330108644,
    "cen_accuracy": 0.45025
  },
  "81": {
    "cen_loss": 1.6140696315765382,
    "cen_accuracy": 0.481875
  },
  "82": {
    "cen_loss": 1.5827309980392457,
    "cen_accuracy": 0.454125
  },
  "83": {
    "cen_loss": 2.0165463161468504,
    "cen_accuracy": 0.345125
  },
  "84": {
    "cen_loss": 1.8485210647583008,
    "cen_accuracy": 0.411125
  },
  "85": {
    "cen_loss": 1.8941787481307983,
    "cen_accuracy": 0.41175
  },
  "86": {
    "cen_loss": 1.899701828956604,
    "cen_accuracy": 0.396875
  },
  "87": {
    "cen_loss": 2.1005733852386475,
    "cen_accuracy": 0.37625
  },
  "88": {
    "cen_loss": 1.6809203367233276,
    "cen_accuracy": 0.443875
  },
  "89": {
    "cen_loss": 2.227024203300476,
    "cen_accuracy": 0.4045
  },
  "90": {
    "cen_loss": 2.143336495399475,
    "cen_accuracy": 0.41725
  },
  "91": {
    "cen_loss": 1.6076425857543946,
    "cen_accuracy": 0.449875
  },
  "92": {
    "cen_loss": 1.6244884452819823,
    "cen_accuracy": 0.444625
  },
  "93": {
    "cen_loss": 1.745618618965149,
    "cen_accuracy": 0.409
  },
  "94": {
    "cen_loss": 1.8991921491622925,
    "cen_accuracy": 0.425875
  },
  "95": {
    "cen_loss": 1.9497522497177124,
    "cen_accuracy": 0.386875
  },
  "96": {
    "cen_loss": 1.8002253561019896,
    "cen_accuracy": 0.4665
  },
  "97": {
    "cen_loss": 1.8586357431411744,
    "cen_accuracy": 0.4175
  },
  "98": {
    "cen_loss": 1.947797519683838,
    "cen_accuracy": 0.37925
  },
  "99": {
    "cen_loss": 1.8483528490066528,
    "cen_accuracy": 0.388375
  },
  "100": {
    "cen_loss": 1.8115910549163818,
    "cen_accuracy": 0.4225
  },