{
  "0": {
    "cen_loss": 2.3026429710388183,
    "cen_accuracy": 0.100125
  },
  "1": {
    "cen_loss": 2.3026429710388183,
    "cen_accuracy": 0.100125
  },
  "2": {
    "cen_loss": 2.3405948905944824,
    "cen_accuracy": 0.099875
  },
  "3": {
    "cen_loss": 2.417110366821289,
    "cen_accuracy": 0.10075
  },
  "4": {
    "cen_loss": 2.57898921585083,
    "cen_accuracy": 0.100375
  },
  "5": {
    "cen_loss": 2.8774077758789063,
    "cen_accuracy": 0.100375
  },
  "6": {
    "cen_loss": 3.018143259048462,
    "cen_accuracy": 0.103625
  },
  "7": {
    "cen_loss": 2.715448938369751,
    "cen_accuracy": 0.10975
  },
  "8": {
    "cen_loss": 2.687595724105835,
    "cen_accuracy": 0.12725
  },
  "9": {
    "cen_loss": 2.527791114807129,
    "cen_accuracy": 0.133
  },
  "10": {
    "cen_loss": 1.8291951971054077,
    "cen_accuracy": 0.3145
  },
  "11": {
    "cen_loss": 1.9895151863098144,
    "cen_accuracy": 0.240125
  },
  "12": {
    "cen_loss": 1.885874870300293,
    "cen_accuracy": 0.303625
  },
  "13": {
    "cen_loss": 1.7771426181793213,
    "cen_accuracy": 0.349
  },
  "14": {
    "cen_loss": 1.7323057136535644,
    "cen_accuracy": 0.40175
  },
  "15": {
    "cen_loss": 1.7871417331695556,
    "cen_accuracy": 0.374625
  },
  "16": {
    "cen_loss": 1.7186227254867554,
    "cen_accuracy": 0.412875
  },
  "17": {
    "cen_loss": 1.6150181760787965,
    "cen_accuracy": 0.448375
  },
  "18": {
    "cen_loss": 1.597817011833191,
    "cen_accuracy": 0.455625
  },
  "19": {
    "cen_loss": 1.645092604637146,
    "cen_accuracy": 0.4605
  },
  "20": {
    "cen_loss": 1.779569429397583,
    "cen_accuracy": 0.47625
  },
  "21": {
    "cen_loss": 1.6869129009246826,
    "cen_accuracy": 0.47225
  },
  "22": {
    "cen_loss": 1.7410955200195313,
    "cen_accuracy": 0.45025
  },
  "23": {
    "cen_loss": 1.6624523811340333,
    "cen_accuracy": 0.476375
  },
  "24": {
    "cen_loss": 1.664121485710144,
    "cen_accuracy": 0.47925
  },
  "25": {
    "cen_loss": 1.7614464683532716,
    "cen_accuracy": 0.465
  },
  "26": {
    "cen_loss": 1.651738408088684,
    "cen_accuracy": 0.486125
  },
  "27": {
    "cen_loss": 1.6539306087493897,
    "cen_accuracy": 0.487125
  },
  "28": {
    "cen_loss": 1.5856865110397338,
    "cen_accuracy": 0.501
  },
  "29": {
    "cen_loss": 1.6753625583648681,
    "cen_accuracy": 0.49775
  },
  "30": {
    "cen_loss": 1.9786166124343871,
    "cen_accuracy": 0.476625
  },
  "31": {
    "cen_loss": 1.516695318698883,
    "cen_accuracy": 0.516125
  },
  "32": {
    "cen_loss": 1.5959563598632813,
    "cen_accuracy": 0.502625
  },
  "33": {
    "cen_loss": 1.632728874206543,
    "cen_accuracy": 0.50825
  },
  "34": {
    "cen_loss": 1.6110968527793885,
    "cen_accuracy": 0.507
  },
  "35": {
    "cen_loss": 1.5374377450942993,
    "cen_accuracy": 0.532625
  },
  "36": {
    "cen_loss": 1.4603912596702575,
    "cen_accuracy": 0.540875
  },
  "37": {
    "cen_loss": 1.5297720975875855,
    "cen_accuracy": 0.53625
  },
  "38": {
    "cen_loss": 1.5915805106163026,
    "cen_accuracy": 0.525375
  },
  "39": {
    "cen_loss": 1.5956661958694458,
    "cen_accuracy": 0.517625
  },
  "40": {
    "cen_loss": 1.7534284105300904,
    "cen_accuracy": 0.529625
  },
  "41": {
    "cen_loss": 1.4774660663604737,
    "cen_accuracy": 0.5385
  },
  "42": {
    "cen_loss": 1.5259236726760865,
    "cen_accuracy": 0.53525
  },
  "43": {
    "cen_loss": 1.4480957012176514,
    "cen_accuracy": 0.55475
  },
  "44": {
    "cen_loss": 1.4298600125312806,
    "cen_accuracy": 0.5645
  },
  "45": {
    "cen_loss": 1.4060125517845155,
    "cen_accuracy": 0.561625
  },
  "46": {
    "cen_loss": 1.467672275543213,
    "cen_accuracy": 0.568625
  },
  "47": {
    "cen_loss": 1.4330556297302246,
    "cen_accuracy": 0.56175
  },
  "48": {
    "cen_loss": 1.4703911237716676,
    "cen_accuracy": 0.556
  },
  "49": {
    "cen_loss": 1.4235179343223572,
    "cen_accuracy": 0.57575
  },
  "50": {
    "cen_loss": 1.600684859752655,
    "cen_accuracy": 0.57325
  },
  "51": {
    "cen_loss": 1.4784799032211304,
    "cen_accuracy": 0.57
  },
  "52": {
    "cen_loss": 1.5469942998886108,
    "cen_accuracy": 0.5495
  },
  "53": {
    "cen_loss": 1.3678525590896606,
    "cen_accuracy": 0.5845
  },
  "54": {
    "cen_loss": 1.458297001838684,
    "cen_accuracy": 0.572625
  },
  "55": {
    "cen_loss": 1.4433524298667908,
    "cen_accuracy": 0.568
  },
  "56": {
    "cen_loss": 1.391722260951996,
    "cen_accuracy": 0.573
  },
  "57": {
    "cen_loss": 1.4065687608718873,
    "cen_accuracy": 0.583125
  },
  "58": {
    "cen_loss": 1.3435602021217345,
    "cen_accuracy": 0.58525
  },
  "59": {
    "cen_loss": 1.521883427619934,
    "cen_accuracy": 0.559375
  },
  "60": {
    "cen_loss": 1.7069396834373474,
    "cen_accuracy": 0.557375
  },
  "61": {
    "cen_loss": 1.4097852191925049,
    "cen_accuracy": 0.573125
  },
  "62": {
    "cen_loss": 1.391945737361908,
    "cen_accuracy": 0.581875
  },
  "63": {
    "cen_loss": 1.4217288680076599,
    "cen_accuracy": 0.58
  },
  "64": {
    "cen_loss": 1.4171585416793824,
    "cen_accuracy": 0.581
  },
  "65": {
    "cen_loss": 1.325743537902832,
    "cen_accuracy": 0.590125
  },
  "66": {
    "cen_loss": 1.3894058332443238,
    "cen_accuracy": 0.589625
  },
  "67": {
    "cen_loss": 1.4329928159713745,
    "cen_accuracy": 0.575875
  },
  "68": {
    "cen_loss": 1.4547362442016603,
    "cen_accuracy": 0.572375
  },
  "69": {
    "cen_loss": 1.3453036251068116,
    "cen_accuracy": 0.60225
  },
  "70": {
    "cen_loss": 1.525130320072174,
    "cen_accuracy": 0.5965
  },
  "71": {
    "cen_loss": 1.4160765409469604,
    "cen_accuracy": 0.593
  },
  "72": {
    "cen_loss": 1.3275145568847657,
    "cen_accuracy": 0.5975
  },
  "73": {
    "cen_loss": 1.567542326927185,
    "cen_accuracy": 0.56175
  },
  "74": {
    "cen_loss": 1.3476477451324462,
    "cen_accuracy": 0.5995
  },
  "75": {
    "cen_loss": 1.3422502126693725,
    "cen_accuracy": 0.59425
  },
  "76": {
    "cen_loss": 1.3221682829856873,
    "cen_accuracy": 0.59475
  },
  "77": {
    "cen_loss": 1.374548176765442,
    "cen_accuracy": 0.604125
  },
  "78": {
    "cen_loss": 1.4171143670082091,
    "cen_accuracy": 0.58575
  },
  "79": {
    "cen_loss": 1.3503546986579895,
    "cen_accuracy": 0.609625
  },
  "80": {
    "cen_loss": 1.5334661417007447,
    "cen_accuracy": 0.607625
  },
  "81": {
    "cen_loss": 1.3119803566932677,
    "cen_accuracy": 0.607125
  },
  "82": {
    "cen_loss": 1.3610546283721925,
    "cen_accuracy": 0.608
  },
  "83": {
    "cen_loss": 1.3254267015457153,
    "cen_accuracy": 0.603875
  },
  "84": {
    "cen_loss": 1.3024456992149354,
    "cen_accuracy": 0.600375
  },
  "85": {
    "cen_loss": 1.4050310544967652,
    "cen_accuracy": 0.59725
  },
  "86": {
    "cen_loss": 1.3747050395011902,
    "cen_accuracy": 0.594
  },
  "87": {
    "cen_loss": 1.3006009545326234,
    "cen_accuracy": 0.619
  },
  "88": {
    "cen_loss": 1.3209978413581849,
    "cen_accuracy": 0.604875
  },
  "89": {
    "cen_loss": 1.3385375776290893,
    "cen_accuracy": 0.596125
  },
  "90": {
    "cen_loss": 1.5313953866958618,
    "cen_accuracy": 0.5905
  },
  "91": {
    "cen_loss": 1.5313953866958618,
    "cen_accuracy": 0.5905
  },
  "92": {
    "cen_loss": 1.3397259278297424,
    "cen_accuracy": 0.602625
  },
  "93": {
    "cen_loss": 1.282740122795105,
    "cen_accuracy": 0.610125
  },
  "94": {
    "cen_loss": 1.3632840633392334,
    "cen_accuracy": 0.607
  },
  "95": {
    "cen_loss": 1.291511791229248,
    "cen_accuracy": 0.610375
  },
  "96": {
    "cen_loss": 1.321072337627411,
    "cen_accuracy": 0.605625
  },
  "97": {
    "cen_loss": 1.3484364490509033,
    "cen_accuracy": 0.60975
  },
  "98": {
    "cen_loss": 1.3244089436531068,
    "cen_accuracy": 0.60075
  },
  "99": {
    "cen_loss": 1.3427602915763854,
    "cen_accuracy": 0.607875
  },
  "100": {
    "cen_loss": 1.4393469314575196,
    "cen_accuracy": 0.61475
  },
  "101": {
    "cen_loss": 1.3429488658905029,