{
  "0": {
    "cen_loss": 2.3026429710388183,
    "cen_accuracy": 0.100125
  },
  "1": {
    "cen_loss": 2.3026429710388183,
    "cen_accuracy": 0.100125
  },
  "2": {
    "cen_loss": 2.340151008605957,
    "cen_accuracy": 0.10075
  },
  "3": {
    "cen_loss": 2.5622234191894533,
    "cen_accuracy": 0.100375
  },
  "4": {
    "cen_loss": 2.553896970748901,
    "cen_accuracy": 0.100375
  },
  "5": {
    "cen_loss": 2.60906298828125,
    "cen_accuracy": 0.0985
  },
  "6": {
    "cen_loss": 2.693937238693237,
    "cen_accuracy": 0.101375
  },
  "7": {
    "cen_loss": 2.9617812461853026,
    "cen_accuracy": 0.101375
  },
  "8": {
    "cen_loss": 2.6887403335571287,
    "cen_accuracy": 0.101125
  },
  "9": {
    "cen_loss": 2.7816269512176515,
    "cen_accuracy": 0.135625
  },
  "10": {
    "cen_loss": 1.9625055322647094,
    "cen_accuracy": 0.301125
  },
  "11": {
    "cen_loss": 2.1254399042129517,
    "cen_accuracy": 0.2275
  },
  "12": {
    "cen_loss": 1.9173747034072877,
    "cen_accuracy": 0.2955
  },
  "13": {
    "cen_loss": 1.8319232301712036,
    "cen_accuracy": 0.328
  },
  "14": {
    "cen_loss": 1.6950949125289918,
    "cen_accuracy": 0.384875
  },
  "15": {
    "cen_loss": 1.590171248435974,
    "cen_accuracy": 0.42625
  },
  "16": {
    "cen_loss": 1.7383978652954102,
    "cen_accuracy": 0.371375
  },
  "17": {
    "cen_loss": 1.7887087564468385,
    "cen_accuracy": 0.42325
  },
  "18": {
    "cen_loss": 1.7114743356704711,
    "cen_accuracy": 0.44575
  },
  "19": {
    "cen_loss": 1.6255203037261963,
    "cen_accuracy": 0.459
  },
  "20": {
    "cen_loss": 1.8031689538955689,
    "cen_accuracy": 0.47925
  },
  "21": {
    "cen_loss": 1.6610197696685791,
    "cen_accuracy": 0.452875
  },
  "22": {
    "cen_loss": 1.689237533569336,
    "cen_accuracy": 0.459875
  },
  "23": {
    "cen_loss": 1.700480362892151,
    "cen_accuracy": 0.454875
  },
  "24": {
    "cen_loss": 1.6147221508026124,
    "cen_accuracy": 0.49125
  },
  "25": {
    "cen_loss": 1.5425034580230712,
    "cen_accuracy": 0.4935
  },
  "26": {
    "cen_loss": 1.5873808116912842,
    "cen_accuracy": 0.498375
  },
  "27": {
    "cen_loss": 1.706528434753418,
    "cen_accuracy": 0.482
  },
  "28": {
    "cen_loss": 1.5653996086120605,
    "cen_accuracy": 0.5155
  },
  "29": {
    "cen_loss": 1.5145499982833863,
    "cen_accuracy": 0.509
  },
  "30": {
    "cen_loss": 1.7111598110198976,
    "cen_accuracy": 0.51425
  },
  "31": {
    "cen_loss": 1.623974678993225,
    "cen_accuracy": 0.49825
  },
  "32": {
    "cen_loss": 1.5509721384048463,
    "cen_accuracy": 0.508875
  },
  "33": {
    "cen_loss": 1.5710696353912355,
    "cen_accuracy": 0.509875
  },
  "34": {
    "cen_loss": 1.4882435617446899,
    "cen_accuracy": 0.530125
  },
  "35": {
    "cen_loss": 1.5054153289794923,
    "cen_accuracy": 0.517
  },
  "36": {
    "cen_loss": 1.5303179054260254,
    "cen_accuracy": 0.527
  },
  "37": {
    "cen_loss": 1.554485375404358,
    "cen_accuracy": 0.517625
  },
  "38": {
    "cen_loss": 1.6521019496917724,
    "cen_accuracy": 0.495375
  },
  "39": {
    "cen_loss": 1.469647509098053,
    "cen_accuracy": 0.54125
  },
  "40": {
    "cen_loss": 1.6398163509368897,
    "cen_accuracy": 0.547625
  },
  "41": {
    "cen_loss": 1.4628541326522828,
    "cen_accuracy": 0.54475
  },
  "42": {
    "cen_loss": 1.4111444458961486,
    "cen_accuracy": 0.560375
  },
  "43": {
    "cen_loss": 1.5556898641586303,
    "cen_accuracy": 0.523
  },
  "44": {
    "cen_loss": 1.4494119033813477,
    "cen_accuracy": 0.5575
  },
  "45": {
    "cen_loss": 1.4921125855445863,
    "cen_accuracy": 0.5485
  },
  "46": {
    "cen_loss": 1.4600387477874757,
    "cen_accuracy": 0.54925
  },
  "47": {
    "cen_loss": 1.3816324920654297,
    "cen_accuracy": 0.5735
  },
  "48": {
    "cen_loss": 1.3829040880203247,
    "cen_accuracy": 0.5755
  },
  "49": {
    "cen_loss": 1.4613638801574707,
    "cen_accuracy": 0.559
  },
  "50": {
    "cen_loss": 1.6768563585281373,
    "cen_accuracy": 0.550375
  },
  "51": {
    "cen_loss": 1.6768563585281373,
    "cen_accuracy": 0.550375
  },
  "52": {
    "cen_loss": 1.4974540963172913,
    "cen_accuracy": 0.546875
  },
  "53": {
    "cen_loss": 1.6429911251068114,
    "cen_accuracy": 0.52475
  },
  "54": {
    "cen_loss": 1.4144048991203308,
    "cen_accuracy": 0.5635
  },
  "55": {
    "cen_loss": 1.3974535436630249,
    "cen_accuracy": 0.569
  },
  "56": {
    "cen_loss": 1.405418291568756,
    "cen_accuracy": 0.56125
  },
  "57": {
    "cen_loss": 1.504878993034363,
    "cen_accuracy": 0.5515
  },
  "58": {
    "cen_loss": 1.4833214149475098,
    "cen_accuracy": 0.569625
  },
  "59": {
    "cen_loss": 1.4551646270751952,
    "cen_accuracy": 0.562625
  },
  "60": {
    "cen_loss": 1.605690052986145,
    "cen_accuracy": 0.57225
  },
  "61": {
    "cen_loss": 1.401573884010315,
    "cen_accuracy": 0.572625
  },
  "62": {
    "cen_loss": 1.446784222126007,
    "cen_accuracy": 0.572
  },
  "63": {
    "cen_loss": 1.3683901333808899,
    "cen_accuracy": 0.578125
  },
  "64": {
    "cen_loss": 1.366514081478119,
    "cen_accuracy": 0.571
  },
  "65": {
    "cen_loss": 1.3800102639198304,
    "cen_accuracy": 0.581125
  },
  "66": {
    "cen_loss": 1.3714284205436706,
    "cen_accuracy": 0.586125
  },
  "67": {
    "cen_loss": 1.365641408443451,
    "cen_accuracy": 0.58625
  },
  "68": {
    "cen_loss": 1.4256758589744567,
    "cen_accuracy": 0.576875
  },
  "69": {
    "cen_loss": 1.3486876001358032,
    "cen_accuracy": 0.588875
  },
  "70": {
    "cen_loss": 1.4726061182022094,
    "cen_accuracy": 0.593
  },
  "71": {
    "cen_loss": 1.528966980934143,
    "cen_accuracy": 0.568125
  },
  "72": {
    "cen_loss": 1.3613516006469726,
    "cen_accuracy": 0.590375
  },
  "73": {
    "cen_loss": 1.4566849217414857,
    "cen_accuracy": 0.564875
  },
  "74": {
    "cen_loss": 1.4508680758476258,
    "cen_accuracy": 0.582625
  },
  "75": {
    "cen_loss": 1.3962540588378907,
    "cen_accuracy": 0.579375
  },
  "76": {
    "cen_loss": 1.3043119564056396,
    "cen_accuracy": 0.594125
  },
  "77": {
    "cen_loss": 1.3323630108833313,
    "cen_accuracy": 0.601375
  },
  "78": {
    "cen_loss": 1.2543481636047362,
    "cen_accuracy": 0.608875
  },
  "79": {
    "cen_loss": 1.4532759890556335,
    "cen_accuracy": 0.583875
  },
  "80": {
    "cen_loss": 1.6754608221054077,
    "cen_accuracy": 0.568375
  },
  "81": {
    "cen_loss": 1.3566448168754577,
    "cen_accuracy": 0.590875
  },
  "82": {
    "cen_loss": 1.3507000274658203,
    "cen_accuracy": 0.590875
  },
  "83": {
    "cen_loss": 1.3657343182563781,
    "cen_accuracy": 0.599375
  },
  "84": {
    "cen_loss": 1.4218489780426025,
    "cen_accuracy": 0.57775
  },
  "85": {
    "cen_loss": 1.3144836468696595,
    "cen_accuracy": 0.604
  },
  "86": {
    "cen_loss": 1.3239302597045899,
    "cen_accuracy": 0.593
  },
  "87": {
    "cen_loss": 1.287356897354126,
    "cen_accuracy": 0.6095
  },
  "88": {
    "cen_loss": 1.3211574897766114,
    "cen_accuracy": 0.614375
  },
  "89": {
    "cen_loss": 1.3220959033966064,
    "cen_accuracy": 0.59775
  },
  "90": {
    "cen_loss": 1.436993502140045,
    "cen_accuracy": 0.600125
  },
  "91": {
    "cen_loss": 1.3304687585830688,
    "cen_accuracy": 0.601375
  },
  "92": {
    "cen_loss": 1.265016475200653,
    "cen_accuracy": 0.605625
  },
  "93": {
    "cen_loss": 1.381025839805603,
    "cen_accuracy": 0.604125
  },
  "94": {
    "cen_loss": 1.2954450221061706,
    "cen_accuracy": 0.619875
  },
  "95": {
    "cen_loss": 1.29799099111557,
    "cen_accuracy": 0.60975
  },
  "96": {
    "cen_loss": 1.26082590341568,
    "cen_accuracy": 0.617625
  },
  "97": {
    "cen_loss": 1.4197567358016967,
    "cen_accuracy": 0.59925
  },
  "98": {
    "cen_loss": 1.3156377367973329,
    "cen_accuracy": 0.602375
  },
  "99": {
    "cen_loss": 1.2360785694122314,
    "cen_accuracy": 0.62325
  },
  "100": {
    "cen_loss": 1.3669570288658142,
    "cen_accuracy": 0.616625
  },