{
  "0": {
    "cen_loss": 2.30270415186882,
    "cen_accuracy": 0.101375
  },
  "1": {
    "cen_loss": 2.30270415186882,
    "cen_accuracy": 0.101375
  },
  "2": {
    "cen_loss": 2.3730700777769087,
    "cen_accuracy": 0.09975
  },
  "3": {
    "cen_loss": 2.387980021119118,
    "cen_accuracy": 0.10125
  },
  "4": {
    "cen_loss": 2.3757063593864443,
    "cen_accuracy": 0.108625
  },
  "5": {
    "cen_loss": 2.368734564781189,
    "cen_accuracy": 0.101125
  },
  "6": {
    "cen_loss": 2.3669780554771425,
    "cen_accuracy": 0.101125
  },
  "7": {
    "cen_loss": 2.470429629802704,
    "cen_accuracy": 0.100875
  },
  "8": {
    "cen_loss": 2.42815266084671,
    "cen_accuracy": 0.099625
  },
  "9": {
    "cen_loss": 2.4261837663650514,
    "cen_accuracy": 0.101125
  },
  "10": {
    "cen_loss": 2.4222836900949476,
    "cen_accuracy": 0.10275
  },
  "11": {
    "cen_loss": 2.4222836900949476,
    "cen_accuracy": 0.10275
  },
  "12": {
    "cen_loss": 2.3658659427165984,
    "cen_accuracy": 0.1
  },
  "13": {
    "cen_loss": 2.443418102622032,
    "cen_accuracy": 0.098625
  },
  "14": {
    "cen_loss": 2.431134052991867,
    "cen_accuracy": 0.098625
  },
  "15": {
    "cen_loss": 2.3862012284994125,
    "cen_accuracy": 0.102
  },
  "16": {
    "cen_loss": 2.491237964272499,
    "cen_accuracy": 0.096
  },
  "17": {
    "cen_loss": 2.49643086206913,
    "cen_accuracy": 0.098625
  },
  "18": {
    "cen_loss": 2.396208548784256,
    "cen_accuracy": 0.100875
  },
  "19": {
    "cen_loss": 2.38794021320343,
    "cen_accuracy": 0.113875
  },
  "20": {
    "cen_loss": 2.3445289944410326,
    "cen_accuracy": 0.117125
  },
  "21": {
    "cen_loss": 2.3477890708446503,
    "cen_accuracy": 0.10075
  },
  "22": {
    "cen_loss": 2.4440712493658068,
    "cen_accuracy": 0.09975
  },
  "23": {
    "cen_loss": 2.3875687643289565,
    "cen_accuracy": 0.100875
  },
  "24": {
    "cen_loss": 2.37213308942318,
    "cen_accuracy": 0.106375
  },
  "25": {
    "cen_loss": 2.4604566302299498,
    "cen_accuracy": 0.1005
  },
  "26": {
    "cen_loss": 2.4904677430391313,
    "cen_accuracy": 0.099375
  },
  "27": {
    "cen_loss": 2.4207373116016386,
    "cen_accuracy": 0.10125
  },
  "28": {
    "cen_loss": 2.4018477901220323,
    "cen_accuracy": 0.082625
  },
  "29": {
    "cen_loss": 2.4581633940935137,
    "cen_accuracy": 0.097875
  },
  "30": {
    "cen_loss": 2.384244472742081,
    "cen_accuracy": 0.1055
  },
  "31": {
    "cen_loss": 2.3930254234075545,
    "cen_accuracy": 0.100375
  },
  "32": {
    "cen_loss": 2.363764935016632,
    "cen_accuracy": 0.1245
  },
  "33": {
    "cen_loss": 2.3781416113376617,
    "cen_accuracy": 0.10075
  },
  "34": {
    "cen_loss": 2.4763482263088226,
    "cen_accuracy": 0.0955
  },
  "35": {
    "cen_loss": 2.3911409667730332,
    "cen_accuracy": 0.10275
  },
  "36": {
    "cen_loss": 2.3374342960119248,
    "cen_accuracy": 0.1305
  },
  "37": {
    "cen_loss": 2.3379234342575073,
    "cen_accuracy": 0.100875
  },
  "38": {
    "cen_loss": 2.38449907207489,
    "cen_accuracy": 0.15725
  },
  "39": {
    "cen_loss": 2.335131045103073,
    "cen_accuracy": 0.11775
  },
  "40": {
    "cen_loss": 2.3002021025419235,
    "cen_accuracy": 0.158125
  },
  "41": {
    "cen_loss": 2.4421726067066194,
    "cen_accuracy": 0.14325
  },
  "42": {
    "cen_loss": 2.4705568137168883,
    "cen_accuracy": 0.101125
  },
  "43": {
    "cen_loss": 2.401703316926956,
    "cen_accuracy": 0.117
  },
  "44": {
    "cen_loss": 2.367307014465332,
    "cen_accuracy": 0.102375
  },
  "45": {
    "cen_loss": 2.4085434645414354,
    "cen_accuracy": 0.121375
  },
  "46": {
    "cen_loss": 2.5535039385557177,
    "cen_accuracy": 0.117875
  },
  "47": {
    "cen_loss": 2.70263070833683,
    "cen_accuracy": 0.099375
  },
  "48": {
    "cen_loss": 2.4602956943511964,
    "cen_accuracy": 0.10375
  },
  "49": {
    "cen_loss": 2.3933204103708268,
    "cen_accuracy": 0.102
  },
  "50": {
    "cen_loss": 2.3149309685230257,
    "cen_accuracy": 0.1545
  },
  "51": {
    "cen_loss": 2.448349865913391,
    "cen_accuracy": 0.0985
  },
  "52": {
    "cen_loss": 2.413321612238884,
    "cen_accuracy": 0.1
  },
  "53": {
    "cen_loss": 2.5351166880130767,
    "cen_accuracy": 0.09925
  },
  "54": {
    "cen_loss": 2.411128205895424,
    "cen_accuracy": 0.101
  },
  "55": {
    "cen_loss": 2.3634077162742613,
    "cen_accuracy": 0.1015
  },
  "56": {
    "cen_loss": 2.4070535016059877,
    "cen_accuracy": 0.1
  },
  "57": {
    "cen_loss": 2.5100722830295563,
    "cen_accuracy": 0.106375
  },
  "58": {
    "cen_loss": 2.4296033594608306,
    "cen_accuracy": 0.116375
  },
  "59": {
    "cen_loss": 2.5657173389196397,
    "cen_accuracy": 0.12475
  },
  "60": {
    "cen_loss": 2.6065581266880034,
    "cen_accuracy": 0.159
  },
  "61": {
    "cen_loss": 2.6063437390327455,
    "cen_accuracy": 0.101625
  },
  "62": {
    "cen_loss": 2.637398057103157,
    "cen_accuracy": 0.123875
  },
  "63": {
    "cen_loss": 2.5401857833862307,
    "cen_accuracy": 0.139375
  },
  "64": {
    "cen_loss": 2.346707315206528,
    "cen_accuracy": 0.167375
  },
  "65": {
    "cen_loss": 2.64222271835804,
    "cen_accuracy": 0.100125
  },
  "66": {
    "cen_loss": 2.4438134466409682,
    "cen_accuracy": 0.122125
  },
  "67": {
    "cen_loss": 2.6266189217567444,
    "cen_accuracy": 0.101375
  },
  "68": {
    "cen_loss": 2.660788958191872,
    "cen_accuracy": 0.10025
  },
  "69": {
    "cen_loss": 3.221414875984192,
    "cen_accuracy": 0.10125
  },
  "70": {
    "cen_loss": 3.234518252849579,
    "cen_accuracy": 0.112125
  },
  "71": {
    "cen_loss": 2.620967089176178,
    "cen_accuracy": 0.13325
  },
  "72": {
    "cen_loss": 2.5178846204280854,
    "cen_accuracy": 0.1225
  },
  "73": {
    "cen_loss": 2.6308248612880707,
    "cen_accuracy": 0.149125
  },
  "74": {
    "cen_loss": 3.1860886672735216,
    "cen_accuracy": 0.097875
  },
  "75": {
    "cen_loss": 2.3544290406703947,
    "cen_accuracy": 0.126375
  },
  "76": {
    "cen_loss": 2.493644243001938,
    "cen_accuracy": 0.100625
  },
  "77": {
    "cen_loss": 3.7491405671834945,
    "cen_accuracy": 0.098875
  },
  "78": {
    "cen_loss": 2.823037611246109,
    "cen_accuracy": 0.1635
  },
  "79": {
    "cen_loss": 2.2741297330856325,
    "cen_accuracy": 0.180625
  },
  "80": {
    "cen_loss": 2.184372988462448,
    "cen_accuracy": 0.226125
  },
  "81": {
    "cen_loss": 3.064779260635376,
    "cen_accuracy": 0.156625
  },
  "82": {
    "cen_loss": 2.522083727955818,
    "cen_accuracy": 0.151625
  },
  "83": {
    "cen_loss": 2.4459785313606264,
    "cen_accuracy": 0.17125
  },
  "84": {
    "cen_loss": 2.3024760448932646,
    "cen_accuracy": 0.1305
  },
  "85": {
    "cen_loss": 2.4192532815933228,
    "cen_accuracy": 0.1615
  },
  "86": {
    "cen_loss": 2.6286135247945785,
    "cen_accuracy": 0.11075
  },
  "87": {
    "cen_loss": 2.19813907623291,
    "cen_accuracy": 0.18625
  },
  "88": {
    "cen_loss": 2.6118006982803346,
    "cen_accuracy": 0.09875
  },
  "89": {
    "cen_loss": 2.3045387655496596,
    "cen_accuracy": 0.103125
  },
  "90": {
    "cen_loss": 2.1633400027751923,
    "cen_accuracy": 0.14175
  },
  "91": {
    "cen_loss": 2.2601197534799575,
    "cen_accuracy": 0.163
  },
  "92": {
    "cen_loss": 2.2106851178407667,
    "cen_accuracy": 0.18575
  },
  "93": {
    "cen_loss": 2.343753626227379,
    "cen_accuracy": 0.139375
  },
  "94": {
    "cen_loss": 2.38361068379879,
    "cen_accuracy": 0.135375
  },
  "95": {
    "cen_loss": 2.170330140590668,
    "cen_accuracy": 0.221625
  },
  "96": {
    "cen_loss": 2.2383741422891617,
    "cen_accuracy": 0.17825
  },
  "97": {
    "cen_loss": 2.197398331284523,
    "cen_accuracy": 0.173125
  },
  "98": {
    "cen_loss": 2.221245481967926,
    "cen_accuracy": 0.106125
  },
  "99": {
    "cen_loss": 2.231394758105278,
    "cen_accuracy": 0.164
  },
  "100": {
    "cen_loss": 2.2414443826675416,
    "cen_accuracy": 0.159375
  },
  "101": {
    "cen_loss": 2.4200538942813874,