{
  "2": {
    "total_mJ": 119865979.29645717,
    "total_ceq": 12.108648983864997,
    "num_expired_thresh": 0,
    "num_depleted": 0,
    "num_transmited_bytes": 787312064
  },
  "3": {
    "total_mJ": 94008928.25080092,
    "total_ceq": 9.46585543485407,
    "num_expired_thresh": 0,
    "num_depleted": 0,
    "num_transmited_bytes": 787312064
  },
  "4": {
    "total_mJ": 121824528.06896599,
    "total_ceq": 12.219145098961683,
    "num_expired_thresh": 0,
    "num_depleted": 0,
    "num_transmited_bytes": 787312064
  },
  "5": {
    "total_mJ": 119126336.52735393,
    "total_ceq": 12.010920694747796,
    "num_expired_thresh": 0,
    "num_depleted": 0,
    "num_transmited_bytes": 787312064
  },
  "6": {
    "total_mJ": 122691618.69283238,
    "total_ceq": 12.287815116850163,
    "num_expired_thresh": 0,
    "num_depleted": 0,
    "num_transmited_bytes": 787312064
  },
  "7": {
    "total_mJ": 101959466.60557958,
    "total_ceq": 10.212394675652702,
    "num_expired_thresh": 0,
    "num_depleted": 0,
    "num_transmited_bytes": 787312064
  },
  "8": {
    "total_mJ": 137277007.01003647,
    "total_ceq": 13.891569408030206,
    "num_expired_thresh": 0,
    "num_depleted": 0,
    "num_transmited_bytes": 787312064
  },
  "9": {
    "total_mJ": 82418407.56460243,
    "total_ceq": 8.31290818830632,
    "num_expired_thresh": 0,
    "num_depleted": 0,
    "num_transmited_bytes": 787312064
  },
  "10": {
    "total_mJ": 133514811.57317632,
    "total_ceq": 13.6103430814695,
    "num_expired_thresh": 0,
    "num_depleted": 0,
    "num_transmited_bytes": 787312064
  },
  "12": {
    "total_mJ": 110469650.4128565,
    "total_ceq": 11.045438050823613,
    "num_expired_thresh": 0,
    "num_depleted": 0,
    "num_transmited_bytes": 787312064
  },
  "13": {
    "total_mJ": 161061048.7280363,
    "total_ceq": 16.448617235819288,
    "num_expired_thresh": 0,
    "num_depleted": 0,
    "num_transmited_bytes": 787312064
  },
  "14": {
    "total_mJ": 158955395.65400538,
    "total_ceq": 15.91942836976447,
    "num_expired_thresh": 0,
    "num_depleted": 0,
    "num_transmited_bytes": 787312064
  },
  "15": {
    "total_mJ": 139523560.65459162,
    "total_ceq": 14.230767569047465,
    "num_expired_thresh": 0,
    "num_depleted": 0,
    "num_transmited_bytes": 787312064
  },
  "16": {
    "total_mJ": 84425427.08255067,
    "total_ceq": 8.591578886682536,
    "num_expired_thresh": 0,
    "num_depleted": 0,
    "num_transmited_bytes": 787312064
  },
  "17": {
    "total_mJ": 138919350.88349783,
    "total_ceq": 14.199757328721182,
    "num_expired_thresh": 0,
    "num_depleted": 0,
    "num_transmited_bytes": 787312064
  },
  "18": {
    "total_mJ": 116664570.474325,
    "total_ceq": 11.799904684993171,
    "num_expired_thresh": 0,
    "num_depleted": 0,
    "num_transmited_bytes": 787312064
  },
  "19": {
    "total_mJ": 129690098.4216176,
    "total_ceq": 13.26145076273182,
    "num_expired_thresh": 0,
    "num_depleted": 0,
    "num_transmited_bytes": 787312064
  },
  "20": {
    "total_mJ": 154502621.01190317,
    "total_ceq": 15.740099239496962,
    "num_expired_thresh": 0,
    "num_depleted": 0,
    "num_transmited_bytes": 787312064
  },
  "21": {
    "total_mJ": 104928442.64998354,
    "total_ceq": 10.548745768765171,
    "num_expired_thresh": 0,
    "num_depleted": 0,
    "num_transmited_bytes": 787312064
  },
  "22": {
    "total_mJ": 137323316.96236393,
    "total_ceq": 13.924526410816807,
    "num_expired_thresh": 0,
    "num_depleted": 0,
    "num_transmited_bytes": 787312064
  },
  "23": {
    "total_mJ": 102932337.1514149,
    "total_ceq": 10.36635742048287,
    "num_expired_thresh": 0,
    "num_depleted": 0,
    "num_transmited_bytes": 787312064
  },
  "24": {
    "total_mJ": 159874284.21433735,
    "total_ceq": 15.981957599783895,
    "num_expired_thresh": 0,
    "num_depleted": 0,
    "num_transmited_bytes": 787312064
  },
  "25": {
    "total_mJ": 132547354.52007559,
    "total_ceq": 13.405271278225431,
    "num_expired_thresh": 0,
    "num_depleted": 0,
    "num_transmited_bytes": 787312064
  },
  "26": {
    "total_mJ": 155824032.52818865,
    "total_ceq": 16.05193983531774,
    "num_expired_thresh": 0,
    "num_depleted": 0,
    "num_transmited_bytes": 787312064
  },
  "27": {
    "total_mJ": 131829118.99081163,
    "total_ceq": 13.461616994012475,
    "num_expired_thresh": 0,
    "num_depleted": 0,
    "num_transmited_bytes": 787312064
  },
  "28": {
    "total_mJ": 117980128.20998521,
    "total_ceq": 12.009329904321286,
    "num_expired_thresh": 0,
    "num_depleted": 0,
    "num_transmited_bytes": 787312064
  },
  "29": {
    "total_mJ": 121244031.18772084,
    "total_ceq": 12.114286863036382,
    "num_expired_thresh": 0,
    "num_depleted": 0,
    "num_transmited_bytes": 787312064
  },
  "30": {
    "total_mJ": 113020810.80844128,
    "total_ceq": 11.223250450747102,
    "num_expired_thresh": 0,
    "num_depleted": 0,
    "num_transmited_bytes": 787312064
  },
  "31": {
    "total_mJ": 133832058.3972264,
    "total_ceq": 13.463722668476848,
    "num_expired_thresh": 0,
    "num_depleted": 0,
    "num_transmited_bytes": 787312064
  },
  "32": {
    "total_mJ": 138282847.93916845,
    "total_ceq": 13.97870240807347,
    "num_expired_thresh": 0,
    "num_depleted": 0,
    "num_transmited_bytes": 787312064
  },
  "33": {
    "total_mJ": 139064930.67766783,
    "total_ceq": 14.175543648409024,
    "num_expired_thresh": 0,
    "num_depleted": 0,
    "num_transmited_bytes": 787312064
  },
  "34": {
    "total_mJ": 158517439.4421021,
    "total_ceq": 15.85413610615665,
    "num_expired_thresh": 0,
    "num_depleted": 0,
    "num_transmited_bytes": 787312064
  },
  "35": {
    "total_mJ": 120892278.81699094,
    "total_ceq": 12.17839590810521,
    "num_expired_thresh": 1,
    "num_depleted": 0,
    "num_transmited_bytes": 787312064
  },
  "36": {
    "total_mJ": 103156039.61628193,
    "total_ceq": 10.505567403703477,
    "num_expired_thresh": 6,
    "num_depleted": 0,
    "num_transmited_bytes": 787312064
  },
  "37": {
    "total_mJ": 158957479.17482808,
    "total_ceq": 15.907853761059862,
    "num_expired_thresh": 17,
    "num_depleted": 0,
    "num_transmited_bytes": 787312064
  },
  "38": {
    "total_mJ": 130151356.71731065,
    "total_ceq": 13.245794319089294,
    "num_expired_thresh": 19,
    "num_depleted": 0,
    "num_transmited_bytes": 787312064
  },
  "39": {
    "total_mJ": 157407165.15752965,
    "total_ceq": 16.179233829196598,
    "num_expired_thresh": 19,
    "num_depleted": 0,
    "num_transmited_bytes": 787312064
  },
  "40": {
    "total_mJ": 117169912.06963652,
    "total_ceq": 11.574368137796759,
    "num_expired_thresh": 19,
    "num_depleted": 0,
    "num_transmited_bytes": 787312064
  },
  "41": {
    "total_mJ": 138339828.2035741,
    "total_ceq": 13.804984407795175,
    "num_expired_thresh": 19,
    "num_depleted": 0,
    "num_transmited_bytes": 787312064
  },
  "42": {
    "total_mJ": 153807137.42166445,
    "total_ceq": 15.568847552076354,
    "num_expired_thresh": 19,
    "num_depleted": 0,
    "num_transmited_bytes": 787312064
  },
  "43": {
    "total_mJ": 141300888.847178,
    "total_ceq": 14.654260165331605,
    "num_expired_thresh": 19,
    "num_depleted": 0,
    "num_transmited_bytes": 787312064
  },
  "44": {
    "total_mJ": 91090620.35421915,
    "total_ceq": 9.128380498412117,
    "num_expired_thresh": 19,
    "num_depleted": 0,
    "num_transmited_bytes": 787312064
  },
  "45": {
    "total_mJ": 123548060.04855406,
    "total_ceq": 12.600883202771445,
    "num_expired_thresh": 19,
    "num_depleted": 0,
    "num_transmited_bytes": 787312064
  },
  "46": {
    "total_mJ": 69353006.43292612,
    "total_ceq": 6.98513485410349,
    "num_expired_thresh": 19,
    "num_depleted": 0,
    "num_transmited_bytes": 787312064
  },
  "47": {
    "total_mJ": 153498144.0780066,
    "total_ceq": 15.597914009817993,
    "num_expired_thresh": 19,
    "num_depleted": 0,
    "num_transmited_bytes": 787312064
  },