{
  "0": {
    "cen_loss": 2.3027744300842286,
    "cen_accuracy": 0.1
  },
  "1": {
    "cen_loss": 2.3027744300842286,
    "cen_accuracy": 0.1
  },
  "2": {
    "cen_loss": 3.2647478511810304,
    "cen_accuracy": 0.1
  },
  "3": {
    "cen_loss": 7.412247469329834,
    "cen_accuracy": 0.1
  },
  "4": {
    "cen_loss": 5.5847261566162105,
    "cen_accuracy": 0.0983
  },
  "5": {
    "cen_loss": 3.803810360336304,
    "cen_accuracy": 0.108
  },
  "6": {
    "cen_loss": 5.499718410873413,
    "cen_accuracy": 0.1
  },
  "7": {
    "cen_loss": 4.0044867847442625,
    "cen_accuracy": 0.1066
  },
  "8": {
    "cen_loss": 5.742890867996215,
    "cen_accuracy": 0.1125
  },
  "9": {
    "cen_loss": 4.093948315048218,
    "cen_accuracy": 0.1264
  },
  "10": {
    "cen_loss": 3.9005802871704103,
    "cen_accuracy": 0.158
  },
  "11": {
    "cen_loss": 2.7703228944778444,
    "cen_accuracy": 0.2309
  },
  "12": {
    "cen_loss": 2.3023025709152223,
    "cen_accuracy": 0.3014
  },
  "13": {
    "cen_loss": 2.2427096025466917,
    "cen_accuracy": 0.3441
  },
  "14": {
    "cen_loss": 1.6074028434753418,
    "cen_accuracy": 0.4597
  },
  "15": {
    "cen_loss": 1.6939594573020935,
    "cen_accuracy": 0.4533
  },
  "16": {
    "cen_loss": 1.571541796207428,
    "cen_accuracy": 0.4894
  },
  "17": {
    "cen_loss": 1.395193894958496,
    "cen_accuracy": 0.5434
  },
  "18": {
    "cen_loss": 1.610829344177246,
    "cen_accuracy": 0.4805
  },
  "19": {
    "cen_loss": 1.5517335483551025,
    "cen_accuracy": 0.507
  },
  "20": {
    "cen_loss": 1.6349210779190064,
    "cen_accuracy": 0.4947
  },
  "21": {
    "cen_loss": 1.466594067621231,
    "cen_accuracy": 0.5365
  },
  "22": {
    "cen_loss": 1.4273309779644012,
    "cen_accuracy": 0.5607
  },
  "23": {
    "cen_loss": 1.2177254920005798,
    "cen_accuracy": 0.6029
  },
  "24": {
    "cen_loss": 1.239203815460205,
    "cen_accuracy": 0.6005
  },
  "25": {
    "cen_loss": 1.1566927438497543,
    "cen_accuracy": 0.6294
  },
  "26": {
    "cen_loss": 1.1347574194431305,
    "cen_accuracy": 0.6375
  },
  "27": {
    "cen_loss": 1.2729710660934448,
    "cen_accuracy": 0.5997
  },
  "28": {
    "cen_loss": 1.1829770191192628,
    "cen_accuracy": 0.6279
  },
  "29": {
    "cen_loss": 1.134273149895668,
    "cen_accuracy": 0.6408
  },
  "30": {
    "cen_loss": 1.072676125073433,
    "cen_accuracy": 0.6527
  },
  "31": {
    "cen_loss": 1.0069561824321747,
    "cen_accuracy": 0.6704
  },
  "32": {
    "cen_loss": 1.0155787488460541,
    "cen_accuracy": 0.6683
  },
  "33": {
    "cen_loss": 1.1122945357561111,
    "cen_accuracy": 0.6515
  },
  "34": {
    "cen_loss": 1.0576570160865784,
    "cen_accuracy": 0.669
  },
  "35": {
    "cen_loss": 1.014524622631073,
    "cen_accuracy": 0.6732
  },
  "36": {
    "cen_loss": 0.9843579513072968,
    "cen_accuracy": 0.6851
  },
  "37": {
    "cen_loss": 0.9659407526493072,
    "cen_accuracy": 0.6924
  },
  "38": {
    "cen_loss": 1.0630939913511277,
    "cen_accuracy": 0.6687
  },
  "39": {
    "cen_loss": 0.9442626541614533,
    "cen_accuracy": 0.6986
  },
  "40": {
    "cen_loss": 0.972407585811615,
    "cen_accuracy": 0.6886
  },
  "41": {
    "cen_loss": 0.9780921007156372,
    "cen_accuracy": 0.693
  },
  "42": {
    "cen_loss": 0.9713792141795159,
    "cen_accuracy": 0.697
  },
  "43": {
    "cen_loss": 0.9159552902817726,
    "cen_accuracy": 0.7171
  },
  "44": {
    "cen_loss": 0.98796589564085,
    "cen_accuracy": 0.6958
  },
  "45": {
    "cen_loss": 0.9416597016572952,
    "cen_accuracy": 0.709
  },
  "46": {
    "cen_loss": 0.9069819741606713,
    "cen_accuracy": 0.715
  },
  "47": {
    "cen_loss": 0.9264055146455765,
    "cen_accuracy": 0.7112
  },
  "48": {
    "cen_loss": 0.9360713433742524,
    "cen_accuracy": 0.7125
  },
  "49": {
    "cen_loss": 0.9253491797447204,
    "cen_accuracy": 0.7143
  },
  "50": {
    "cen_loss": 0.908374450469017,
    "cen_accuracy": 0.7205
  },
  "51": {
    "cen_loss": 0.8968337921738625,
    "cen_accuracy": 0.724
  },
  "52": {
    "cen_loss": 0.8839282133340836,
    "cen_accuracy": 0.7285
  },
  "53": {
    "cen_loss": 0.8276297160387039,
    "cen_accuracy": 0.742
  },
  "54": {
    "cen_loss": 0.8172711058378219,
    "cen_accuracy": 0.7489
  },
  "55": {
    "cen_loss": 0.7990711090445518,
    "cen_accuracy": 0.7507
  },
  "56": {
    "cen_loss": 0.8011748447656631,
    "cen_accuracy": 0.7508
  },
  "57": {
    "cen_loss": 0.8092807895421982,
    "cen_accuracy": 0.7469
  },
  "58": {
    "cen_loss": 0.7828494296073913,
    "cen_accuracy": 0.7584
  },
  "59": {
    "cen_loss": 0.7640865401387215,
    "cen_accuracy": 0.7605
  },
  "60": {
    "cen_loss": 0.7551955025196075,
    "cen_accuracy": 0.7673
  },
  "61": {
    "cen_loss": 0.7535332738399506,
    "cen_accuracy": 0.7676
  },
  "62": {
    "cen_loss": 0.7427790726065636,
    "cen_accuracy": 0.7669
  },
  "63": {
    "cen_loss": 0.7557878212749958,
    "cen_accuracy": 0.766
  },
  "64": {
    "cen_loss": 0.7479362384617328,
    "cen_accuracy": 0.7707
  },
  "65": {
    "cen_loss": 0.7510399351835251,
    "cen_accuracy": 0.772
  },
  "66": {
    "cen_loss": 0.7424758553862572,
    "cen_accuracy": 0.773
  },
  "67": {
    "cen_loss": 0.7390029404878616,
    "cen_accuracy": 0.7741
  },
  "68": {
    "cen_loss": 0.7358020734548568,
    "cen_accuracy": 0.7744
  },
  "69": {
    "cen_loss": 0.7418581398487091,
    "cen_accuracy": 0.7747
  },
  "70": {
    "cen_loss": 0.717837586927414,
    "cen_accuracy": 0.7789
  },
  "71": {
    "cen_loss": 0.7262052157998085,
    "cen_accuracy": 0.7799
  },
  "72": {
    "cen_loss": 0.7482352787613868,
    "cen_accuracy": 0.772
  },
  "73": {
    "cen_loss": 0.7103569945216179,
    "cen_accuracy": 0.7838
  },
  "74": {
    "cen_loss": 0.7325890785336494,
    "cen_accuracy": 0.7719
  },
  "75": {
    "cen_loss": 0.7042680434823037,
    "cen_accuracy": 0.7842
  },
  "76": {
    "cen_loss": 0.7181077384591102,
    "cen_accuracy": 0.7801
  },
  "77": {
    "cen_loss": 0.7026202628314495,
    "cen_accuracy": 0.7864
  },
  "78": {
    "cen_loss": 0.7033568278551102,
    "cen_accuracy": 0.7877
  },
  "79": {
    "cen_loss": 0.7228544488310814,
    "cen_accuracy": 0.7796
  },
  "80": {
    "cen_loss": 0.7023091007709503,
    "cen_accuracy": 0.7842
  },
  "81": {
    "cen_loss": 0.7147194971799851,
    "cen_accuracy": 0.7816
  },
  "82": {
    "cen_loss": 0.7134365395903587,
    "cen_accuracy": 0.7858
  },
  "83": {
    "cen_loss": 0.747936335003376,
    "cen_accuracy": 0.7764
  },
  "84": {
    "cen_loss": 0.6936465342760086,
    "cen_accuracy": 0.7899
  },
  "85": {
    "cen_loss": 0.7052738920390605,
    "cen_accuracy": 0.7875
  },
  "86": {
    "cen_loss": 0.7177723289310932,
    "cen_accuracy": 0.7848
  },
  "87": {
    "cen_loss": 0.700617438864708,
    "cen_accuracy": 0.7865
  },
  "88": {
    "cen_loss": 0.7007736003994942,
    "cen_accuracy": 0.789
  },
  "89": {
    "cen_loss": 0.7124370330929756,
    "cen_accuracy": 0.7818
  },
  "90": {
    "cen_loss": 0.6915882671475411,
    "cen_accuracy": 0.79
  },
  "91": {
    "cen_loss": 0.6917378078699112,
    "cen_accuracy": 0.7907
  },
  "92": {
    "cen_loss": 0.7054729868292808,
    "cen_accuracy": 0.7896
  },
  "93": {
    "cen_loss": 0.7024807335555553,
    "cen_accuracy": 0.7869
  },
  "94": {
    "cen_loss": 0.7077576542854309,
    "cen_accuracy": 0.7888
  },
  "95": {
    "cen_loss": 0.710110714828968,
    "cen_accuracy": 0.7903
  },
  "96": {
    "cen_loss": 0.7031925590515137,
    "cen_accuracy": 0.7887
  },
  "97": {
    "cen_loss": 0.6945697469830513,
    "cen_accuracy": 0.7927
  },
  "98": {
    "cen_loss": 0.697938481104374,
    "cen_accuracy": 0.7908
  },
  "99": {
    "cen_loss": 0.6948758266687394,
    "cen_accuracy": 0.7939
  },
  "100": {
    "cen_loss": 0.7165457225322723,
    "cen_accuracy": 0.7893
  },
  "101": {
    "cen_loss": 0.7144270960688591,
    "cen_accuracy": 0.7874
  }
}