{
  "0": {
    "cen_loss": 2.3027744300842286,
    "cen_accuracy": 0.1
  },
  "1": {
    "cen_loss": 2.3027744300842286,
    "cen_accuracy": 0.1
  },
  "2": {
    "cen_loss": 4.760127536392212,
    "cen_accuracy": 0.1
  },
  "3": {
    "cen_loss": 3.6267532051086424,
    "cen_accuracy": 0.1573
  },
  "4": {
    "cen_loss": 4.176422888565064,
    "cen_accuracy": 0.1031
  },
  "5": {
    "cen_loss": 5.19649626083374,
    "cen_accuracy": 0.1085
  },
  "6": {
    "cen_loss": 4.563366338729859,
    "cen_accuracy": 0.1401
  },
  "7": {
    "cen_loss": 4.574720602416992,
    "cen_accuracy": 0.1488
  },
  "8": {
    "cen_loss": 3.048279714202881,
    "cen_accuracy": 0.1765
  },
  "9": {
    "cen_loss": 2.9442202226638794,
    "cen_accuracy": 0.2095
  },
  "10": {
    "cen_loss": 4.573268359375,
    "cen_accuracy": 0.1503
  },
  "11": {
    "cen_loss": 3.37588046836853,
    "cen_accuracy": 0.2072
  },
  "12": {
    "cen_loss": 3.3935451641082763,
    "cen_accuracy": 0.2257
  },
  "13": {
    "cen_loss": 2.0462150754928587,
    "cen_accuracy": 0.3413
  },
  "14": {
    "cen_loss": 1.9448545207977295,
    "cen_accuracy": 0.3256
  },
  "15": {
    "cen_loss": 2.044164701461792,
    "cen_accuracy": 0.3256
  },
  "16": {
    "cen_loss": 2.2263041137695314,
    "cen_accuracy": 0.3148
  },
  "17": {
    "cen_loss": 2.1561318014144897,
    "cen_accuracy": 0.295
  },
  "18": {
    "cen_loss": 2.4784116413116455,
    "cen_accuracy": 0.236
  },
  "19": {
    "cen_loss": 2.205583237838745,
    "cen_accuracy": 0.3215
  },
  "20": {
    "cen_loss": 2.600145112991333,
    "cen_accuracy": 0.2708
  },
  "21": {
    "cen_loss": 1.8550526918411254,
    "cen_accuracy": 0.3981
  },
  "22": {
    "cen_loss": 1.94276644821167,
    "cen_accuracy": 0.4013
  },
  "23": {
    "cen_loss": 3.7620370332717896,
    "cen_accuracy": 0.251
  },
  "24": {
    "cen_loss": 2.8780800436019898,
    "cen_accuracy": 0.3028
  },
  "25": {
    "cen_loss": 2.387362150192261,
    "cen_accuracy": 0.2997
  },
  "26": {
    "cen_loss": 2.5198597356796264,
    "cen_accuracy": 0.4398
  },
  "27": {
    "cen_loss": 2.654629826164246,
    "cen_accuracy": 0.3462
  },
  "28": {
    "cen_loss": 2.115647357463837,
    "cen_accuracy": 0.389
  },
  "29": {
    "cen_loss": 1.4757491803169251,
    "cen_accuracy": 0.4744
  },
  "30": {
    "cen_loss": 2.1300930191040037,
    "cen_accuracy": 0.3506
  },
  "31": {
    "cen_loss": 2.0394032680511476,
    "cen_accuracy": 0.3846
  },
  "32": {
    "cen_loss": 2.1619559490203857,
    "cen_accuracy": 0.3697
  },
  "33": {
    "cen_loss": 1.8985122435569763,
    "cen_accuracy": 0.4055
  },
  "34": {
    "cen_loss": 2.3003645879745482,
    "cen_accuracy": 0.3931
  },
  "35": {
    "cen_loss": 1.6208860279083253,
    "cen_accuracy": 0.4867
  },
  "36": {
    "cen_loss": 1.4705284895420074,
    "cen_accuracy": 0.5281
  },
  "37": {
    "cen_loss": 1.4842431131362914,
    "cen_accuracy": 0.4889
  },
  "38": {
    "cen_loss": 1.9686660186767577,
    "cen_accuracy": 0.4029
  },
  "39": {
    "cen_loss": 1.4706887141227722,
    "cen_accuracy": 0.4994
  },
  "40": {
    "cen_loss": 1.9532392274856567,
    "cen_accuracy": 0.3522
  },
  "41": {
    "cen_loss": 2.3181278480529786,
    "cen_accuracy": 0.4242
  },
  "42": {
    "cen_loss": 2.2471068933486937,
    "cen_accuracy": 0.4141
  },
  "43": {
    "cen_loss": 2.331875989818573,
    "cen_accuracy": 0.4624
  },
  "44": {
    "cen_loss": 3.0762080730438233,
    "cen_accuracy": 0.2973
  },
  "45": {
    "cen_loss": 1.7635358233451843,
    "cen_accuracy": 0.4192
  },
  "46": {
    "cen_loss": 2.24127870016098,
    "cen_accuracy": 0.3653
  },
  "47": {
    "cen_loss": 1.4818282414436341,
    "cen_accuracy": 0.5003
  },
  "48": {
    "cen_loss": 1.806305677318573,
    "cen_accuracy": 0.4977
  },
  "49": {
    "cen_loss": 1.7132907934188844,
    "cen_accuracy": 0.4525
  },
  "50": {
    "cen_loss": 1.5479131464004516,
    "cen_accuracy": 0.5596
  },
  "51": {
    "cen_loss": 1.4882292685270309,
    "cen_accuracy": 0.5477
  },
  "52": {
    "cen_loss": 1.3609073639392852,
    "cen_accuracy": 0.5484
  },
  "53": {
    "cen_loss": 1.3906842186927795,
    "cen_accuracy": 0.5423
  },
  "54": {
    "cen_loss": 1.1447446948051452,
    "cen_accuracy": 0.599
  },
  "55": {
    "cen_loss": 1.4879401121139526,
    "cen_accuracy": 0.5566
  },
  "56": {
    "cen_loss": 1.8664402050971984,
    "cen_accuracy": 0.4616
  },
  "57": {
    "cen_loss": 1.3603761620998382,
    "cen_accuracy": 0.5824
  },
  "58": {
    "cen_loss": 1.5577454458236695,
    "cen_accuracy": 0.491
  },
  "59": {
    "cen_loss": 1.2162732612133027,
    "cen_accuracy": 0.5931
  },
  "60": {
    "cen_loss": 1.4762495514392853,
    "cen_accuracy": 0.5778
  },
  "61": {
    "cen_loss": 1.6977511768341065,
    "cen_accuracy": 0.509
  },
  "62": {
    "cen_loss": 1.0299911242961883,
    "cen_accuracy": 0.6418
  },
  "63": {
    "cen_loss": 1.343857223701477,
    "cen_accuracy": 0.5685
  },
  "64": {
    "cen_loss": 1.2381538518428803,
    "cen_accuracy": 0.5927
  },
  "65": {
    "cen_loss": 1.442907713508606,
    "cen_accuracy": 0.5597
  },
  "66": {
    "cen_loss": 1.387994748210907,
    "cen_accuracy": 0.5652
  },
  "67": {
    "cen_loss": 1.3020591500282288,
    "cen_accuracy": 0.5611
  },
  "68": {
    "cen_loss": 1.4452919303178786,
    "cen_accuracy": 0.5396
  },
  "69": {
    "cen_loss": 1.1899616850852965,
    "cen_accuracy": 0.591
  },
  "70": {
    "cen_loss": 1.2299921157360076,
    "cen_accuracy": 0.5863
  },
  "71": {
    "cen_loss": 1.2103778838157653,
    "cen_accuracy": 0.5826
  },
  "72": {
    "cen_loss": 1.1663981552362441,
    "cen_accuracy": 0.607
  },
  "73": {
    "cen_loss": 1.4728479130744934,
    "cen_accuracy": 0.5296
  },
  "74": {
    "cen_loss": 1.0948991986751557,
    "cen_accuracy": 0.6202
  },
  "75": {
    "cen_loss": 1.223402337026596,
    "cen_accuracy": 0.6049
  },
  "76": {
    "cen_loss": 1.3396648300647735,
    "cen_accuracy": 0.5981
  },
  "77": {
    "cen_loss": 1.7158307421207428,
    "cen_accuracy": 0.4928
  },
  "78": {
    "cen_loss": 1.5372427672863007,
    "cen_accuracy": 0.5268
  },
  "79": {
    "cen_loss": 1.325290083694458,
    "cen_accuracy": 0.5516
  },
  "80": {
    "cen_loss": 1.100360718011856,
    "cen_accuracy": 0.6285
  },
  "81": {
    "cen_loss": 1.1702460358858109,
    "cen_accuracy": 0.644
  },
  "82": {
    "cen_loss": 1.0603187714099884,
    "cen_accuracy": 0.6393
  },
  "83": {
    "cen_loss": 1.1837966924190522,
    "cen_accuracy": 0.5981
  },
  "84": {
    "cen_loss": 1.3802782982349395,
    "cen_accuracy": 0.5259
  },
  "85": {
    "cen_loss": 1.995249827003479,
    "cen_accuracy": 0.466
  },
  "86": {
    "cen_loss": 1.4081005501270294,
    "cen_accuracy": 0.5657
  },
  "87": {
    "cen_loss": 1.0884748839378358,
    "cen_accuracy": 0.6276
  },
  "88": {
    "cen_loss": 1.1777226314544678,
    "cen_accuracy": 0.6038
  },
  "89": {
    "cen_loss": 1.2786602555274964,
    "cen_accuracy": 0.577
  },
  "90": {
    "cen_loss": 1.672398987340927,
    "cen_accuracy": 0.5079
  },
  "91": {
    "cen_loss": 1.1603430777549744,
    "cen_accuracy": 0.6033
  },
  "92": {
    "cen_loss": 1.1593681772232056,
    "cen_accuracy": 0.6055
  },
  "93": {
    "cen_loss": 1.3350311622619628,
    "cen_accuracy": 0.5499
  },
  "94": {
    "cen_loss": 1.425719763469696,
    "cen_accuracy": 0.5672
  },
  "95": {
    "cen_loss": 1.1794963376522065,
    "cen_accuracy": 0.6051
  },
  "96": {
    "cen_loss": 1.2287851748466492,
    "cen_accuracy": 0.5928
  },
  "97": {
    "cen_loss": 1.2252231819629669,
    "cen_accuracy": 0.5903
  },
  "98": {
    "cen_loss": 1.307440896320343,
    "cen_accuracy": 0.5818
  },
  "99": {
    "cen_loss": 1.1452080056667329,
    "cen_accuracy": 0.6332
  },
  "100": {
    "cen_loss": 1.7641549584388734,
    "cen_accuracy": 0.4854
  },
  "101": {
    "cen_loss": 1.340937319636345,
    "cen_accuracy": 0.5822
  }
}