{
  "0": {
    "cen_loss": 2.3034822883605957,
    "cen_accuracy": 0.1055
  },
  "1": {
    "cen_loss": 2.3034822883605957,
    "cen_accuracy": 0.1055
  },
  "2": {
    "cen_loss": 2.259268302536011,
    "cen_accuracy": 0.1524
  },
  "3": {
    "cen_loss": 2.0090808557510376,
    "cen_accuracy": 0.2657
  },
  "4": {
    "cen_loss": 2.3347925453186034,
    "cen_accuracy": 0.2257
  },
  "5": {
    "cen_loss": 2.354591439247131,
    "cen_accuracy": 0.2824
  },
  "6": {
    "cen_loss": 2.561058204841614,
    "cen_accuracy": 0.3084
  },
  "7": {
    "cen_loss": 1.92173166847229,
    "cen_accuracy": 0.3555
  },
  "8": {
    "cen_loss": 1.8459392543792725,
    "cen_accuracy": 0.3954
  },
  "9": {
    "cen_loss": 1.8921823306083678,
    "cen_accuracy": 0.3919
  },
  "10": {
    "cen_loss": 1.8904743752479554,
    "cen_accuracy": 0.3921
  },
  "11": {
    "cen_loss": 2.1708453090667725,
    "cen_accuracy": 0.3718
  },
  "12": {
    "cen_loss": 2.2402425956726075,
    "cen_accuracy": 0.3495
  },
  "13": {
    "cen_loss": 1.942103934574127,
    "cen_accuracy": 0.3563
  },
  "14": {
    "cen_loss": 1.6707982171058655,
    "cen_accuracy": 0.4321
  },
  "15": {
    "cen_loss": 1.826593195438385,
    "cen_accuracy": 0.3684
  },
  "16": {
    "cen_loss": 1.868006167793274,
    "cen_accuracy": 0.4092
  },
  "17": {
    "cen_loss": 1.858667780303955,
    "cen_accuracy": 0.4314
  },
  "18": {
    "cen_loss": 1.9811107536315917,
    "cen_accuracy": 0.4033
  },
  "19": {
    "cen_loss": 2.030132036781311,
    "cen_accuracy": 0.3937
  },
  "20": {
    "cen_loss": 2.030132014465332,
    "cen_accuracy": 0.3937
  },
  "21": {
    "cen_loss": 2.135416347503662,
    "cen_accuracy": 0.3769
  },
  "22": {
    "cen_loss": 2.55247987575531,
    "cen_accuracy": 0.3145
  },
  "23": {
    "cen_loss": 1.7613657193183898,
    "cen_accuracy": 0.4325
  },
  "24": {
    "cen_loss": 2.3310523138999937,
    "cen_accuracy": 0.3258
  },
  "25": {
    "cen_loss": 2.5585148265838624,
    "cen_accuracy": 0.3125
  },
  "26": {
    "cen_loss": 1.837098014163971,
    "cen_accuracy": 0.4021
  },
  "27": {
    "cen_loss": 1.6891675910949706,
    "cen_accuracy": 0.4534
  },
  "28": {
    "cen_loss": 1.8512535535812378,
    "cen_accuracy": 0.4364
  },
  "29": {
    "cen_loss": 2.0548666204452513,
    "cen_accuracy": 0.4265
  },
  "30": {
    "cen_loss": 2.0548665694236754,
    "cen_accuracy": 0.4265
  },
  "31": {
    "cen_loss": 2.074722279548645,
    "cen_accuracy": 0.4391
  },
  "32": {
    "cen_loss": 2.5022923027038573,
    "cen_accuracy": 0.3668
  },
  "33": {
    "cen_loss": 1.9455669551849366,
    "cen_accuracy": 0.4237
  },
  "34": {
    "cen_loss": 1.9545918991088866,
    "cen_accuracy": 0.4249
  },
  "35": {
    "cen_loss": 1.7384252080917357,
    "cen_accuracy": 0.4513
  },
  "36": {
    "cen_loss": 1.9777488820075988,
    "cen_accuracy": 0.4306
  },
  "37": {
    "cen_loss": 2.103210497665405,
    "cen_accuracy": 0.3986
  },
  "38": {
    "cen_loss": 2.262662072467804,
    "cen_accuracy": 0.4067
  },
  "39": {
    "cen_loss": 2.6131819374084473,
    "cen_accuracy": 0.3422
  },
  "40": {
    "cen_loss": 2.613182172393799,
    "cen_accuracy": 0.3422
  },
  "41": {
    "cen_loss": 1.9946338201522826,
    "cen_accuracy": 0.431
  },
  "42": {
    "cen_loss": 2.4149937030792237,
    "cen_accuracy": 0.377
  },
  "43": {
    "cen_loss": 2.449822988128662,
    "cen_accuracy": 0.3471
  },
  "44": {
    "cen_loss": 3.0486925237655638,
    "cen_accuracy": 0.3198
  },
  "45": {
    "cen_loss": 1.8410356125831604,
    "cen_accuracy": 0.4173
  },
  "46": {
    "cen_loss": 1.967775066757202,
    "cen_accuracy": 0.4087
  },
  "47": {
    "cen_loss": 1.8261328866958617,
    "cen_accuracy": 0.4549
  },
  "48": {
    "cen_loss": 2.9692118650436403,
    "cen_accuracy": 0.3438
  },
  "49": {
    "cen_loss": 3.014264306354523,
    "cen_accuracy": 0.3588
  },
  "50": {
    "cen_loss": 3.0142640107154848,
    "cen_accuracy": 0.3588
  },
  "51": {
    "cen_loss": 2.0017682764053344,
    "cen_accuracy": 0.4139
  },
  "52": {
    "cen_loss": 2.4089995106697084,
    "cen_accuracy": 0.378
  },
  "53": {
    "cen_loss": 2.0127654911994934,
    "cen_accuracy": 0.4382
  },
  "54": {
    "cen_loss": 2.186454470729828,
    "cen_accuracy": 0.4187
  },
  "55": {
    "cen_loss": 2.21512592048645,
    "cen_accuracy": 0.4177
  },
  "56": {
    "cen_loss": 2.178396543121338,
    "cen_accuracy": 0.4111
  },
  "57": {
    "cen_loss": 2.79532584066391,
    "cen_accuracy": 0.3323
  },
  "58": {
    "cen_loss": 1.8399855311393738,
    "cen_accuracy": 0.4609
  },
  "59": {
    "cen_loss": 1.851262557220459,
    "cen_accuracy": 0.4595
  },
  "60": {
    "cen_loss": 1.851262561416626,
    "cen_accuracy": 0.4595
  },
  "61": {
    "cen_loss": 1.8945315189361571,
    "cen_accuracy": 0.4644
  },
  "62": {
    "cen_loss": 2.3509517194747924,
    "cen_accuracy": 0.4311
  },
  "63": {
    "cen_loss": 2.217390849494934,
    "cen_accuracy": 0.4286
  },
  "64": {
    "cen_loss": 2.0805868970870973,
    "cen_accuracy": 0.4078
  },
  "65": {
    "cen_loss": 2.372378019332886,
    "cen_accuracy": 0.3949
  },
  "66": {
    "cen_loss": 1.8056910420417787,
    "cen_accuracy": 0.4573
  },
  "67": {
    "cen_loss": 2.271371260643005,
    "cen_accuracy": 0.3957
  },
  "68": {
    "cen_loss": 1.8137309813499451,
    "cen_accuracy": 0.453
  },
  "69": {
    "cen_loss": 1.937935492324829,
    "cen_accuracy": 0.445
  },
  "70": {
    "cen_loss": 1.9379353702545166,
    "cen_accuracy": 0.445
  },
  "71": {
    "cen_loss": 2.0666611961364745,
    "cen_accuracy": 0.4042
  },
  "72": {
    "cen_loss": 1.887292577934265,
    "cen_accuracy": 0.4309
  },
  "73": {
    "cen_loss": 1.8452272161483765,
    "cen_accuracy": 0.4705
  },
  "74": {
    "cen_loss": 2.0325189542770388,
    "cen_accuracy": 0.4454
  },
  "75": {
    "cen_loss": 2.6514977236747743,
    "cen_accuracy": 0.3876
  },
  "76": {
    "cen_loss": 1.9296295934677123,
    "cen_accuracy": 0.4261
  },
  "77": {
    "cen_loss": 3.0385858971595763,
    "cen_accuracy": 0.3077
  },
  "78": {
    "cen_loss": 2.509194816684723,
    "cen_accuracy": 0.4079
  },
  "79": {
    "cen_loss": 2.855928832244873,
    "cen_accuracy": 0.3538
  },
  "80": {
    "cen_loss": 2.8559288709640502,
    "cen_accuracy": 0.3538
  },
  "81": {
    "cen_loss": 2.1271561374664305,
    "cen_accuracy": 0.4202
  },
  "82": {
    "cen_loss": 2.0914675346374514,
    "cen_accuracy": 0.442
  },
  "83": {
    "cen_loss": 1.839815442276001,
    "cen_accuracy": 0.4669
  },
  "84": {
    "cen_loss": 2.0476211569786074,
    "cen_accuracy": 0.4737
  },
  "85": {
    "cen_loss": 2.079460688209534,
    "cen_accuracy": 0.4576
  },
  "86": {
    "cen_loss": 3.6014924028396607,
    "cen_accuracy": 0.3376
  },
  "87": {
    "cen_loss": 2.315475253200531,
    "cen_accuracy": 0.3827
  },
  "88": {
    "cen_loss": 2.0338120449066164,
    "cen_accuracy": 0.4279
  },
  "89": {
    "cen_loss": 2.558453479385376,
    "cen_accuracy": 0.3924
  },
  "90": {
    "cen_loss": 2.5584535118103027,
    "cen_accuracy": 0.3924
  },
  "91": {
    "cen_loss": 2.4213006016731264,
    "cen_accuracy": 0.3737
  },
  "92": {
    "cen_loss": 4.298570517349243,
    "cen_accuracy": 0.3058
  },
  "93": {
    "cen_loss": 2.936435266685486,
    "cen_accuracy": 0.3318
  },
  "94": {
    "cen_loss": 2.3431774846076965,
    "cen_accuracy": 0.4007
  },
  "95": {
    "cen_loss": 2.953300549316406,
    "cen_accuracy": 0.3482
  },
  "96": {
    "cen_loss": 2.2014680978775023,
    "cen_accuracy": 0.4056
  },
  "97": {
    "cen_loss": 2.733775577926636,
    "cen_accuracy": 0.3367
  },
  "98": {
    "cen_loss": 1.9771663897514342,
    "cen_accuracy": 0.4164
  },
  "99": {
    "cen_loss": 2.361657527589798,
    "cen_accuracy": 0.4172
  },
  "100": {
    "cen_loss": 2.3616578249931335,
    "cen_accuracy": 0.4172
  },
  "101": {
    "cen_loss": 2.3963756216049195,
    "cen_accuracy": 0.397
  }
}