{
  "0": {
    "cen_loss": 2.3069078960418703,
    "cen_accuracy": 0.10125
  },
  "1": {
    "cen_loss": 2.3069078960418703,
    "cen_accuracy": 0.10125
  },
  "2": {
    "cen_loss": 2.144908132314682,
    "cen_accuracy": 0.278125
  },
  "3": {
    "cen_loss": 1.7823061463832854,
    "cen_accuracy": 0.345
  },
  "4": {
    "cen_loss": 1.7122022485733033,
    "cen_accuracy": 0.373625
  }
}