{
  "0": {
    "cen_loss": 2.302672222518921,
    "cen_accuracy": 0.1
  },
  "1": {
    "cen_loss": 2.302672222518921,
    "cen_accuracy": 0.1
  },
  "2": {
    "cen_loss": 3.1364492961883546,
    "cen_accuracy": 0.1
  },
  "3": {
    "cen_loss": 8.45815403213501,
    "cen_accuracy": 0.1
  },
  "4": {
    "cen_loss": 6.983420818710327,
    "cen_accuracy": 0.102
  },
  "5": {
    "cen_loss": 5.863588711547852,
    "cen_accuracy": 0.1
  },
  "6": {
    "cen_loss": 4.895790399551392,
    "cen_accuracy": 0.1152
  },
  "7": {
    "cen_loss": 5.906294784545898,
    "cen_accuracy": 0.1006
  },
  "8": {
    "cen_loss": 5.2980672290802,
    "cen_accuracy": 0.1262
  },
  "9": {
    "cen_loss": 3.2205986112594602,
    "cen_accuracy": 0.2012
  },
  "10": {
    "cen_loss": 3.2553552854537964,
    "cen_accuracy": 0.2005
  },
  "11": {
    "cen_loss": 2.33590388507843,
    "cen_accuracy": 0.2926
  },
  "12": {
    "cen_loss": 2.3716639850616454,
    "cen_accuracy": 0.3095
  },
  "13": {
    "cen_loss": 1.9504601992607116,
    "cen_accuracy": 0.397
  },
  "14": {
    "cen_loss": 1.7475962344169618,
    "cen_accuracy": 0.4324
  },
  "15": {
    "cen_loss": 1.5431606698036193,
    "cen_accuracy": 0.4859
  },
  "16": {
    "cen_loss": 1.3670541923999786,
    "cen_accuracy": 0.5431
  },
  "17": {
    "cen_loss": 1.3331498200893401,
    "cen_accuracy": 0.5723
  },
  "18": {
    "cen_loss": 1.3107046553611756,
    "cen_accuracy": 0.5714
  },
  "19": {
    "cen_loss": 1.5756128396987914,
    "cen_accuracy": 0.5234
  },
  "20": {
    "cen_loss": 1.1633915108680726,
    "cen_accuracy": 0.6214
  },
  "21": {
    "cen_loss": 1.2006730656147002,
    "cen_accuracy": 0.6114
  },
  "22": {
    "cen_loss": 1.1682065211772918,
    "cen_accuracy": 0.6359
  },
  "23": {
    "cen_loss": 1.24989467253685,
    "cen_accuracy": 0.6194
  },
  "24": {
    "cen_loss": 1.1472887383461,
    "cen_accuracy": 0.6327
  },
  "25": {
    "cen_loss": 1.1436882161617279,
    "cen_accuracy": 0.6399
  },
  "26": {
    "cen_loss": 1.1588510750770569,
    "cen_accuracy": 0.6303
  },
  "27": {
    "cen_loss": 1.1311854848146439,
    "cen_accuracy": 0.6413
  },
  "28": {
    "cen_loss": 1.1134735926628112,
    "cen_accuracy": 0.6531
  },
  "29": {
    "cen_loss": 1.1245492430210113,
    "cen_accuracy": 0.6556
  },
  "30": {
    "cen_loss": 1.0753196167469026,
    "cen_accuracy": 0.6574
  },
  "31": {
    "cen_loss": 1.0109529531002044,
    "cen_accuracy": 0.6761
  },
  "32": {
    "cen_loss": 1.0957737429857255,
    "cen_accuracy": 0.6632
  },
  "33": {
    "cen_loss": 1.0991172662496567,
    "cen_accuracy": 0.6625
  },
  "34": {
    "cen_loss": 1.085572232913971,
    "cen_accuracy": 0.6658
  },
  "35": {
    "cen_loss": 0.9709661066651344,
    "cen_accuracy": 0.6898
  },
  "36": {
    "cen_loss": 1.0542192054748536,
    "cen_accuracy": 0.6759
  },
  "37": {
    "cen_loss": 1.0480876513838768,
    "cen_accuracy": 0.6815
  },
  "38": {
    "cen_loss": 0.9934739071130753,
    "cen_accuracy": 0.6928
  },
  "39": {
    "cen_loss": 1.040278667151928,
    "cen_accuracy": 0.6841
  },
  "40": {
    "cen_loss": 0.9421247168302536,
    "cen_accuracy": 0.7013
  },
  "41": {
    "cen_loss": 0.9464099304676056,
    "cen_accuracy": 0.709
  },
  "42": {
    "cen_loss": 0.9445876775503158,
    "cen_accuracy": 0.7077
  },
  "43": {
    "cen_loss": 0.9049655334591865,
    "cen_accuracy": 0.7164
  },
  "44": {
    "cen_loss": 0.9886712527513504,
    "cen_accuracy": 0.7085
  },
  "45": {
    "cen_loss": 0.9813593539237976,
    "cen_accuracy": 0.7015
  },
  "46": {
    "cen_loss": 0.9451494971752167,
    "cen_accuracy": 0.7143
  },
  "47": {
    "cen_loss": 0.9721586158156394,
    "cen_accuracy": 0.7067
  },
  "48": {
    "cen_loss": 0.9112723681926728,
    "cen_accuracy": 0.7206
  },
  "49": {
    "cen_loss": 0.9177626991271972,
    "cen_accuracy": 0.7187
  },
  "50": {
    "cen_loss": 0.8901157525897027,
    "cen_accuracy": 0.7245
  },
  "51": {
    "cen_loss": 0.9001627861738205,
    "cen_accuracy": 0.7247
  },
  "52": {
    "cen_loss": 0.8748106282472611,
    "cen_accuracy": 0.7252
  },
  "53": {
    "cen_loss": 0.9264432997226715,
    "cen_accuracy": 0.7257
  },
  "54": {
    "cen_loss": 0.9212198684930801,
    "cen_accuracy": 0.718
  },
  "55": {
    "cen_loss": 0.8793999592125415,
    "cen_accuracy": 0.7352
  },
  "56": {
    "cen_loss": 0.8958938726663589,
    "cen_accuracy": 0.7315
  },
  "57": {
    "cen_loss": 0.8867535593032837,
    "cen_accuracy": 0.7292
  },
  "58": {
    "cen_loss": 0.8409499281167984,
    "cen_accuracy": 0.7373
  },
  "59": {
    "cen_loss": 0.8804306416273117,
    "cen_accuracy": 0.7295
  },
  "60": {
    "cen_loss": 0.9157826766133308,
    "cen_accuracy": 0.732
  },
  "61": {
    "cen_loss": 0.8698654178500176,
    "cen_accuracy": 0.7379
  },
  "62": {
    "cen_loss": 0.8832991170048714,
    "cen_accuracy": 0.7358
  },
  "63": {
    "cen_loss": 0.8690109568178653,
    "cen_accuracy": 0.7379
  },
  "64": {
    "cen_loss": 0.8883978026390076,
    "cen_accuracy": 0.7346
  },
  "65": {
    "cen_loss": 0.980397218966484,
    "cen_accuracy": 0.7234
  },
  "66": {
    "cen_loss": 0.8616735371828079,
    "cen_accuracy": 0.7364
  },
  "67": {
    "cen_loss": 0.8315883873701095,
    "cen_accuracy": 0.7474
  },
  "68": {
    "cen_loss": 0.856041976237297,
    "cen_accuracy": 0.7429
  },
  "69": {
    "cen_loss": 0.8714027965903283,
    "cen_accuracy": 0.7356
  },
  "70": {
    "cen_loss": 0.8590294909238815,
    "cen_accuracy": 0.744
  },
  "71": {
    "cen_loss": 0.7937439043998719,
    "cen_accuracy": 0.7514
  },
  "72": {
    "cen_loss": 0.7756521309316158,
    "cen_accuracy": 0.7602
  },
  "73": {
    "cen_loss": 0.8024623405575753,
    "cen_accuracy": 0.7515
  },
  "74": {
    "cen_loss": 0.8679082584023475,
    "cen_accuracy": 0.741
  },
  "75": {
    "cen_loss": 0.8987662534236908,
    "cen_accuracy": 0.7349
  },
  "76": {
    "cen_loss": 0.8211337377429009,
    "cen_accuracy": 0.7482
  },
  "77": {
    "cen_loss": 0.7972339936494828,
    "cen_accuracy": 0.7583
  },
  "78": {
    "cen_loss": 0.8182764161467552,
    "cen_accuracy": 0.7545
  },
  "79": {
    "cen_loss": 0.8167804600596428,
    "cen_accuracy": 0.7542
  },
  "80": {
    "cen_loss": 0.8133034637153148,
    "cen_accuracy": 0.7559
  },
  "81": {
    "cen_loss": 0.8199725370407105,
    "cen_accuracy": 0.753
  },
  "82": {
    "cen_loss": 0.8714335433483124,
    "cen_accuracy": 0.7358
  },
  "83": {
    "cen_loss": 0.8527420721828938,
    "cen_accuracy": 0.7495
  },
  "84": {
    "cen_loss": 0.7841305714607238,
    "cen_accuracy": 0.7677
  },
  "85": {
    "cen_loss": 0.8024259875178337,
    "cen_accuracy": 0.7582
  },
  "86": {
    "cen_loss": 0.7730934388756752,
    "cen_accuracy": 0.7675
  },
  "87": {
    "cen_loss": 0.7767145313501358,
    "cen_accuracy": 0.761
  },
  "88": {
    "cen_loss": 0.8325308324098587,
    "cen_accuracy": 0.7552
  },
  "89": {
    "cen_loss": 0.7776219140768051,
    "cen_accuracy": 0.7652
  },
  "90": {
    "cen_loss": 0.7957750415444375,
    "cen_accuracy": 0.7637
  },
  "91": {
    "cen_loss": 0.7848986758351326,
    "cen_accuracy": 0.7666
  },
  "92": {
    "cen_loss": 0.7864338236391545,
    "cen_accuracy": 0.7619
  },
  "93": {
    "cen_loss": 0.8497186009466648,
    "cen_accuracy": 0.7527
  },
  "94": {
    "cen_loss": 0.8243662248253822,
    "cen_accuracy": 0.7559
  },
  "95": {
    "cen_loss": 0.7469566218614578,
    "cen_accuracy": 0.773
  },
  "96": {
    "cen_loss": 0.7553709135055542,
    "cen_accuracy": 0.7749
  },
  "97": {
    "cen_loss": 0.7400950177907943,
    "cen_accuracy": 0.7793
  },
  "98": {
    "cen_loss": 0.7468235866308213,
    "cen_accuracy": 0.7743
  },
  "99": {
    "cen_loss": 0.7940454943060875,
    "cen_accuracy": 0.7621
  },
  "100": {
    "cen_loss": 0.7202691285371781,
    "cen_accuracy": 0.783
  },
  "101": {
    "cen_loss": 0.7333881304442883,
    "cen_accuracy": 0.7761
  }
}