{
  "0": {
    "cen_loss": 2.3027744300842286,
    "cen_accuracy": 0.1
  },
  "1": {
    "cen_loss": 2.3027744300842286,
    "cen_accuracy": 0.1
  },
  "2": {
    "cen_loss": 3.192965247344971,
    "cen_accuracy": 0.1
  },
  "3": {
    "cen_loss": 6.390280913925171,
    "cen_accuracy": 0.1022
  },
  "4": {
    "cen_loss": 6.106068920516968,
    "cen_accuracy": 0.1006
  },
  "5": {
    "cen_loss": 5.921729593276978,
    "cen_accuracy": 0.1399
  },
  "6": {
    "cen_loss": 6.946836948394775,
    "cen_accuracy": 0.1007
  },
  "7": {
    "cen_loss": 6.415644034957886,
    "cen_accuracy": 0.1
  },
  "8": {
    "cen_loss": 5.143224634552002,
    "cen_accuracy": 0.1218
  },
  "9": {
    "cen_loss": 3.6470423568725585,
    "cen_accuracy": 0.1407
  },
  "10": {
    "cen_loss": 2.4522869861602783,
    "cen_accuracy": 0.2615
  },
  "11": {
    "cen_loss": 2.2291649340629576,
    "cen_accuracy": 0.2981
  },
  "12": {
    "cen_loss": 2.4925914726257323,
    "cen_accuracy": 0.3019
  },
  "13": {
    "cen_loss": 2.1959786409378053,
    "cen_accuracy": 0.3573
  },
  "14": {
    "cen_loss": 1.7875126471519471,
    "cen_accuracy": 0.4272
  },
  "15": {
    "cen_loss": 1.6560309065818786,
    "cen_accuracy": 0.467
  },
  "16": {
    "cen_loss": 1.6710312358379364,
    "cen_accuracy": 0.4772
  },
  "17": {
    "cen_loss": 1.5384758191108703,
    "cen_accuracy": 0.5112
  },
  "18": {
    "cen_loss": 1.458530142736435,
    "cen_accuracy": 0.5462
  },
  "19": {
    "cen_loss": 1.5394257377624512,
    "cen_accuracy": 0.5255
  },
  "20": {
    "cen_loss": 1.3670964377403259,
    "cen_accuracy": 0.5568
  },
  "21": {
    "cen_loss": 1.2875800008296967,
    "cen_accuracy": 0.5813
  },
  "22": {
    "cen_loss": 1.2408885475873948,
    "cen_accuracy": 0.605
  },
  "23": {
    "cen_loss": 1.3878392397880555,
    "cen_accuracy": 0.584
  },
  "24": {
    "cen_loss": 1.3498332570314406,
    "cen_accuracy": 0.5865
  },
  "25": {
    "cen_loss": 1.3036554948329926,
    "cen_accuracy": 0.5984
  },
  "26": {
    "cen_loss": 1.2263667971611023,
    "cen_accuracy": 0.6139
  },
  "27": {
    "cen_loss": 1.2375525142431258,
    "cen_accuracy": 0.6106
  },
  "28": {
    "cen_loss": 1.1826753654956819,
    "cen_accuracy": 0.6355
  },
  "29": {
    "cen_loss": 1.0455469880342483,
    "cen_accuracy": 0.6699
  },
  "30": {
    "cen_loss": 1.1814811661362647,
    "cen_accuracy": 0.6458
  },
  "31": {
    "cen_loss": 1.1727642199039459,
    "cen_accuracy": 0.6416
  },
  "32": {
    "cen_loss": 1.0418802941322327,
    "cen_accuracy": 0.6791
  },
  "33": {
    "cen_loss": 0.9866804395437241,
    "cen_accuracy": 0.6886
  },
  "34": {
    "cen_loss": 1.0615892116069794,
    "cen_accuracy": 0.6654
  },
  "35": {
    "cen_loss": 1.0020901814341545,
    "cen_accuracy": 0.6848
  },
  "36": {
    "cen_loss": 0.9765500791072845,
    "cen_accuracy": 0.6875
  },
  "37": {
    "cen_loss": 1.0524495728611947,
    "cen_accuracy": 0.6834
  },
  "38": {
    "cen_loss": 1.0019733297348024,
    "cen_accuracy": 0.6925
  },
  "39": {
    "cen_loss": 0.9945105385780334,
    "cen_accuracy": 0.6969
  },
  "40": {
    "cen_loss": 1.036590295267105,
    "cen_accuracy": 0.6865
  },
  "41": {
    "cen_loss": 1.006730310201645,
    "cen_accuracy": 0.6915
  },
  "42": {
    "cen_loss": 1.0429957374811172,
    "cen_accuracy": 0.6876
  },
  "43": {
    "cen_loss": 0.9803127585172653,
    "cen_accuracy": 0.6993
  },
  "44": {
    "cen_loss": 0.955438685286045,
    "cen_accuracy": 0.7102
  },
  "45": {
    "cen_loss": 0.9937408923983574,
    "cen_accuracy": 0.6922
  },
  "46": {
    "cen_loss": 0.9680298803448677,
    "cen_accuracy": 0.7049
  },
  "47": {
    "cen_loss": 1.0048709351301193,
    "cen_accuracy": 0.691
  },
  "48": {
    "cen_loss": 0.9965650049686432,
    "cen_accuracy": 0.6966
  },
  "49": {
    "cen_loss": 1.115559111726284,
    "cen_accuracy": 0.6684
  },
  "50": {
    "cen_loss": 0.9386702957868576,
    "cen_accuracy": 0.7127
  },
  "51": {
    "cen_loss": 0.918263853430748,
    "cen_accuracy": 0.7214
  },
  "52": {
    "cen_loss": 0.9804973849177361,
    "cen_accuracy": 0.7087
  },
  "53": {
    "cen_loss": 0.8642473969221115,
    "cen_accuracy": 0.7315
  },
  "54": {
    "cen_loss": 0.8866372561573982,
    "cen_accuracy": 0.7211
  },
  "55": {
    "cen_loss": 0.9712097140073777,
    "cen_accuracy": 0.7078
  },
  "56": {
    "cen_loss": 0.9079999118685722,
    "cen_accuracy": 0.7228
  },
  "57": {
    "cen_loss": 0.8884939980566502,
    "cen_accuracy": 0.7242
  },
  "58": {
    "cen_loss": 0.8823914399206638,
    "cen_accuracy": 0.7292
  },
  "59": {
    "cen_loss": 0.8823331578850746,
    "cen_accuracy": 0.7375
  },
  "60": {
    "cen_loss": 0.8753057204365731,
    "cen_accuracy": 0.737
  },
  "61": {
    "cen_loss": 0.9177066660761833,
    "cen_accuracy": 0.7302
  },
  "62": {
    "cen_loss": 0.8695271336197853,
    "cen_accuracy": 0.7485
  },
  "63": {
    "cen_loss": 0.8991996575117112,
    "cen_accuracy": 0.7357
  },
  "64": {
    "cen_loss": 0.8816274620652199,
    "cen_accuracy": 0.7345
  },
  "65": {
    "cen_loss": 0.8706860831260681,
    "cen_accuracy": 0.7386
  },
  "66": {
    "cen_loss": 0.8819289349853993,
    "cen_accuracy": 0.7424
  },
  "67": {
    "cen_loss": 0.8964498922586441,
    "cen_accuracy": 0.732
  },
  "68": {
    "cen_loss": 0.8979359055638313,
    "cen_accuracy": 0.7281
  },
  "69": {
    "cen_loss": 0.8436055004119873,
    "cen_accuracy": 0.7463
  },
  "70": {
    "cen_loss": 0.8078061690509319,
    "cen_accuracy": 0.7515
  },
  "71": {
    "cen_loss": 0.8853017978310586,
    "cen_accuracy": 0.7353
  },
  "72": {
    "cen_loss": 0.8902436463117599,
    "cen_accuracy": 0.7315
  },
  "73": {
    "cen_loss": 0.8339803151726722,
    "cen_accuracy": 0.7508
  },
  "74": {
    "cen_loss": 0.8007898181319236,
    "cen_accuracy": 0.7588
  },
  "75": {
    "cen_loss": 0.849412130343914,
    "cen_accuracy": 0.749
  },
  "76": {
    "cen_loss": 0.8275487631320954,
    "cen_accuracy": 0.7597
  },
  "77": {
    "cen_loss": 0.7926278321862221,
    "cen_accuracy": 0.7584
  },
  "78": {
    "cen_loss": 0.8575656274795532,
    "cen_accuracy": 0.7493
  },
  "79": {
    "cen_loss": 0.8168754719257355,
    "cen_accuracy": 0.7568
  },
  "80": {
    "cen_loss": 0.7816450580358505,
    "cen_accuracy": 0.7685
  },
  "81": {
    "cen_loss": 0.7733760971307755,
    "cen_accuracy": 0.7681
  },
  "82": {
    "cen_loss": 0.8400879115402698,
    "cen_accuracy": 0.7451
  },
  "83": {
    "cen_loss": 0.8313260789394379,
    "cen_accuracy": 0.7481
  },
  "84": {
    "cen_loss": 0.7887272852271795,
    "cen_accuracy": 0.7673
  },
  "85": {
    "cen_loss": 0.809743516856432,
    "cen_accuracy": 0.7595
  },
  "86": {
    "cen_loss": 0.9122838129878044,
    "cen_accuracy": 0.7371
  },
  "87": {
    "cen_loss": 0.9897785578608513,
    "cen_accuracy": 0.7298
  },
  "88": {
    "cen_loss": 0.8115646868526936,
    "cen_accuracy": 0.7567
  },
  "89": {
    "cen_loss": 0.7853608370274305,
    "cen_accuracy": 0.7656
  },
  "90": {
    "cen_loss": 0.8452604020953178,
    "cen_accuracy": 0.7478
  },
  "91": {
    "cen_loss": 0.8150395318031312,
    "cen_accuracy": 0.7607
  },
  "92": {
    "cen_loss": 0.749879178404808,
    "cen_accuracy": 0.7757
  },
  "93": {
    "cen_loss": 0.7430185319006443,
    "cen_accuracy": 0.7771
  },
  "94": {
    "cen_loss": 0.7860533767104149,
    "cen_accuracy": 0.7702
  },
  "95": {
    "cen_loss": 0.7673669007182121,
    "cen_accuracy": 0.7713
  },
  "96": {
    "cen_loss": 0.7656161066114903,
    "cen_accuracy": 0.7743
  },
  "97": {
    "cen_loss": 0.7434339271873236,
    "cen_accuracy": 0.7692
  },
  "98": {
    "cen_loss": 0.8079016545370221,
    "cen_accuracy": 0.7637
  },
  "99": {
    "cen_loss": 0.7758904636889696,
    "cen_accuracy": 0.7681
  },
  "100": {
    "cen_loss": 0.7677418194532395,
    "cen_accuracy": 0.7748
  },
  "101": {
    "cen_loss": 0.7472645781278611,
    "cen_accuracy": 0.7793
  }
}