{
  "2": {
    "total_mJ": 999639548.0860014,
    "total_ceq": 106.07684643519481,
    "num_expired_thresh": 0,
    "num_depleted": 0,
    "num_transmited_bytes": 429442944
  },
  "3": {
    "total_mJ": 1070853521.2713724,
    "total_ceq": 113.2626462502495,
    "num_expired_thresh": 0,
    "num_depleted": 0,
    "num_transmited_bytes": 429442944
  },
  "4": {
    "total_mJ": 784551326.1254724,
    "total_ceq": 83.49367724258781,
    "num_expired_thresh": 0,
    "num_depleted": 0,
    "num_transmited_bytes": 429442944
  },
  "5": {
    "total_mJ": 1089031150.1911542,
    "total_ceq": 116.32044719397746,
    "num_expired_thresh": 0,
    "num_depleted": 0,
    "num_transmited_bytes": 429442944
  },
  "6": {
    "total_mJ": 857031859.9365833,
    "total_ceq": 90.48036991495101,
    "num_expired_thresh": 0,
    "num_depleted": 0,
    "num_transmited_bytes": 429442944
  },
  "7": {
    "total_mJ": 1098384637.0556438,
    "total_ceq": 117.05146144640341,
    "num_expired_thresh": 0,
    "num_depleted": 0,
    "num_transmited_bytes": 429442944
  },
  "8": {
    "total_mJ": 1145984734.2321928,
    "total_ceq": 121.97134543044284,
    "num_expired_thresh": 0,
    "num_depleted": 0,
    "num_transmited_bytes": 429442944
  },
  "9": {
    "total_mJ": 1113540223.3946557,
    "total_ceq": 118.00094367397033,
    "num_expired_thresh": 0,
    "num_depleted": 0,
    "num_transmited_bytes": 429442944
  },
  "10": {
    "total_mJ": 605327837.9832628,
    "total_ceq": 64.28812483974882,
    "num_expired_thresh": 0,
    "num_depleted": 0,
    "num_transmited_bytes": 429442944
  },
  "11": {
    "total_mJ": 716340250.7616793,
    "total_ceq": 76.0055984986261,
    "num_expired_thresh": 0,
    "num_depleted": 0,
    "num_transmited_bytes": 429442944
  },
  "12": {
    "total_mJ": 874552966.1141667,
    "total_ceq": 93.37843950863488,
    "num_expired_thresh": 0,
    "num_depleted": 0,
    "num_transmited_bytes": 429442944
  },
  "13": {
    "total_mJ": 866746591.8670553,
    "total_ceq": 92.62496774757462,
    "num_expired_thresh": 0,
    "num_depleted": 0,
    "num_transmited_bytes": 429442944
  },
  "14": {
    "total_mJ": 908312525.6761838,
    "total_ceq": 96.49617127333424,
    "num_expired_thresh": 0,
    "num_depleted": 0,
    "num_transmited_bytes": 429442944
  },
  "15": {
    "total_mJ": 658511798.8920691,
    "total_ceq": 70.16888999590749,
    "num_expired_thresh": 0,
    "num_depleted": 0,
    "num_transmited_bytes": 429442944
  },
  "16": {
    "total_mJ": 1046396519.3489265,
    "total_ceq": 110.72033174343288,
    "num_expired_thresh": 0,
    "num_depleted": 0,
    "num_transmited_bytes": 429442944
  },
  "17": {
    "total_mJ": 1132386451.97127,
    "total_ceq": 121.1475515549869,
    "num_expired_thresh": 0,
    "num_depleted": 0,
    "num_transmited_bytes": 429442944
  },
  "18": {
    "total_mJ": 851338979.9342095,
    "total_ceq": 90.01951426792098,
    "num_expired_thresh": 0,
    "num_depleted": 0,
    "num_transmited_bytes": 429442944
  },
  "19": {
    "total_mJ": 1069647420.6980255,
    "total_ceq": 112.56559652850838,
    "num_expired_thresh": 0,
    "num_depleted": 0,
    "num_transmited_bytes": 429442944
  },
  "20": {
    "total_mJ": 771443504.1419328,
    "total_ceq": 81.61537705801466,
    "num_expired_thresh": 0,
    "num_depleted": 0,
    "num_transmited_bytes": 429442944
  },
  "21": {
    "total_mJ": 847306105.1303151,
    "total_ceq": 89.97531988506545,
    "num_expired_thresh": 0,
    "num_depleted": 0,
    "num_transmited_bytes": 429442944
  },
  "22": {
    "total_mJ": 601305531.505121,
    "total_ceq": 64.1933594810469,
    "num_expired_thresh": 0,
    "num_depleted": 0,
    "num_transmited_bytes": 429442944
  },
  "23": {
    "total_mJ": 615473431.8647949,
    "total_ceq": 65.32932346930185,
    "num_expired_thresh": 0,
    "num_depleted": 0,
    "num_transmited_bytes": 429442944
  },
  "24": {
    "total_mJ": 732126696.6239932,
    "total_ceq": 77.66267276397163,
    "num_expired_thresh": 0,
    "num_depleted": 0,
    "num_transmited_bytes": 429442944
  },
  "25": {
    "total_mJ": 617085444.5075411,
    "total_ceq": 65.5863429576695,
    "num_expired_thresh": 0,
    "num_depleted": 0,
    "num_transmited_bytes": 429442944
  },
  "26": {
    "total_mJ": 1085367623.8548305,
    "total_ceq": 115.8966555888748,
    "num_expired_thresh": 0,
    "num_depleted": 0,
    "num_transmited_bytes": 429442944
  },
  "27": {
    "total_mJ": 1139053979.895381,
    "total_ceq": 121.69163652351746,
    "num_expired_thresh": 0,
    "num_depleted": 0,
    "num_transmited_bytes": 429442944
  },
  "28": {
    "total_mJ": 1132075362.7959516,
    "total_ceq": 120.03672669627515,
    "num_expired_thresh": 0,
    "num_depleted": 0,
    "num_transmited_bytes": 429442944
  },
  "29": {
    "total_mJ": 1130547546.9515395,
    "total_ceq": 119.77818806078528,
    "num_expired_thresh": 0,
    "num_depleted": 0,
    "num_transmited_bytes": 429442944
  },
  "30": {
    "total_mJ": 770646032.3946347,
    "total_ceq": 81.41468159389974,
    "num_expired_thresh": 0,
    "num_depleted": 0,
    "num_transmited_bytes": 429442944
  },
  "31": {
    "total_mJ": 779776155.7099353,
    "total_ceq": 83.10691021815164,
    "num_expired_thresh": 0,
    "num_depleted": 0,
    "num_transmited_bytes": 429442944
  },
  "32": {
    "total_mJ": 759562441.6211399,
    "total_ceq": 80.92335159467916,
    "num_expired_thresh": 0,
    "num_depleted": 0,
    "num_transmited_bytes": 429442944
  },
  "33": {
    "total_mJ": 842963082.7319273,
    "total_ceq": 89.469608844942,
    "num_expired_thresh": 0,
    "num_depleted": 0,
    "num_transmited_bytes": 429442944
  },
  "34": {
    "total_mJ": 719827233.297073,
    "total_ceq": 76.43393553861816,
    "num_expired_thresh": 0,
    "num_depleted": 0,
    "num_transmited_bytes": 429442944
  },
  "35": {
    "total_mJ": 1118815096.9978614,
    "total_ceq": 118.74097607368493,
    "num_expired_thresh": 0,
    "num_depleted": 0,
    "num_transmited_bytes": 429442944
  },
  "36": {
    "total_mJ": 813087250.5175074,
    "total_ceq": 86.46297381273408,
    "num_expired_thresh": 0,
    "num_depleted": 0,
    "num_transmited_bytes": 429442944
  },
  "37": {
    "total_mJ": 1135640351.384434,
    "total_ceq": 121.34777817023249,
    "num_expired_thresh": 0,
    "num_depleted": 0,
    "num_transmited_bytes": 429442944
  },
  "38": {
    "total_mJ": 1078118216.8128684,
    "total_ceq": 114.370265014601,
    "num_expired_thresh": 0,
    "num_depleted": 0,
    "num_transmited_bytes": 429442944
  },
  "39": {
    "total_mJ": 1122220362.1023366,
    "total_ceq": 118.91440448728706,
    "num_expired_thresh": 0,
    "num_depleted": 0,
    "num_transmited_bytes": 429442944
  },
  "40": {
    "total_mJ": 1068642760.1306051,
    "total_ceq": 113.12546646467797,
    "num_expired_thresh": 0,
    "num_depleted": 0,
    "num_transmited_bytes": 429442944
  },
  "41": {
    "total_mJ": 1095890107.9065328,
    "total_ceq": 116.5974631698715,
    "num_expired_thresh": 0,
    "num_depleted": 0,
    "num_transmited_bytes": 429442944
  },
  "42": {
    "total_mJ": 630913997.0374299,
    "total_ceq": 67.62880259142142,
    "num_expired_thresh": 0,
    "num_depleted": 0,
    "num_transmited_bytes": 429442944
  },
  "43": {
    "total_mJ": 1095705477.5941482,
    "total_ceq": 116.71218771255276,
    "num_expired_thresh": 0,
    "num_depleted": 0,
    "num_transmited_bytes": 429442944
  },
  "44": {
    "total_mJ": 1004487791.0711124,
    "total_ceq": 107.38525155971553,
    "num_expired_thresh": 0,
    "num_depleted": 0,
    "num_transmited_bytes": 429442944
  },
  "45": {
    "total_mJ": 856842382.084597,
    "total_ceq": 90.59263094529906,
    "num_expired_thresh": 0,
    "num_depleted": 0,
    "num_transmited_bytes": 429442944
  },
  "46": {
    "total_mJ": 760654865.3305024,
    "total_ceq": 80.65148994598904,
    "num_expired_thresh": 0,
    "num_depleted": 0,
    "num_transmited_bytes": 429442944
  },
  "47": {
    "total_mJ": 859125923.8109754,