{
  "0": {
    "cen_loss": 2.302672222518921,
    "cen_accuracy": 0.1
  },
  "1": {
    "cen_loss": 2.302672222518921,
    "cen_accuracy": 0.1
  },
  "2": {
    "cen_loss": 2.6456075088500977,
    "cen_accuracy": 0.1
  },
  "3": {
    "cen_loss": 3.8642188987731934,
    "cen_accuracy": 0.1
  },
  "4": {
    "cen_loss": 3.581581974029541,
    "cen_accuracy": 0.1
  },
  "5": {
    "cen_loss": 4.7890785190582275,
    "cen_accuracy": 0.1
  },
  "6": {
    "cen_loss": 7.646082075500488,
    "cen_accuracy": 0.1
  },
  "7": {
    "cen_loss": 6.861395826721191,
    "cen_accuracy": 0.1
  },
  "8": {
    "cen_loss": 4.896063633728027,
    "cen_accuracy": 0.1
  },
  "9": {
    "cen_loss": 3.8449164123535158,
    "cen_accuracy": 0.1262
  },
  "10": {
    "cen_loss": 2.9241485694885254,
    "cen_accuracy": 0.2332
  },
  "11": {
    "cen_loss": 4.653371408462524,
    "cen_accuracy": 0.1029
  },
  "12": {
    "cen_loss": 3.6823202795028687,
    "cen_accuracy": 0.1802
  },
  "13": {
    "cen_loss": 3.7272115882873535,
    "cen_accuracy": 0.1701
  },
  "14": {
    "cen_loss": 1.874128920173645,
    "cen_accuracy": 0.3274
  },
  "15": {
    "cen_loss": 2.118765174484253,
    "cen_accuracy": 0.3261
  },
  "16": {
    "cen_loss": 2.1198401742935182,
    "cen_accuracy": 0.3061
  },
  "17": {
    "cen_loss": 3.400139634132385,
    "cen_accuracy": 0.1959
  },
  "18": {
    "cen_loss": 1.7450732788085936,
    "cen_accuracy": 0.3895
  },
  "19": {
    "cen_loss": 2.4048457000732424,
    "cen_accuracy": 0.3365
  },
  "20": {
    "cen_loss": 2.0337402660369874,
    "cen_accuracy": 0.3837
  },
  "21": {
    "cen_loss": 1.7825771631240845,
    "cen_accuracy": 0.4093
  },
  "22": {
    "cen_loss": 1.6375039994239806,
    "cen_accuracy": 0.4257
  },
  "23": {
    "cen_loss": 1.6030053814888001,
    "cen_accuracy": 0.4551
  },
  "24": {
    "cen_loss": 1.6930913368225098,
    "cen_accuracy": 0.4418
  },
  "25": {
    "cen_loss": 1.5614612635612488,
    "cen_accuracy": 0.4586
  },
  "26": {
    "cen_loss": 2.1655839735031126,
    "cen_accuracy": 0.3488
  },
  "27": {
    "cen_loss": 1.5120653387546539,
    "cen_accuracy": 0.506
  },
  "28": {
    "cen_loss": 1.4211510705947876,
    "cen_accuracy": 0.485
  },
  "29": {
    "cen_loss": 1.3862975568771363,
    "cen_accuracy": 0.5207
  },
  "30": {
    "cen_loss": 1.9540657271385193,
    "cen_accuracy": 0.381
  },
  "31": {
    "cen_loss": 1.7788078763961792,
    "cen_accuracy": 0.4044
  },
  "32": {
    "cen_loss": 2.2152161816596987,
    "cen_accuracy": 0.3435
  },
  "33": {
    "cen_loss": 1.6788460160255432,
    "cen_accuracy": 0.469
  },
  "34": {
    "cen_loss": 1.6731770489692688,
    "cen_accuracy": 0.4241
  },
  "35": {
    "cen_loss": 1.246344428253174,
    "cen_accuracy": 0.5591
  },
  "36": {
    "cen_loss": 1.9363005813598633,
    "cen_accuracy": 0.391
  },
  "37": {
    "cen_loss": 1.5324166296005248,
    "cen_accuracy": 0.4757
  },
  "38": {
    "cen_loss": 1.9985196076393128,
    "cen_accuracy": 0.3696
  },
  "39": {
    "cen_loss": 2.0997974769592287,
    "cen_accuracy": 0.4176
  },
  "40": {
    "cen_loss": 2.3574728946685792,
    "cen_accuracy": 0.3628
  },
  "41": {
    "cen_loss": 1.578524269104004,
    "cen_accuracy": 0.4832
  },
  "42": {
    "cen_loss": 1.4299427276611327,
    "cen_accuracy": 0.5024
  },
  "43": {
    "cen_loss": 1.3044854627609253,
    "cen_accuracy": 0.5493
  },
  "44": {
    "cen_loss": 1.5211191830635071,
    "cen_accuracy": 0.4891
  },
  "45": {
    "cen_loss": 2.2189325054168703,
    "cen_accuracy": 0.345
  },
  "46": {
    "cen_loss": 1.649441529560089,
    "cen_accuracy": 0.4387
  },
  "47": {
    "cen_loss": 1.616283092403412,
    "cen_accuracy": 0.4753
  },
  "48": {
    "cen_loss": 1.3108375678539277,
    "cen_accuracy": 0.5611
  },
  "49": {
    "cen_loss": 1.3345354612350464,
    "cen_accuracy": 0.551
  },
  "50": {
    "cen_loss": 1.4195104335784912,
    "cen_accuracy": 0.5385
  },
  "51": {
    "cen_loss": 1.3279221569538115,
    "cen_accuracy": 0.5542
  },
  "52": {
    "cen_loss": 1.2565915108680725,
    "cen_accuracy": 0.5768
  },
  "53": {
    "cen_loss": 1.5444760355949403,
    "cen_accuracy": 0.5006
  },
  "54": {
    "cen_loss": 1.3040904100894928,
    "cen_accuracy": 0.5617
  },
  "55": {
    "cen_loss": 1.8322088616371155,
    "cen_accuracy": 0.4261
  },
  "56": {
    "cen_loss": 1.6770501700401306,
    "cen_accuracy": 0.4529
  },
  "57": {
    "cen_loss": 1.6631274163246155,
    "cen_accuracy": 0.48
  },
  "58": {
    "cen_loss": 1.45609362244606,
    "cen_accuracy": 0.5291
  },
  "59": {
    "cen_loss": 2.3397987937927245,
    "cen_accuracy": 0.3466
  },
  "60": {
    "cen_loss": 1.3755839334487916,
    "cen_accuracy": 0.5317
  },
  "61": {
    "cen_loss": 1.8263546537399291,
    "cen_accuracy": 0.4385
  },
  "62": {
    "cen_loss": 2.1073442211151123,
    "cen_accuracy": 0.4171
  },
  "63": {
    "cen_loss": 1.7889563510417938,
    "cen_accuracy": 0.4685
  },
  "64": {
    "cen_loss": 1.6174962535381316,
    "cen_accuracy": 0.5456
  },
  "65": {
    "cen_loss": 1.4222300702571868,
    "cen_accuracy": 0.5299
  },
  "66": {
    "cen_loss": 1.1311237628459931,
    "cen_accuracy": 0.6225
  },
  "67": {
    "cen_loss": 1.4318608810424804,
    "cen_accuracy": 0.5126
  },
  "68": {
    "cen_loss": 1.2736145293235779,
    "cen_accuracy": 0.5769
  },
  "69": {
    "cen_loss": 1.024032784128189,
    "cen_accuracy": 0.6484
  },
  "70": {
    "cen_loss": 1.5882937829017638,
    "cen_accuracy": 0.5336
  },
  "71": {
    "cen_loss": 1.563697195482254,
    "cen_accuracy": 0.5202
  },
  "72": {
    "cen_loss": 1.6731660424232484,
    "cen_accuracy": 0.4594
  },
  "73": {
    "cen_loss": 1.3377138831615447,
    "cen_accuracy": 0.5806
  },
  "74": {
    "cen_loss": 1.468181077671051,
    "cen_accuracy": 0.5094
  },
  "75": {
    "cen_loss": 1.270031434392929,
    "cen_accuracy": 0.5561
  },
  "76": {
    "cen_loss": 1.416006328010559,
    "cen_accuracy": 0.5397
  },
  "77": {
    "cen_loss": 1.669097217655182,
    "cen_accuracy": 0.4782
  },
  "78": {
    "cen_loss": 1.8377086157798768,
    "cen_accuracy": 0.4721
  },
  "79": {
    "cen_loss": 1.1942164727210998,
    "cen_accuracy": 0.6068
  },
  "80": {
    "cen_loss": 1.2349168417453766,
    "cen_accuracy": 0.5824
  },
  "81": {
    "cen_loss": 1.6700645006656647,
    "cen_accuracy": 0.4863
  },
  "82": {
    "cen_loss": 1.1791155012607575,
    "cen_accuracy": 0.5962
  },
  "83": {
    "cen_loss": 1.326286641407013,
    "cen_accuracy": 0.5685
  },
  "84": {
    "cen_loss": 1.3317603567600251,
    "cen_accuracy": 0.5508
  },
  "85": {
    "cen_loss": 1.6862441617965698,
    "cen_accuracy": 0.4567
  },
  "86": {
    "cen_loss": 1.1705792437553406,
    "cen_accuracy": 0.6045
  },
  "87": {
    "cen_loss": 1.37820383644104,
    "cen_accuracy": 0.5501
  },
  "88": {
    "cen_loss": 1.7606995189666748,
    "cen_accuracy": 0.4612
  },
  "89": {
    "cen_loss": 1.1176755066871642,
    "cen_accuracy": 0.6287
  },
  "90": {
    "cen_loss": 1.358026062774658,
    "cen_accuracy": 0.575
  },
  "91": {
    "cen_loss": 1.3454114593029023,
    "cen_accuracy": 0.5588
  },
  "92": {
    "cen_loss": 1.286022460460663,
    "cen_accuracy": 0.5962
  },
  "93": {
    "cen_loss": 1.2728132909297942,
    "cen_accuracy": 0.5871
  },
  "94": {
    "cen_loss": 1.2979976259231567,
    "cen_accuracy": 0.5982
  },
  "95": {
    "cen_loss": 1.210468925666809,
    "cen_accuracy": 0.588
  },
  "96": {
    "cen_loss": 1.3806743867397309,
    "cen_accuracy": 0.5667
  },
  "97": {
    "cen_loss": 1.130022299671173,
    "cen_accuracy": 0.6279
  },
  "98": {
    "cen_loss": 1.11857704911232,
    "cen_accuracy": 0.6164
  },
  "99": {
    "cen_loss": 1.3650359012126922,
    "cen_accuracy": 0.583
  },
  "100": {
    "cen_loss": 1.1860888662815094,
    "cen_accuracy": 0.6242
  },
  "101": {
    "cen_loss": 1.4723548312187196,
    "cen_accuracy": 0.5375
  }
}