{
  "0": {
    "cen_loss": 2.30270415186882,
    "cen_accuracy": 0.101375
  },
  "1": {
    "cen_loss": 2.30270415186882,
    "cen_accuracy": 0.101375
  },
  "2": {
    "cen_loss": 2.3695380697250368,
    "cen_accuracy": 0.101125
  },
  "3": {
    "cen_loss": 2.3274561812877654,
    "cen_accuracy": 0.10125
  },
  "4": {
    "cen_loss": 2.3161976969242097,
    "cen_accuracy": 0.098625
  },
  "5": {
    "cen_loss": 2.3907464683055877,
    "cen_accuracy": 0.096125
  },
  "6": {
    "cen_loss": 2.422418643593788,
    "cen_accuracy": 0.10125
  },
  "7": {
    "cen_loss": 2.506796438574791,
    "cen_accuracy": 0.09975
  },
  "8": {
    "cen_loss": 2.3519345667362215,
    "cen_accuracy": 0.098
  },
  "9": {
    "cen_loss": 2.40744488799572,
    "cen_accuracy": 0.09975
  },
  "10": {
    "cen_loss": 2.437285786628723,
    "cen_accuracy": 0.1025
  },
  "11": {
    "cen_loss": 2.383742323875427,
    "cen_accuracy": 0.097875
  },
  "12": {
    "cen_loss": 2.343730437994003,
    "cen_accuracy": 0.097875
  },
  "13": {
    "cen_loss": 2.3574223337173463,
    "cen_accuracy": 0.1125
  },
  "14": {
    "cen_loss": 2.3332185995578767,
    "cen_accuracy": 0.09975
  },
  "15": {
    "cen_loss": 2.3713948179483415,
    "cen_accuracy": 0.094875
  },
  "16": {
    "cen_loss": 2.5185345034599305,
    "cen_accuracy": 0.099875
  },
  "17": {
    "cen_loss": 2.437787455201149,
    "cen_accuracy": 0.10125
  },
  "18": {
    "cen_loss": 2.407133124947548,
    "cen_accuracy": 0.098
  },
  "19": {
    "cen_loss": 2.463337675690651,
    "cen_accuracy": 0.10125
  },
  "20": {
    "cen_loss": 2.4113618369102476,
    "cen_accuracy": 0.142375
  },
  "21": {
    "cen_loss": 2.4006399776935576,
    "cen_accuracy": 0.101625
  },
  "22": {
    "cen_loss": 2.4265356459617613,
    "cen_accuracy": 0.1005
  },
  "23": {
    "cen_loss": 2.3928589026927947,
    "cen_accuracy": 0.101125
  },
  "24": {
    "cen_loss": 2.3146941268444063,
    "cen_accuracy": 0.127
  },
  "25": {
    "cen_loss": 2.3435742307901384,
    "cen_accuracy": 0.1005
  },
  "26": {
    "cen_loss": 2.3463325304985045,
    "cen_accuracy": 0.099625
  },
  "27": {
    "cen_loss": 2.4084450308084486,
    "cen_accuracy": 0.099375
  },
  "28": {
    "cen_loss": 2.4428654346466065,
    "cen_accuracy": 0.104375
  },
  "29": {
    "cen_loss": 2.3450646132230757,
    "cen_accuracy": 0.09925
  },
  "30": {
    "cen_loss": 2.315730480790138,
    "cen_accuracy": 0.137375
  },
  "31": {
    "cen_loss": 2.315730480790138,
    "cen_accuracy": 0.137375
  },
  "32": {
    "cen_loss": 2.2707776390314103,
    "cen_accuracy": 0.133125
  },
  "33": {
    "cen_loss": 2.3664922437667846,
    "cen_accuracy": 0.0995
  },
  "34": {
    "cen_loss": 2.328327105164528,
    "cen_accuracy": 0.120125
  },
  "35": {
    "cen_loss": 2.488809393286705,
    "cen_accuracy": 0.1015
  },
  "36": {
    "cen_loss": 2.3990118826627733,
    "cen_accuracy": 0.112125
  },
  "37": {
    "cen_loss": 2.375990867733955,
    "cen_accuracy": 0.13625
  },
  "38": {
    "cen_loss": 2.4582124094963076,
    "cen_accuracy": 0.0965
  },
  "39": {
    "cen_loss": 2.3930805406570435,
    "cen_accuracy": 0.10075
  },
  "40": {
    "cen_loss": 2.2962782864570617,
    "cen_accuracy": 0.149375
  },
  "41": {
    "cen_loss": 2.35721101641655,
    "cen_accuracy": 0.103
  },
  "42": {
    "cen_loss": 2.308414149045944,
    "cen_accuracy": 0.145625
  },
  "43": {
    "cen_loss": 2.404389847278595,
    "cen_accuracy": 0.097875
  },
  "44": {
    "cen_loss": 2.4685292140245436,
    "cen_accuracy": 0.105625
  },
  "45": {
    "cen_loss": 2.3743567588329317,
    "cen_accuracy": 0.10375
  },
  "46": {
    "cen_loss": 2.3156154032945633,
    "cen_accuracy": 0.1015
  },
  "47": {
    "cen_loss": 2.4492213267087934,
    "cen_accuracy": 0.097875
  },
  "48": {
    "cen_loss": 2.3827252447605134,
    "cen_accuracy": 0.1105
  },
  "49": {
    "cen_loss": 2.469939109802246,
    "cen_accuracy": 0.102625
  },
  "50": {
    "cen_loss": 2.3588380782604217,
    "cen_accuracy": 0.132125
  },
  "51": {
    "cen_loss": 2.5386083722114563,
    "cen_accuracy": 0.098625
  },
  "52": {
    "cen_loss": 2.5204862500429153,
    "cen_accuracy": 0.0985
  },
  "53": {
    "cen_loss": 2.3208184814453126,
    "cen_accuracy": 0.151125
  },
  "54": {
    "cen_loss": 2.3423533829450607,
    "cen_accuracy": 0.138125
  },
  "55": {
    "cen_loss": 2.340767045378685,
    "cen_accuracy": 0.13775
  },
  "56": {
    "cen_loss": 2.4817004672288894,
    "cen_accuracy": 0.0965
  },
  "57": {
    "cen_loss": 2.2344229325056078,
    "cen_accuracy": 0.12575
  },
  "58": {
    "cen_loss": 2.3517624577283858,
    "cen_accuracy": 0.115625
  },
  "59": {
    "cen_loss": 2.391175501704216,
    "cen_accuracy": 0.16075
  },
  "60": {
    "cen_loss": 2.3367731795310975,
    "cen_accuracy": 0.176125
  },
  "61": {
    "cen_loss": 2.542408692121506,
    "cen_accuracy": 0.11175
  },
  "62": {
    "cen_loss": 2.328068777561188,
    "cen_accuracy": 0.172375
  },
  "63": {
    "cen_loss": 2.3334928131103516,
    "cen_accuracy": 0.098625
  },
  "64": {
    "cen_loss": 2.424351850748062,
    "cen_accuracy": 0.1185
  },
  "65": {
    "cen_loss": 2.3306212084293367,
    "cen_accuracy": 0.134625
  },
  "66": {
    "cen_loss": 2.5229282052516937,
    "cen_accuracy": 0.1085
  },
  "67": {
    "cen_loss": 2.6791402661800383,
    "cen_accuracy": 0.206
  },
  "68": {
    "cen_loss": 2.474120635151863,
    "cen_accuracy": 0.102
  },
  "69": {
    "cen_loss": 2.7097368125915526,
    "cen_accuracy": 0.167625
  },
  "70": {
    "cen_loss": 2.80925229036808,
    "cen_accuracy": 0.184375
  },
  "71": {
    "cen_loss": 2.4806258912086485,
    "cen_accuracy": 0.164625
  },
  "72": {
    "cen_loss": 2.59041956615448,
    "cen_accuracy": 0.162125
  },
  "73": {
    "cen_loss": 2.466335359454155,
    "cen_accuracy": 0.13975
  },
  "74": {
    "cen_loss": 2.943671727538109,
    "cen_accuracy": 0.117
  },
  "75": {
    "cen_loss": 2.8863057354688646,
    "cen_accuracy": 0.169375
  },
  "76": {
    "cen_loss": 2.547621301651001,
    "cen_accuracy": 0.17475
  },
  "77": {
    "cen_loss": 2.2395941638946533,
    "cen_accuracy": 0.15575
  },
  "78": {
    "cen_loss": 2.5155459990501403,
    "cen_accuracy": 0.16975
  },
  "79": {
    "cen_loss": 3.0028181689977647,
    "cen_accuracy": 0.106
  },
  "80": {
    "cen_loss": 3.151963599562645,
    "cen_accuracy": 0.127125
  },
  "81": {
    "cen_loss": 2.712834919095039,
    "cen_accuracy": 0.180875
  },
  "82": {
    "cen_loss": 2.507333622097969,
    "cen_accuracy": 0.164125
  },
  "83": {
    "cen_loss": 2.6296606577634813,
    "cen_accuracy": 0.13725
  },
  "84": {
    "cen_loss": 2.7470656870603563,
    "cen_accuracy": 0.098625
  },
  "85": {
    "cen_loss": 2.921568320155144,
    "cen_accuracy": 0.101375
  },
  "86": {
    "cen_loss": 2.4423941142559054,
    "cen_accuracy": 0.106
  },
  "87": {
    "cen_loss": 2.8546957696676256,
    "cen_accuracy": 0.122
  },
  "88": {
    "cen_loss": 2.488391328215599,
    "cen_accuracy": 0.15125
  },
  "89": {
    "cen_loss": 2.7945837770700455,
    "cen_accuracy": 0.177625
  },
  "90": {
    "cen_loss": 3.0412439572811127,
    "cen_accuracy": 0.184375
  },
  "91": {
    "cen_loss": 2.310374336719513,
    "cen_accuracy": 0.11
  },
  "92": {
    "cen_loss": 2.287345113277435,
    "cen_accuracy": 0.145375
  },
  "93": {
    "cen_loss": 2.4510872001647948,
    "cen_accuracy": 0.13975
  },
  "94": {
    "cen_loss": 2.490385468959808,
    "cen_accuracy": 0.14225
  },
  "95": {
    "cen_loss": 2.2585072576999665,
    "cen_accuracy": 0.184125
  },
  "96": {
    "cen_loss": 2.3767330753803253,
    "cen_accuracy": 0.214
  },
  "97": {
    "cen_loss": 2.358550451517105,
    "cen_accuracy": 0.135625
  },
  "98": {
    "cen_loss": 2.2487226008176804,
    "cen_accuracy": 0.14675
  },
  "99": {
    "cen_loss": 2.3454842413663863,
    "cen_accuracy": 0.1085
  },
  "100": {
    "cen_loss": 2.238142942070961,
    "cen_accuracy": 0.139375
  },
  "101": {
    "cen_loss": 2.172941475868225,