{
  "2": {
    "total_mJ": 123118690.65023388,
    "total_ceq": 12.352484818917844,
    "num_expired_thresh": 0,
    "num_depleted": 0,
    "num_transmited_bytes": 787312064
  },
  "3": {
    "total_mJ": 117924517.29700829,
    "total_ceq": 11.836308384407328,
    "num_expired_thresh": 0,
    "num_depleted": 0,
    "num_transmited_bytes": 787312064
  },
  "4": {
    "total_mJ": 172114246.46626425,
    "total_ceq": 17.073848144623977,
    "num_expired_thresh": 0,
    "num_depleted": 0,
    "num_transmited_bytes": 787312064
  },
  "5": {
    "total_mJ": 139622796.31237692,
    "total_ceq": 14.363184757464582,
    "num_expired_thresh": 0,
    "num_depleted": 0,
    "num_transmited_bytes": 787312064
  },
  "6": {
    "total_mJ": 103759017.99011485,
    "total_ceq": 10.590608019879506,
    "num_expired_thresh": 0,
    "num_depleted": 0,
    "num_transmited_bytes": 787312064
  },
  "7": {
    "total_mJ": 121494578.34843779,
    "total_ceq": 12.162953115385156,
    "num_expired_thresh": 0,
    "num_depleted": 0,
    "num_transmited_bytes": 787312064
  },
  "8": {
    "total_mJ": 112118671.80519485,
    "total_ceq": 11.510691228253192,
    "num_expired_thresh": 0,
    "num_depleted": 0,
    "num_transmited_bytes": 787312064
  },
  "9": {
    "total_mJ": 90441996.55106658,
    "total_ceq": 9.024610153308656,
    "num_expired_thresh": 0,
    "num_depleted": 0,
    "num_transmited_bytes": 787312064
  },
  "10": {
    "total_mJ": 123761278.74562748,
    "total_ceq": 12.482799338805522,
    "num_expired_thresh": 0,
    "num_depleted": 0,
    "num_transmited_bytes": 787312064
  },
  "11": {
    "total_mJ": 120444902.2158767,
    "total_ceq": 12.078584775217434,
    "num_expired_thresh": 0,
    "num_depleted": 0,
    "num_transmited_bytes": 787312064
  },
  "12": {
    "total_mJ": 134404894.32111782,
    "total_ceq": 13.570584188193047,
    "num_expired_thresh": 0,
    "num_depleted": 0,
    "num_transmited_bytes": 787312064
  },
  "13": {
    "total_mJ": 132273236.79871944,
    "total_ceq": 13.274593836316955,
    "num_expired_thresh": 0,
    "num_depleted": 0,
    "num_transmited_bytes": 787312064
  },
  "14": {
    "total_mJ": 104251894.26706587,
    "total_ceq": 10.687103969959383,
    "num_expired_thresh": 0,
    "num_depleted": 0,
    "num_transmited_bytes": 787312064
  },
  "15": {
    "total_mJ": 120376649.16824086,
    "total_ceq": 11.985036185937197,
    "num_expired_thresh": 0,
    "num_depleted": 0,
    "num_transmited_bytes": 787312064
  },
  "16": {
    "total_mJ": 159851278.09229574,
    "total_ceq": 16.236033049049542,
    "num_expired_thresh": 0,
    "num_depleted": 0,
    "num_transmited_bytes": 787312064
  },
  "17": {
    "total_mJ": 109073486.40920025,
    "total_ceq": 10.846768076894723,
    "num_expired_thresh": 0,
    "num_depleted": 0,
    "num_transmited_bytes": 787312064
  },
  "18": {
    "total_mJ": 155513828.3955987,
    "total_ceq": 15.989618377732977,
    "num_expired_thresh": 0,
    "num_depleted": 0,
    "num_transmited_bytes": 787312064
  },
  "19": {
    "total_mJ": 159494836.1657735,
    "total_ceq": 15.729848810897128,
    "num_expired_thresh": 0,
    "num_depleted": 0,
    "num_transmited_bytes": 787312064
  },
  "20": {
    "total_mJ": 137525446.3552611,
    "total_ceq": 13.747388916745575,
    "num_expired_thresh": 0,
    "num_depleted": 0,
    "num_transmited_bytes": 787312064
  },
  "21": {
    "total_mJ": 157425008.2484317,
    "total_ceq": 15.630935355246756,
    "num_expired_thresh": 0,
    "num_depleted": 0,
    "num_transmited_bytes": 787312064
  },
  "22": {
    "total_mJ": 121593861.05511777,
    "total_ceq": 12.455448101171546,
    "num_expired_thresh": 0,
    "num_depleted": 0,
    "num_transmited_bytes": 787312064
  },
  "23": {
    "total_mJ": 138657786.50327286,
    "total_ceq": 13.943437773317424,
    "num_expired_thresh": 0,
    "num_depleted": 0,
    "num_transmited_bytes": 787312064
  },
  "24": {
    "total_mJ": 91951771.15177582,
    "total_ceq": 9.275030201388857,
    "num_expired_thresh": 0,
    "num_depleted": 0,
    "num_transmited_bytes": 787312064
  },
  "25": {
    "total_mJ": 119959381.09165081,
    "total_ceq": 12.135588649057766,
    "num_expired_thresh": 0,
    "num_depleted": 0,
    "num_transmited_bytes": 787312064
  },
  "26": {
    "total_mJ": 140119201.52212128,
    "total_ceq": 14.377584973485765,
    "num_expired_thresh": 0,
    "num_depleted": 0,
    "num_transmited_bytes": 787312064
  },
  "27": {
    "total_mJ": 154530640.0848205,
    "total_ceq": 15.822479425155631,
    "num_expired_thresh": 0,
    "num_depleted": 0,
    "num_transmited_bytes": 787312064
  },
  "28": {
    "total_mJ": 135538087.15905136,
    "total_ceq": 13.69078104725323,
    "num_expired_thresh": 0,
    "num_depleted": 0,
    "num_transmited_bytes": 787312064
  },
  "29": {
    "total_mJ": 137358763.86592254,
    "total_ceq": 13.920734397023043,
    "num_expired_thresh": 0,
    "num_depleted": 0,
    "num_transmited_bytes": 787312064
  },
  "30": {
    "total_mJ": 160898093.20943853,
    "total_ceq": 16.315755049745366,
    "num_expired_thresh": 0,
    "num_depleted": 0,
    "num_transmited_bytes": 787312064
  },
  "32": {
    "total_mJ": 71177144.84406069,
    "total_ceq": 7.3118460210147305,
    "num_expired_thresh": 0,
    "num_depleted": 0,
    "num_transmited_bytes": 787312064
  },
  "33": {
    "total_mJ": 155057977.5639506,
    "total_ceq": 15.98986911353836,
    "num_expired_thresh": 0,
    "num_depleted": 0,
    "num_transmited_bytes": 787312064
  },
  "34": {
    "total_mJ": 111305645.4373139,
    "total_ceq": 11.070652340304887,
    "num_expired_thresh": 0,
    "num_depleted": 0,
    "num_transmited_bytes": 787312064
  },
  "35": {
    "total_mJ": 137299428.25615653,
    "total_ceq": 13.890280816051924,
    "num_expired_thresh": 5,
    "num_depleted": 0,
    "num_transmited_bytes": 787312064
  },
  "36": {
    "total_mJ": 117421315.20385982,
    "total_ceq": 11.772004277870531,
    "num_expired_thresh": 13,
    "num_depleted": 0,
    "num_transmited_bytes": 787312064
  },
  "37": {
    "total_mJ": 116864058.73196088,
    "total_ceq": 11.898635330299445,
    "num_expired_thresh": 19,
    "num_depleted": 0,
    "num_transmited_bytes": 787312064
  },
  "38": {
    "total_mJ": 131408363.08062059,
    "total_ceq": 13.390598860437608,
    "num_expired_thresh": 19,
    "num_depleted": 0,
    "num_transmited_bytes": 787312064
  },
  "39": {
    "total_mJ": 155063549.4889263,
    "total_ceq": 15.8751858607951,
    "num_expired_thresh": 19,
    "num_depleted": 0,
    "num_transmited_bytes": 787312064
  },
  "40": {
    "total_mJ": 86459245.00788364,
    "total_ceq": 8.785736330700981,
    "num_expired_thresh": 19,
    "num_depleted": 0,
    "num_transmited_bytes": 787312064
  },
  "41": {
    "total_mJ": 138052679.48504612,
    "total_ceq": 14.040078624530098,
    "num_expired_thresh": 19,
    "num_depleted": 0,
    "num_transmited_bytes": 787312064
  },
  "42": {
    "total_mJ": 171821948.38815767,
    "total_ceq": 17.320027911137114,
    "num_expired_thresh": 19,
    "num_depleted": 0,
    "num_transmited_bytes": 787312064
  },
  "43": {
    "total_mJ": 118348055.26119289,
    "total_ceq": 11.963805298023152,
    "num_expired_thresh": 19,
    "num_depleted": 0,
    "num_transmited_bytes": 787312064
  },
  "44": {
    "total_mJ": 110263479.00101078,
    "total_ceq": 11.129729189001466,
    "num_expired_thresh": 19,
    "num_depleted": 0,
    "num_transmited_bytes": 787312064
  },
  "45": {
    "total_mJ": 162963046.27537316,
    "total_ceq": 16.585712102807864,
    "num_expired_thresh": 19,
    "num_depleted": 0,
    "num_transmited_bytes": 787312064
  },
  "46": {
    "total_mJ": 168733071.22293493,
    "total_ceq": 16.8724978936007,
    "num_expired_thresh": 19,
    "num_depleted": 0,
    "num_transmited_bytes": 787312064
  },
  "47": {
    "total_mJ": 159873240.06412694,
    "total_ceq": 15.840708054656815,
    "num_expired_thresh": 19,
    "num_depleted": 0,
    "num_transmited_bytes": 787312064
  },