{
  "0": {
    "cen_loss": 2.3034822883605957,
    "cen_accuracy": 0.1055
  },
  "1": {
    "cen_loss": 2.3034822883605957,
    "cen_accuracy": 0.1055
  },
  "2": {
    "cen_loss": 2.272199210357666,
    "cen_accuracy": 0.1357
  },
  "3": {
    "cen_loss": 2.159848827171326,
    "cen_accuracy": 0.1854
  },
  "4": {
    "cen_loss": 2.2655517219543455,
    "cen_accuracy": 0.2273
  },
  "5": {
    "cen_loss": 2.151850535774231,
    "cen_accuracy": 0.279
  },
  "6": {
    "cen_loss": 1.9669885900497437,
    "cen_accuracy": 0.3107
  },
  "7": {
    "cen_loss": 2.798369506263733,
    "cen_accuracy": 0.2344
  },
  "8": {
    "cen_loss": 1.9555530064582825,
    "cen_accuracy": 0.3553
  },
  "9": {
    "cen_loss": 1.7955110048294067,
    "cen_accuracy": 0.3844
  },
  "10": {
    "cen_loss": 1.7951612602233886,
    "cen_accuracy": 0.3849
  },
  "11": {
    "cen_loss": 2.2062243877410888,
    "cen_accuracy": 0.3429
  },
  "12": {
    "cen_loss": 1.7707926327705383,
    "cen_accuracy": 0.3907
  },
  "13": {
    "cen_loss": 2.0214251012802125,
    "cen_accuracy": 0.3794
  },
  "14": {
    "cen_loss": 1.945948855495453,
    "cen_accuracy": 0.384
  },
  "15": {
    "cen_loss": 1.8885246693611144,
    "cen_accuracy": 0.3966
  },
  "16": {
    "cen_loss": 1.7700320337295532,
    "cen_accuracy": 0.4439
  },
  "17": {
    "cen_loss": 2.2925496713638305,
    "cen_accuracy": 0.3592
  },
  "18": {
    "cen_loss": 2.4945834154129027,
    "cen_accuracy": 0.3477
  },
  "19": {
    "cen_loss": 1.79765775308609,
    "cen_accuracy": 0.4121
  },
  "20": {
    "cen_loss": 1.7976577368736266,
    "cen_accuracy": 0.4121
  },
  "21": {
    "cen_loss": 2.2264190990448,
    "cen_accuracy": 0.4056
  },
  "22": {
    "cen_loss": 2.0565105214118957,
    "cen_accuracy": 0.3848
  },
  "23": {
    "cen_loss": 1.9170318053245545,
    "cen_accuracy": 0.4131
  },
  "24": {
    "cen_loss": 2.9631991062164307,
    "cen_accuracy": 0.2541
  },
  "25": {
    "cen_loss": 1.9174953104019166,
    "cen_accuracy": 0.4166
  },
  "26": {
    "cen_loss": 2.1650698491096496,
    "cen_accuracy": 0.3815
  },
  "27": {
    "cen_loss": 1.7648863410949707,
    "cen_accuracy": 0.4398
  },
  "28": {
    "cen_loss": 1.9267093064308167,
    "cen_accuracy": 0.4321
  },
  "29": {
    "cen_loss": 1.927952184200287,
    "cen_accuracy": 0.4512
  },
  "30": {
    "cen_loss": 1.9279522101402282,
    "cen_accuracy": 0.4512
  },
  "31": {
    "cen_loss": 2.7388265995025636,
    "cen_accuracy": 0.3164
  },
  "32": {
    "cen_loss": 1.8571843358039857,
    "cen_accuracy": 0.4423
  },
  "33": {
    "cen_loss": 2.174324901008606,
    "cen_accuracy": 0.3829
  },
  "34": {
    "cen_loss": 2.032072241973877,
    "cen_accuracy": 0.4206
  },
  "35": {
    "cen_loss": 1.9333880080223083,
    "cen_accuracy": 0.419
  },
  "36": {
    "cen_loss": 2.75114338684082,
    "cen_accuracy": 0.3256
  },
  "37": {
    "cen_loss": 1.8869571263313294,
    "cen_accuracy": 0.426
  },
  "38": {
    "cen_loss": 1.7259761223793029,
    "cen_accuracy": 0.4675
  },
  "39": {
    "cen_loss": 2.8945424222946166,
    "cen_accuracy": 0.3697
  },
  "40": {
    "cen_loss": 2.8945423181533814,
    "cen_accuracy": 0.3697
  },
  "41": {
    "cen_loss": 2.2228975049972535,
    "cen_accuracy": 0.3673
  },
  "42": {
    "cen_loss": 2.393978497886658,
    "cen_accuracy": 0.4005
  },
  "43": {
    "cen_loss": 1.9004657905578612,
    "cen_accuracy": 0.4474
  },
  "44": {
    "cen_loss": 2.245534815406799,
    "cen_accuracy": 0.3989
  },
  "45": {
    "cen_loss": 2.3084076394081117,
    "cen_accuracy": 0.395
  },
  "46": {
    "cen_loss": 2.101071714687347,
    "cen_accuracy": 0.4346
  },
  "47": {
    "cen_loss": 1.9471030520439148,
    "cen_accuracy": 0.4123
  },
  "48": {
    "cen_loss": 1.8585175429344176,
    "cen_accuracy": 0.4562
  },
  "49": {
    "cen_loss": 1.8406792760849,
    "cen_accuracy": 0.4572
  },
  "50": {
    "cen_loss": 1.8406792729377746,
    "cen_accuracy": 0.4572
  },
  "51": {
    "cen_loss": 1.7368559858322143,
    "cen_accuracy": 0.4568
  },
  "52": {
    "cen_loss": 1.7785189446926117,
    "cen_accuracy": 0.4715
  },
  "53": {
    "cen_loss": 2.1903354846000673,
    "cen_accuracy": 0.4081
  },
  "54": {
    "cen_loss": 2.0246044206619263,
    "cen_accuracy": 0.4621
  },
  "55": {
    "cen_loss": 2.0773676177978517,
    "cen_accuracy": 0.4102
  },
  "56": {
    "cen_loss": 1.8405707572937011,
    "cen_accuracy": 0.4467
  },
  "57": {
    "cen_loss": 2.141662938594818,
    "cen_accuracy": 0.4005
  },
  "58": {
    "cen_loss": 1.882624912261963,
    "cen_accuracy": 0.448
  },
  "59": {
    "cen_loss": 2.1911788447380065,
    "cen_accuracy": 0.4138
  },
  "60": {
    "cen_loss": 2.191178858375549,
    "cen_accuracy": 0.4138
  },
  "61": {
    "cen_loss": 2.0270596446990967,
    "cen_accuracy": 0.4183
  },
  "62": {
    "cen_loss": 2.100250814819336,
    "cen_accuracy": 0.4326
  },
  "63": {
    "cen_loss": 1.9524260613441466,
    "cen_accuracy": 0.4678
  },
  "64": {
    "cen_loss": 1.7066507730484008,
    "cen_accuracy": 0.4773
  },
  "65": {
    "cen_loss": 2.8922138139724733,
    "cen_accuracy": 0.3227
  },
  "66": {
    "cen_loss": 2.337910336971283,
    "cen_accuracy": 0.4238
  },
  "67": {
    "cen_loss": 1.8256513257980347,
    "cen_accuracy": 0.4644
  },
  "68": {
    "cen_loss": 1.9387887612342833,
    "cen_accuracy": 0.4539
  },
  "69": {
    "cen_loss": 2.1838677710533143,
    "cen_accuracy": 0.3971
  },
  "70": {
    "cen_loss": 2.1838677934646604,
    "cen_accuracy": 0.3971
  },
  "71": {
    "cen_loss": 1.848874263381958,
    "cen_accuracy": 0.4599
  },
  "72": {
    "cen_loss": 2.117356662273407,
    "cen_accuracy": 0.4293
  },
  "73": {
    "cen_loss": 1.876808352470398,
    "cen_accuracy": 0.456
  },
  "74": {
    "cen_loss": 1.9783869261741638,
    "cen_accuracy": 0.4182
  },
  "75": {
    "cen_loss": 2.3704803227424622,
    "cen_accuracy": 0.3695
  },
  "76": {
    "cen_loss": 2.159272794055939,
    "cen_accuracy": 0.4302
  },
  "77": {
    "cen_loss": 1.8676443887710572,
    "cen_accuracy": 0.4763
  },
  "78": {
    "cen_loss": 1.9122622488975525,
    "cen_accuracy": 0.4668
  },
  "79": {
    "cen_loss": 2.200221773529053,
    "cen_accuracy": 0.4127
  },
  "80": {
    "cen_loss": 2.200221779346466,
    "cen_accuracy": 0.4127
  },
  "81": {
    "cen_loss": 1.9342830076217652,
    "cen_accuracy": 0.4248
  },
  "82": {
    "cen_loss": 1.8389924529075623,
    "cen_accuracy": 0.4647
  },
  "83": {
    "cen_loss": 1.8164261679649354,
    "cen_accuracy": 0.4721
  },
  "84": {
    "cen_loss": 2.5147320850372314,
    "cen_accuracy": 0.3672
  },
  "85": {
    "cen_loss": 2.369643179893494,
    "cen_accuracy": 0.3634
  },
  "86": {
    "cen_loss": 2.208397310066223,
    "cen_accuracy": 0.4151
  },
  "87": {
    "cen_loss": 2.3876859786987303,
    "cen_accuracy": 0.3784
  },
  "88": {
    "cen_loss": 2.7639264574050904,
    "cen_accuracy": 0.3576
  },
  "89": {
    "cen_loss": 1.7863732131958008,
    "cen_accuracy": 0.46
  },
  "90": {
    "cen_loss": 1.7863732276916504,
    "cen_accuracy": 0.46
  },
  "91": {
    "cen_loss": 1.8496579365730286,
    "cen_accuracy": 0.4803
  },
  "92": {
    "cen_loss": 2.991916995048523,
    "cen_accuracy": 0.35
  },
  "93": {
    "cen_loss": 2.231238292503357,
    "cen_accuracy": 0.4231
  },
  "94": {
    "cen_loss": 2.2525814502716064,
    "cen_accuracy": 0.4357
  },
  "95": {
    "cen_loss": 2.727185915374756,
    "cen_accuracy": 0.3429
  },
  "96": {
    "cen_loss": 2.906745577907562,
    "cen_accuracy": 0.3722
  },
  "97": {
    "cen_loss": 2.2430867857933046,
    "cen_accuracy": 0.4026
  },
  "98": {
    "cen_loss": 1.793203427505493,
    "cen_accuracy": 0.4683
  },
  "99": {
    "cen_loss": 3.3432985404968263,
    "cen_accuracy": 0.3028
  },
  "100": {
    "cen_loss": 3.3432985752105715,
    "cen_accuracy": 0.3028
  },
  "101": {
    "cen_loss": 2.2235336713790894,
    "cen_accuracy": 0.3974
  }
}