{
  "0": {
    "cen_loss": 2.302672222518921,
    "cen_accuracy": 0.1
  },
  "1": {
    "cen_loss": 2.302672222518921,
    "cen_accuracy": 0.1
  },
  "2": {
    "cen_loss": 3.0584393772125242,
    "cen_accuracy": 0.1
  },
  "3": {
    "cen_loss": 6.670358670043945,
    "cen_accuracy": 0.1
  },
  "4": {
    "cen_loss": 6.82882991104126,
    "cen_accuracy": 0.1
  },
  "5": {
    "cen_loss": 6.257201634216308,
    "cen_accuracy": 0.1
  },
  "6": {
    "cen_loss": 6.286303373336792,
    "cen_accuracy": 0.1
  },
  "7": {
    "cen_loss": 5.065008430480957,
    "cen_accuracy": 0.1
  },
  "8": {
    "cen_loss": 6.134363544464112,
    "cen_accuracy": 0.1
  },
  "9": {
    "cen_loss": 6.730639387512207,
    "cen_accuracy": 0.1
  },
  "10": {
    "cen_loss": 6.608350124359131,
    "cen_accuracy": 0.1005
  },
  "11": {
    "cen_loss": 5.285720417785645,
    "cen_accuracy": 0.1187
  },
  "12": {
    "cen_loss": 5.742218557357788,
    "cen_accuracy": 0.1401
  },
  "13": {
    "cen_loss": 4.352470445632934,
    "cen_accuracy": 0.1861
  },
  "14": {
    "cen_loss": 4.665150117492676,
    "cen_accuracy": 0.1833
  },
  "15": {
    "cen_loss": 3.7056140979766847,
    "cen_accuracy": 0.1882
  },
  "16": {
    "cen_loss": 2.719768417930603,
    "cen_accuracy": 0.2556
  },
  "17": {
    "cen_loss": 2.476863766670227,
    "cen_accuracy": 0.2953
  },
  "18": {
    "cen_loss": 1.78926289396286,
    "cen_accuracy": 0.4354
  },
  "19": {
    "cen_loss": 1.9555046723365783,
    "cen_accuracy": 0.394
  },
  "20": {
    "cen_loss": 1.7006811386108398,
    "cen_accuracy": 0.4608
  },
  "21": {
    "cen_loss": 1.6343207711219787,
    "cen_accuracy": 0.4768
  },
  "22": {
    "cen_loss": 1.3836812728881835,
    "cen_accuracy": 0.5448
  },
  "23": {
    "cen_loss": 1.1456053627729417,
    "cen_accuracy": 0.6221
  },
  "24": {
    "cen_loss": 1.2578956260204315,
    "cen_accuracy": 0.5918
  },
  "25": {
    "cen_loss": 1.115828328561783,
    "cen_accuracy": 0.6337
  },
  "26": {
    "cen_loss": 1.0126194189071656,
    "cen_accuracy": 0.6652
  },
  "27": {
    "cen_loss": 1.0437548636913299,
    "cen_accuracy": 0.6602
  },
  "28": {
    "cen_loss": 1.0791961755037307,
    "cen_accuracy": 0.6488
  },
  "29": {
    "cen_loss": 1.060420173573494,
    "cen_accuracy": 0.6565
  },
  "30": {
    "cen_loss": 1.0377611176729202,
    "cen_accuracy": 0.6671
  },
  "31": {
    "cen_loss": 0.988633762216568,
    "cen_accuracy": 0.6842
  },
  "32": {
    "cen_loss": 0.9697046129703522,
    "cen_accuracy": 0.6905
  },
  "33": {
    "cen_loss": 0.9144753818035126,
    "cen_accuracy": 0.705
  },
  "34": {
    "cen_loss": 0.9594326755523682,
    "cen_accuracy": 0.6945
  },
  "35": {
    "cen_loss": 0.9151451489329339,
    "cen_accuracy": 0.7062
  },
  "36": {
    "cen_loss": 0.9410068374872208,
    "cen_accuracy": 0.7044
  },
  "37": {
    "cen_loss": 0.8796610194921494,
    "cen_accuracy": 0.7162
  },
  "38": {
    "cen_loss": 0.9374091313838959,
    "cen_accuracy": 0.7066
  },
  "39": {
    "cen_loss": 0.8844528261423111,
    "cen_accuracy": 0.7186
  },
  "40": {
    "cen_loss": 0.9167009003281593,
    "cen_accuracy": 0.7118
  },
  "41": {
    "cen_loss": 0.8875497663021088,
    "cen_accuracy": 0.7182
  },
  "42": {
    "cen_loss": 0.9016418168187141,
    "cen_accuracy": 0.7163
  },
  "43": {
    "cen_loss": 0.8718108715057373,
    "cen_accuracy": 0.7256
  },
  "44": {
    "cen_loss": 0.8349377529144287,
    "cen_accuracy": 0.737
  },
  "45": {
    "cen_loss": 0.8740368586421012,
    "cen_accuracy": 0.728
  },
  "46": {
    "cen_loss": 0.8843404390335083,
    "cen_accuracy": 0.7281
  },
  "47": {
    "cen_loss": 0.8270642940759659,
    "cen_accuracy": 0.7372
  },
  "48": {
    "cen_loss": 0.7875456744909286,
    "cen_accuracy": 0.7482
  },
  "49": {
    "cen_loss": 0.8072589587807655,
    "cen_accuracy": 0.7429
  },
  "50": {
    "cen_loss": 0.8307592053294182,
    "cen_accuracy": 0.7369
  },
  "51": {
    "cen_loss": 0.8172791922330856,
    "cen_accuracy": 0.7452
  },
  "52": {
    "cen_loss": 0.7792474215626717,
    "cen_accuracy": 0.7544
  },
  "53": {
    "cen_loss": 0.7730781816601753,
    "cen_accuracy": 0.7558
  },
  "54": {
    "cen_loss": 0.782626866042614,
    "cen_accuracy": 0.7516
  },
  "55": {
    "cen_loss": 0.7804742647886276,
    "cen_accuracy": 0.755
  },
  "56": {
    "cen_loss": 0.7821060921430588,
    "cen_accuracy": 0.7551
  },
  "57": {
    "cen_loss": 0.7934679164767265,
    "cen_accuracy": 0.7558
  },
  "58": {
    "cen_loss": 0.789565813601017,
    "cen_accuracy": 0.7533
  },
  "59": {
    "cen_loss": 0.7699458678126335,
    "cen_accuracy": 0.7589
  },
  "60": {
    "cen_loss": 0.7581695702433586,
    "cen_accuracy": 0.7595
  },
  "61": {
    "cen_loss": 0.7618623543262482,
    "cen_accuracy": 0.7635
  },
  "62": {
    "cen_loss": 0.7773309560179711,
    "cen_accuracy": 0.7624
  },
  "63": {
    "cen_loss": 0.7813169146537781,
    "cen_accuracy": 0.7608
  },
  "64": {
    "cen_loss": 0.7835283798217774,
    "cen_accuracy": 0.7581
  },
  "65": {
    "cen_loss": 0.7829931238889695,
    "cen_accuracy": 0.7584
  },
  "66": {
    "cen_loss": 0.7617285168528557,
    "cen_accuracy": 0.7648
  },
  "67": {
    "cen_loss": 0.7531241527557373,
    "cen_accuracy": 0.7715
  },
  "68": {
    "cen_loss": 0.7199206635594368,
    "cen_accuracy": 0.7721
  },
  "69": {
    "cen_loss": 0.751105502229929,
    "cen_accuracy": 0.7694
  },
  "70": {
    "cen_loss": 0.7332989202558994,
    "cen_accuracy": 0.7728
  },
  "71": {
    "cen_loss": 0.7201821789622307,
    "cen_accuracy": 0.7781
  },
  "72": {
    "cen_loss": 0.7489270161390305,
    "cen_accuracy": 0.7718
  },
  "73": {
    "cen_loss": 0.7274824535489083,
    "cen_accuracy": 0.7786
  },
  "74": {
    "cen_loss": 0.7405860482633114,
    "cen_accuracy": 0.7736
  },
  "75": {
    "cen_loss": 0.7381286886274815,
    "cen_accuracy": 0.7745
  },
  "76": {
    "cen_loss": 0.7727835662841797,
    "cen_accuracy": 0.7658
  },
  "77": {
    "cen_loss": 0.7156357223391533,
    "cen_accuracy": 0.7795
  },
  "78": {
    "cen_loss": 0.7274262981712818,
    "cen_accuracy": 0.7781
  },
  "79": {
    "cen_loss": 0.7187942643940449,
    "cen_accuracy": 0.7798
  },
  "80": {
    "cen_loss": 0.7331083796679974,
    "cen_accuracy": 0.7801
  },
  "81": {
    "cen_loss": 0.7222648807406425,
    "cen_accuracy": 0.7805
  },
  "82": {
    "cen_loss": 0.7258148637712002,
    "cen_accuracy": 0.7784
  },
  "83": {
    "cen_loss": 0.7186324318289756,
    "cen_accuracy": 0.7808
  },
  "84": {
    "cen_loss": 0.7204293257296085,
    "cen_accuracy": 0.781
  },
  "85": {
    "cen_loss": 0.7063596719920635,
    "cen_accuracy": 0.7819
  },
  "86": {
    "cen_loss": 0.7139069860577584,
    "cen_accuracy": 0.7833
  },
  "87": {
    "cen_loss": 0.7110684357792139,
    "cen_accuracy": 0.7808
  },
  "88": {
    "cen_loss": 0.7171097005605698,
    "cen_accuracy": 0.782
  },
  "89": {
    "cen_loss": 0.7136290018081665,
    "cen_accuracy": 0.7848
  },
  "90": {
    "cen_loss": 0.6919252022862434,
    "cen_accuracy": 0.79
  },
  "91": {
    "cen_loss": 0.6984955101013184,
    "cen_accuracy": 0.7888
  },
  "92": {
    "cen_loss": 0.7154080385386944,
    "cen_accuracy": 0.7833
  },
  "93": {
    "cen_loss": 0.7030947373151779,
    "cen_accuracy": 0.7901
  },
  "94": {
    "cen_loss": 0.7030013847649097,
    "cen_accuracy": 0.7865
  },
  "95": {
    "cen_loss": 0.7075847227633,
    "cen_accuracy": 0.7901
  },
  "96": {
    "cen_loss": 0.6960566727638244,
    "cen_accuracy": 0.7884
  },
  "97": {
    "cen_loss": 0.7086195384949445,
    "cen_accuracy": 0.7905
  },
  "98": {
    "cen_loss": 0.70456554967165,
    "cen_accuracy": 0.7921
  },
  "99": {
    "cen_loss": 0.6995071352541447,
    "cen_accuracy": 0.7924
  },
  "100": {
    "cen_loss": 0.7351301487147808,
    "cen_accuracy": 0.7822
  },
  "101": {
    "cen_loss": 0.683489114060998,
    "cen_accuracy": 0.7929
  }
}