{
  "0": {
    "cen_loss": 2.3027744300842286,
    "cen_accuracy": 0.1
  },
  "1": {
    "cen_loss": 2.3027744300842286,
    "cen_accuracy": 0.1
  },
  "2": {
    "cen_loss": 4.353674532318116,
    "cen_accuracy": 0.1
  },
  "3": {
    "cen_loss": 5.025563934707642,
    "cen_accuracy": 0.1
  },
  "4": {
    "cen_loss": 3.051354309463501,
    "cen_accuracy": 0.1029
  },
  "5": {
    "cen_loss": 2.837360702896118,
    "cen_accuracy": 0.1182
  },
  "6": {
    "cen_loss": 4.146332036209106,
    "cen_accuracy": 0.1376
  },
  "7": {
    "cen_loss": 2.9035338638305666,
    "cen_accuracy": 0.1796
  },
  "8": {
    "cen_loss": 5.5230694744110105,
    "cen_accuracy": 0.1482
  },
  "9": {
    "cen_loss": 3.7178083801269532,
    "cen_accuracy": 0.1721
  },
  "10": {
    "cen_loss": 2.7165643304824827,
    "cen_accuracy": 0.2099
  },
  "11": {
    "cen_loss": 3.8316576517105103,
    "cen_accuracy": 0.1763
  },
  "12": {
    "cen_loss": 2.14702904586792,
    "cen_accuracy": 0.2827
  },
  "13": {
    "cen_loss": 2.093308393287659,
    "cen_accuracy": 0.2751
  },
  "14": {
    "cen_loss": 2.621488899421692,
    "cen_accuracy": 0.2656
  },
  "15": {
    "cen_loss": 2.5743108341217043,
    "cen_accuracy": 0.2684
  },
  "16": {
    "cen_loss": 2.722532236099243,
    "cen_accuracy": 0.2436
  },
  "17": {
    "cen_loss": 2.4658603734970095,
    "cen_accuracy": 0.3017
  },
  "18": {
    "cen_loss": 2.5452085428237914,
    "cen_accuracy": 0.2424
  },
  "19": {
    "cen_loss": 3.9374828804016113,
    "cen_accuracy": 0.1642
  },
  "20": {
    "cen_loss": 1.8663040700912477,
    "cen_accuracy": 0.3565
  },
  "21": {
    "cen_loss": 1.5761577075958253,
    "cen_accuracy": 0.4449
  },
  "22": {
    "cen_loss": 2.4412040378570556,
    "cen_accuracy": 0.2749
  },
  "23": {
    "cen_loss": 2.6830129747390745,
    "cen_accuracy": 0.3095
  },
  "24": {
    "cen_loss": 3.7237861110687254,
    "cen_accuracy": 0.1951
  },
  "25": {
    "cen_loss": 2.006522635746002,
    "cen_accuracy": 0.364
  },
  "26": {
    "cen_loss": 2.396974325942993,
    "cen_accuracy": 0.3217
  },
  "27": {
    "cen_loss": 2.043827712440491,
    "cen_accuracy": 0.3315
  },
  "28": {
    "cen_loss": 1.7237224891662597,
    "cen_accuracy": 0.4403
  },
  "29": {
    "cen_loss": 2.9759767641067505,
    "cen_accuracy": 0.2832
  },
  "30": {
    "cen_loss": 1.8969388637542726,
    "cen_accuracy": 0.3915
  },
  "31": {
    "cen_loss": 2.701479175376892,
    "cen_accuracy": 0.305
  },
  "32": {
    "cen_loss": 2.5677014068603516,
    "cen_accuracy": 0.2769
  },
  "33": {
    "cen_loss": 2.5765594172477724,
    "cen_accuracy": 0.2666
  },
  "34": {
    "cen_loss": 2.7849161708831787,
    "cen_accuracy": 0.2989
  },
  "35": {
    "cen_loss": 4.030331670188904,
    "cen_accuracy": 0.2816
  },
  "36": {
    "cen_loss": 1.9661955396652222,
    "cen_accuracy": 0.3565
  },
  "37": {
    "cen_loss": 2.22835330619812,
    "cen_accuracy": 0.3182
  },
  "38": {
    "cen_loss": 4.635766218948365,
    "cen_accuracy": 0.1496
  },
  "39": {
    "cen_loss": 2.535370026779175,
    "cen_accuracy": 0.321
  },
  "40": {
    "cen_loss": 2.5539852865219115,
    "cen_accuracy": 0.2521
  },
  "41": {
    "cen_loss": 2.4700798063278198,
    "cen_accuracy": 0.2986
  },
  "42": {
    "cen_loss": 2.3387489162445068,
    "cen_accuracy": 0.3148
  },
  "43": {
    "cen_loss": 2.2802945377349855,
    "cen_accuracy": 0.3582
  },
  "44": {
    "cen_loss": 2.6355898111343383,
    "cen_accuracy": 0.3531
  },
  "45": {
    "cen_loss": 2.7195442352294923,
    "cen_accuracy": 0.3192
  },
  "46": {
    "cen_loss": 2.488721287727356,
    "cen_accuracy": 0.2716
  },
  "47": {
    "cen_loss": 2.8780873657226564,
    "cen_accuracy": 0.2704
  },
  "48": {
    "cen_loss": 1.9393726037025452,
    "cen_accuracy": 0.4059
  },
  "49": {
    "cen_loss": 2.4546893768310545,
    "cen_accuracy": 0.324
  },
  "50": {
    "cen_loss": 1.9032555950164796,
    "cen_accuracy": 0.4194
  },
  "51": {
    "cen_loss": 1.8807299730300904,
    "cen_accuracy": 0.4051
  },
  "52": {
    "cen_loss": 2.125544044971466,
    "cen_accuracy": 0.4049
  },
  "53": {
    "cen_loss": 2.4052044229507445,
    "cen_accuracy": 0.2977
  },
  "54": {
    "cen_loss": 2.1550933106422425,
    "cen_accuracy": 0.4438
  },
  "55": {
    "cen_loss": 2.13009190864563,
    "cen_accuracy": 0.4089
  },
  "56": {
    "cen_loss": 2.1584564898490908,
    "cen_accuracy": 0.4211
  },
  "57": {
    "cen_loss": 1.4264427723884583,
    "cen_accuracy": 0.5196
  },
  "58": {
    "cen_loss": 2.266685895729065,
    "cen_accuracy": 0.359
  },
  "59": {
    "cen_loss": 1.9783982957839965,
    "cen_accuracy": 0.3814
  },
  "60": {
    "cen_loss": 2.3380483543395996,
    "cen_accuracy": 0.326
  },
  "61": {
    "cen_loss": 1.4404576621532441,
    "cen_accuracy": 0.5194
  },
  "62": {
    "cen_loss": 1.8579909156799317,
    "cen_accuracy": 0.403
  },
  "63": {
    "cen_loss": 2.7975760190963745,
    "cen_accuracy": 0.2838
  },
  "64": {
    "cen_loss": 1.4734050960540772,
    "cen_accuracy": 0.5184
  },
  "65": {
    "cen_loss": 2.136302327156067,
    "cen_accuracy": 0.4104
  },
  "66": {
    "cen_loss": 2.3393170063018798,
    "cen_accuracy": 0.4047
  },
  "67": {
    "cen_loss": 2.164954835319519,
    "cen_accuracy": 0.3979
  },
  "68": {
    "cen_loss": 1.895518630695343,
    "cen_accuracy": 0.4824
  },
  "69": {
    "cen_loss": 2.7979503049850463,
    "cen_accuracy": 0.329
  },
  "70": {
    "cen_loss": 1.4953792883872985,
    "cen_accuracy": 0.5129
  },
  "71": {
    "cen_loss": 2.4584582527160643,
    "cen_accuracy": 0.3342
  },
  "72": {
    "cen_loss": 2.9174083776474,
    "cen_accuracy": 0.3044
  },
  "73": {
    "cen_loss": 1.5106944583415984,
    "cen_accuracy": 0.533
  },
  "74": {
    "cen_loss": 2.5334263708114624,
    "cen_accuracy": 0.3945
  },
  "75": {
    "cen_loss": 1.4096656991958618,
    "cen_accuracy": 0.5349
  },
  "76": {
    "cen_loss": 1.5579601492881774,
    "cen_accuracy": 0.4966
  },
  "77": {
    "cen_loss": 1.5729722467422484,
    "cen_accuracy": 0.5253
  },
  "78": {
    "cen_loss": 1.8446707072257995,
    "cen_accuracy": 0.4128
  },
  "79": {
    "cen_loss": 1.5583481243133546,
    "cen_accuracy": 0.4936
  },
  "80": {
    "cen_loss": 2.0563106983184816,
    "cen_accuracy": 0.3752
  },
  "81": {
    "cen_loss": 1.5696551204204559,
    "cen_accuracy": 0.5146
  },
  "82": {
    "cen_loss": 1.85405832529068,
    "cen_accuracy": 0.4452
  },
  "83": {
    "cen_loss": 1.9522490995407105,
    "cen_accuracy": 0.4376
  },
  "84": {
    "cen_loss": 1.5081354281425476,
    "cen_accuracy": 0.4997
  },
  "85": {
    "cen_loss": 1.392986565208435,
    "cen_accuracy": 0.5306
  },
  "86": {
    "cen_loss": 2.230752996349335,
    "cen_accuracy": 0.3984
  },
  "87": {
    "cen_loss": 1.563530795621872,
    "cen_accuracy": 0.5375
  },
  "88": {
    "cen_loss": 4.235237623023987,
    "cen_accuracy": 0.3515
  },
  "89": {
    "cen_loss": 2.2413790263175963,
    "cen_accuracy": 0.4267
  },
  "90": {
    "cen_loss": 1.930089515209198,
    "cen_accuracy": 0.4532
  },
  "91": {
    "cen_loss": 2.5901294590950013,
    "cen_accuracy": 0.4351
  },
  "92": {
    "cen_loss": 2.1459020314216612,
    "cen_accuracy": 0.4187
  },
  "93": {
    "cen_loss": 1.2837479057312011,
    "cen_accuracy": 0.5827
  },
  "94": {
    "cen_loss": 1.5293642959594727,
    "cen_accuracy": 0.551
  },
  "95": {
    "cen_loss": 1.939488599920273,
    "cen_accuracy": 0.481
  },
  "96": {
    "cen_loss": 2.0772735016822814,
    "cen_accuracy": 0.4466
  },
  "97": {
    "cen_loss": 1.9301209720611572,
    "cen_accuracy": 0.4478
  },
  "98": {
    "cen_loss": 2.0626547919273377,
    "cen_accuracy": 0.4901
  },
  "99": {
    "cen_loss": 2.8534861101150515,
    "cen_accuracy": 0.3606
  },
  "100": {
    "cen_loss": 1.6183879146099092,
    "cen_accuracy": 0.5103
  },
  "101": {
    "cen_loss": 2.2977451915740965,
    "cen_accuracy": 0.388
  }
}