{
  "2": {
    "total_mJ": 1899425758.6637864,
    "total_ceq": 201.32267200237817,
    "num_expired_thresh": 0,
    "num_depleted": 0,
    "num_transmited_bytes": 429442944
  },
  "3": {
    "total_mJ": 1311449317.8628736,
    "total_ceq": 139.50296844063408,
    "num_expired_thresh": 0,
    "num_depleted": 0,
    "num_transmited_bytes": 429442944
  },
  "4": {
    "total_mJ": 472762367.870332,
    "total_ceq": 50.216089765812,
    "num_expired_thresh": 0,
    "num_depleted": 0,
    "num_transmited_bytes": 429442944
  },
  "5": {
    "total_mJ": 1677511022.5140605,
    "total_ceq": 177.45101833144145,
    "num_expired_thresh": 0,
    "num_depleted": 0,
    "num_transmited_bytes": 429442944
  },
  "6": {
    "total_mJ": 1881658713.82924,
    "total_ceq": 199.25586312728313,
    "num_expired_thresh": 0,
    "num_depleted": 0,
    "num_transmited_bytes": 429442944
  },
  "7": {
    "total_mJ": 237707535.88014704,
    "total_ceq": 25.394916876039048,
    "num_expired_thresh": 0,
    "num_depleted": 0,
    "num_transmited_bytes": 429442944
  },
  "8": {
    "total_mJ": 1672092780.4243345,
    "total_ceq": 176.2301906671561,
    "num_expired_thresh": 0,
    "num_depleted": 0,
    "num_transmited_bytes": 429442944
  },
  "9": {
    "total_mJ": 949765944.802774,
    "total_ceq": 101.12463828543939,
    "num_expired_thresh": 0,
    "num_depleted": 0,
    "num_transmited_bytes": 429442944
  },
  "10": {
    "total_mJ": 1193174492.1214356,
    "total_ceq": 126.99471751198764,
    "num_expired_thresh": 0,
    "num_depleted": 0,
    "num_transmited_bytes": 429442944
  },
  "11": {
    "total_mJ": 2681200019.8097653,
    "total_ceq": 285.32308502522056,
    "num_expired_thresh": 0,
    "num_depleted": 0,
    "num_transmited_bytes": 429442944
  },
  "12": {
    "total_mJ": 565011873.1408186,
    "total_ceq": 60.2659918078085,
    "num_expired_thresh": 0,
    "num_depleted": 0,
    "num_transmited_bytes": 429442944
  },
  "13": {
    "total_mJ": 1164527061.5582628,
    "total_ceq": 123.0647390526471,
    "num_expired_thresh": 0,
    "num_depleted": 0,
    "num_transmited_bytes": 429442944
  },
  "14": {
    "total_mJ": 1915142072.9057393,
    "total_ceq": 203.70442032899211,
    "num_expired_thresh": 0,
    "num_depleted": 0,
    "num_transmited_bytes": 429442944
  },
  "15": {
    "total_mJ": 1686494636.126403,
    "total_ceq": 178.7214417716164,
    "num_expired_thresh": 0,
    "num_depleted": 0,
    "num_transmited_bytes": 429442944
  },
  "16": {
    "total_mJ": 1903959187.4414897,
    "total_ceq": 202.42414028687935,
    "num_expired_thresh": 0,
    "num_depleted": 0,
    "num_transmited_bytes": 429442944
  },
  "17": {
    "total_mJ": 1883594622.3301642,
    "total_ceq": 200.34563157157706,
    "num_expired_thresh": 0,
    "num_depleted": 0,
    "num_transmited_bytes": 429442944
  },
  "18": {
    "total_mJ": 1193539334.1196089,
    "total_ceq": 126.6955486746546,
    "num_expired_thresh": 0,
    "num_depleted": 0,
    "num_transmited_bytes": 429442944
  },
  "19": {
    "total_mJ": 1311758788.9288347,
    "total_ceq": 139.59038047914748,
    "num_expired_thresh": 0,
    "num_depleted": 0,
    "num_transmited_bytes": 429442944
  },
  "20": {
    "total_mJ": 631776153.2513124,
    "total_ceq": 66.82317590518876,
    "num_expired_thresh": 0,
    "num_depleted": 0,
    "num_transmited_bytes": 429442944
  },
  "21": {
    "total_mJ": 889836966.1956825,
    "total_ceq": 93.84276036762897,
    "num_expired_thresh": 0,
    "num_depleted": 0,
    "num_transmited_bytes": 429442944
  },
  "22": {
    "total_mJ": 1169407415.0064428,
    "total_ceq": 123.13894562190725,
    "num_expired_thresh": 0,
    "num_depleted": 0,
    "num_transmited_bytes": 429442944
  },
  "23": {
    "total_mJ": 2063251440.2777948,
    "total_ceq": 219.88057557080043,
    "num_expired_thresh": 0,
    "num_depleted": 0,
    "num_transmited_bytes": 429442944
  },
  "24": {
    "total_mJ": 1891401758.7434857,
    "total_ceq": 200.30964446234583,
    "num_expired_thresh": 0,
    "num_depleted": 0,
    "num_transmited_bytes": 429442944
  },
  "25": {
    "total_mJ": 969099704.3798825,
    "total_ceq": 102.74768411057948,
    "num_expired_thresh": 0,
    "num_depleted": 0,
    "num_transmited_bytes": 429442944
  },
  "26": {
    "total_mJ": 844001893.9061936,
    "total_ceq": 89.45538361527309,
    "num_expired_thresh": 0,
    "num_depleted": 0,
    "num_transmited_bytes": 429442944
  },
  "27": {
    "total_mJ": 691859345.968913,
    "total_ceq": 73.14482997911207,
    "num_expired_thresh": 0,
    "num_depleted": 0,
    "num_transmited_bytes": 429442944
  },
  "28": {
    "total_mJ": 1300761049.815783,
    "total_ceq": 137.77091302848856,
    "num_expired_thresh": 0,
    "num_depleted": 0,
    "num_transmited_bytes": 429442944
  },
  "29": {
    "total_mJ": 1904358589.090941,
    "total_ceq": 202.11969302002942,
    "num_expired_thresh": 0,
    "num_depleted": 0,
    "num_transmited_bytes": 429442944
  },
  "30": {
    "total_mJ": 1008599589.9885898,
    "total_ceq": 106.94612587062528,
    "num_expired_thresh": 0,
    "num_depleted": 0,
    "num_transmited_bytes": 429442944
  },
  "31": {
    "total_mJ": 1667277543.4895148,
    "total_ceq": 176.0758899449763,
    "num_expired_thresh": 0,
    "num_depleted": 0,
    "num_transmited_bytes": 429442944
  },
  "32": {
    "total_mJ": 1033339954.0968742,
    "total_ceq": 109.34890610147752,
    "num_expired_thresh": 0,
    "num_depleted": 0,
    "num_transmited_bytes": 429442944
  },
  "33": {
    "total_mJ": 1034543242.1176393,
    "total_ceq": 109.8330387909333,
    "num_expired_thresh": 0,
    "num_depleted": 0,
    "num_transmited_bytes": 429442944
  },
  "34": {
    "total_mJ": 1939353262.9800265,
    "total_ceq": 204.4867022252297,
    "num_expired_thresh": 0,
    "num_depleted": 0,
    "num_transmited_bytes": 429442944
  },
  "35": {
    "total_mJ": 2654029129.5293837,
    "total_ceq": 281.5339311513374,
    "num_expired_thresh": 0,
    "num_depleted": 0,
    "num_transmited_bytes": 429442944
  },
  "36": {
    "total_mJ": 782404006.5875477,
    "total_ceq": 82.81669166515555,
    "num_expired_thresh": 0,
    "num_depleted": 0,
    "num_transmited_bytes": 429442944
  },
  "37": {
    "total_mJ": 960617766.3773158,
    "total_ceq": 101.74942073605052,
    "num_expired_thresh": 0,
    "num_depleted": 0,
    "num_transmited_bytes": 429442944
  },
  "38": {
    "total_mJ": 1302539036.42442,
    "total_ceq": 138.129006064945,
    "num_expired_thresh": 0,
    "num_depleted": 0,
    "num_transmited_bytes": 429442944
  },
  "39": {
    "total_mJ": 871546163.6966678,
    "total_ceq": 91.92777771368604,
    "num_expired_thresh": 0,
    "num_depleted": 0,
    "num_transmited_bytes": 429442944
  },
  "40": {
    "total_mJ": 1321305920.5174248,
    "total_ceq": 140.26542737049235,
    "num_expired_thresh": 0,
    "num_depleted": 0,
    "num_transmited_bytes": 429442944
  },
  "41": {
    "total_mJ": 1394158105.942057,
    "total_ceq": 147.2248149202253,
    "num_expired_thresh": 0,
    "num_depleted": 0,
    "num_transmited_bytes": 429442944
  },
  "42": {
    "total_mJ": 953566706.6732105,
    "total_ceq": 101.36442932833783,
    "num_expired_thresh": 0,
    "num_depleted": 0,
    "num_transmited_bytes": 429442944
  },
  "43": {
    "total_mJ": 862973477.839411,
    "total_ceq": 91.415814085594,
    "num_expired_thresh": 0,
    "num_depleted": 0,
    "num_transmited_bytes": 429442944
  },
  "44": {
    "total_mJ": 495483691.9570274,
    "total_ceq": 52.53161042572702,
    "num_expired_thresh": 0,
    "num_depleted": 0,
    "num_transmited_bytes": 429442944
  },
  "45": {
    "total_mJ": 876280396.6064687,
    "total_ceq": 92.49732214133778,
    "num_expired_thresh": 0,
    "num_depleted": 0,
    "num_transmited_bytes": 429442944
  },
  "46": {
    "total_mJ": 1025133046.2726381,
    "total_ceq": 108.2667395905817,
    "num_expired_thresh": 0,
    "num_depleted": 0,
    "num_transmited_bytes": 429442944
  },
  "47": {
    "total_mJ": 946775467.8400245,