{
  "0": {
    "cen_loss": 0,
    "is_orig": true
  },
  "1": {
    "cen_loss": 0,
    "is_orig": true
  },
  "2": {
    "cen_loss": 2.4210062231063842,
    "is_orig": false,
    "cen_accuracy": 0.2034
  },
  "3": {
    "cen_loss": 2.3477839408874512,
    "is_orig": true,
    "cen_accuracy": 0.198
  },
  "4": {
    "cen_loss": 3.1132816972732544,
    "is_orig": true,
    "cen_accuracy": 0.2563
  },
  "5": {
    "cen_loss": 2.3386119190216066,
    "is_orig": false,
    "cen_accuracy": 0.2992
  },
  "6": {
    "cen_loss": 1.7748483127593995,
    "is_orig": false,
    "cen_accuracy": 0.3673
  },
  "7": {
    "cen_loss": 2.1640341022491456,
    "is_orig": false,
    "cen_accuracy": 0.3479
  },
  "8": {
    "cen_loss": 3.3146045959472654,
    "is_orig": false,
    "cen_accuracy": 0.2465
  },
  "9": {
    "cen_loss": 2.639509456920624,
    "is_orig": false,
    "cen_accuracy": 0.3247
  },
  "10": {
    "cen_loss": 2.604567360496521,
    "is_orig": true,
    "cen_accuracy": 0.3263
  },
  "11": {
    "cen_loss": 2.2398047813415527,
    "is_orig": true,
    "cen_accuracy": 0.3463
  },
  "12": {
    "cen_loss": 1.9813633521080016,
    "is_orig": false,
    "cen_accuracy": 0.3573
  },
  "13": {
    "cen_loss": 1.97363639087677,
    "is_orig": true,
    "cen_accuracy": 0.3953
  },
  "14": {
    "cen_loss": 2.7632013054847717,
    "is_orig": false,
    "cen_accuracy": 0.3459
  },
  "15": {
    "cen_loss": 2.440363243675232,
    "is_orig": true,
    "cen_accuracy": 0.3531
  },
  "16": {
    "cen_loss": 2.0415739164352416,
    "is_orig": false,
    "cen_accuracy": 0.3705
  },
  "17": {
    "cen_loss": 2.032821989440918,
    "is_orig": false,
    "cen_accuracy": 0.3665
  },
  "18": {
    "cen_loss": 2.6620452054977415,
    "is_orig": true,
    "cen_accuracy": 0.3423
  },
  "19": {
    "cen_loss": 3.2092134063720703,
    "is_orig": false,
    "cen_accuracy": 0.2791
  },
  "20": {
    "cen_loss": 3.209213384437561,
    "is_orig": true,
    "cen_accuracy": 0.2791
  },
  "21": {
    "cen_loss": 2.272859563922882,
    "is_orig": false,
    "cen_accuracy": 0.3838
  },
  "22": {
    "cen_loss": 1.7729616908073424,
    "is_orig": true,
    "cen_accuracy": 0.4429
  },
  "23": {
    "cen_loss": 2.449051399421692,
    "is_orig": true,
    "cen_accuracy": 0.3565
  },
  "24": {
    "cen_loss": 2.0205197637557983,
    "is_orig": true,
    "cen_accuracy": 0.4043
  },
  "25": {
    "cen_loss": 2.3362813190460203,
    "is_orig": false,
    "cen_accuracy": 0.3658
  },
  "26": {
    "cen_loss": 1.6189803412437438,
    "is_orig": true,
    "cen_accuracy": 0.4676
  },
  "27": {
    "cen_loss": 2.450574263191223,
    "is_orig": false,
    "cen_accuracy": 0.3836
  },
  "28": {
    "cen_loss": 2.038735542011261,
    "is_orig": true,
    "cen_accuracy": 0.4017
  },
  "29": {
    "cen_loss": 4.397489055252075,
    "is_orig": false,
    "cen_accuracy": 0.2879
  },
  "30": {
    "cen_loss": 4.397489088058472,
    "is_orig": true,
    "cen_accuracy": 0.2879
  },
  "31": {
    "cen_loss": 2.1278173584938047,
    "is_orig": false,
    "cen_accuracy": 0.4014
  },
  "32": {
    "cen_loss": 2.124792920398712,
    "is_orig": false,
    "cen_accuracy": 0.3791
  },
  "33": {
    "cen_loss": 2.6446099296569825,
    "is_orig": true,
    "cen_accuracy": 0.3268
  },
  "34": {
    "cen_loss": 1.9958607494354248,
    "is_orig": true,
    "cen_accuracy": 0.3951
  },
  "35": {
    "cen_loss": 2.3073863476753234,
    "is_orig": true,
    "cen_accuracy": 0.3636
  },
  "36": {
    "cen_loss": 2.4766312549591065,
    "is_orig": false,
    "cen_accuracy": 0.3659
  },
  "37": {
    "cen_loss": 3.13839858379364,
    "is_orig": true,
    "cen_accuracy": 0.314
  },
  "38": {
    "cen_loss": 1.8298575679779052,
    "is_orig": true,
    "cen_accuracy": 0.4355
  },
  "39": {
    "cen_loss": 1.8028736987113954,
    "is_orig": true,
    "cen_accuracy": 0.4417
  },
  "40": {
    "cen_loss": 1.8028736952781677,
    "is_orig": true,
    "cen_accuracy": 0.4417
  },
  "41": {
    "cen_loss": 1.9760539527893066,
    "is_orig": false,
    "cen_accuracy": 0.4286
  },
  "42": {
    "cen_loss": 2.4335671996116637,
    "is_orig": true,
    "cen_accuracy": 0.3872
  },
  "43": {
    "cen_loss": 2.1161131260871886,
    "is_orig": true,
    "cen_accuracy": 0.3965
  },
  "44": {
    "cen_loss": 1.985706271457672,
    "is_orig": true,
    "cen_accuracy": 0.4263
  },
  "45": {
    "cen_loss": 2.161256498336792,
    "is_orig": true,
    "cen_accuracy": 0.3982
  },
  "46": {
    "cen_loss": 1.7661946754455566,
    "is_orig": false,
    "cen_accuracy": 0.4676
  },
  "47": {
    "cen_loss": 3.5376678720474244,
    "is_orig": true,
    "cen_accuracy": 0.3186
  },
  "48": {
    "cen_loss": 2.4658240240097045,
    "is_orig": true,
    "cen_accuracy": 0.351
  },
  "49": {
    "cen_loss": 2.128196249771118,
    "is_orig": false,
    "cen_accuracy": 0.4082
  },
  "50": {
    "cen_loss": 2.128196245956421,
    "is_orig": true,
    "cen_accuracy": 0.4082
  },
  "51": {
    "cen_loss": 2.381988510131836,
    "is_orig": true,
    "cen_accuracy": 0.3755
  },
  "52": {
    "cen_loss": 2.273465460777283,
    "is_orig": true,
    "cen_accuracy": 0.3971
  },
  "53": {
    "cen_loss": 2.1290430269241334,
    "is_orig": true,
    "cen_accuracy": 0.4354
  },
  "54": {
    "cen_loss": 3.002461613845825,
    "is_orig": true,
    "cen_accuracy": 0.335
  },
  "55": {
    "cen_loss": 2.323348819732666,
    "is_orig": true,
    "cen_accuracy": 0.3824
  },
  "56": {
    "cen_loss": 1.7548400142669678,
    "is_orig": true,
    "cen_accuracy": 0.4531
  },
  "57": {
    "cen_loss": 1.9264780161857604,
    "is_orig": false,
    "cen_accuracy": 0.4127
  },
  "58": {
    "cen_loss": 2.580337703418732,
    "is_orig": true,
    "cen_accuracy": 0.4019
  },
  "59": {
    "cen_loss": 1.9632652313232422,
    "is_orig": true,
    "cen_accuracy": 0.4125
  },
  "60": {
    "cen_loss": 1.9632652548789977,
    "is_orig": true,
    "cen_accuracy": 0.4125
  },
  "61": {
    "cen_loss": 1.8959641236305236,
    "is_orig": true,
    "cen_accuracy": 0.4367
  },
  "62": {
    "cen_loss": 2.5857361614227297,
    "is_orig": false,
    "cen_accuracy": 0.3849
  },
  "63": {
    "cen_loss": 2.4257555387496947,
    "is_orig": false,
    "cen_accuracy": 0.3726
  },
  "64": {
    "cen_loss": 1.7651863006591797,
    "is_orig": true,
    "cen_accuracy": 0.472
  },
  "65": {
    "cen_loss": 2.4702597528457644,
    "is_orig": true,
    "cen_accuracy": 0.3811
  },
  "66": {
    "cen_loss": 2.091001694583893,
    "is_orig": true,
    "cen_accuracy": 0.4197
  },
  "67": {
    "cen_loss": 2.5363876537323,
    "is_orig": false,
    "cen_accuracy": 0.3969
  },
  "68": {
    "cen_loss": 1.9418686297416687,
    "is_orig": false,
    "cen_accuracy": 0.4246
  },
  "69": {
    "cen_loss": 3.1968863636016844,
    "is_orig": true,
    "cen_accuracy": 0.3202
  },
  "70": {
    "cen_loss": 3.196886396408081,
    "is_orig": true,
    "cen_accuracy": 0.3202
  },
  "71": {
    "cen_loss": 1.6898373631477357,
    "is_orig": true,
    "cen_accuracy": 0.4602
  },
  "72": {
    "cen_loss": 2.025739022922516,
    "is_orig": true,
    "cen_accuracy": 0.4167
  },
  "73": {
    "cen_loss": 2.012306832313538,
    "is_orig": false,
    "cen_accuracy": 0.4295
  },
  "74": {
    "cen_loss": 2.295516236591339,
    "is_orig": false,
    "cen_accuracy": 0.4183
  },
  "75": {
    "cen_loss": 2.7942582164764405,
    "is_orig": true,
    "cen_accuracy": 0.3749
  },
  "76": {
    "cen_loss": 2.319045147895813,
    "is_orig": true,
    "cen_accuracy": 0.3948
  },
  "77": {
    "cen_loss": 1.9972892490386962,
    "is_orig": true,
    "cen_accuracy": 0.4119
  },
  "78": {
    "cen_loss": 2.9409301113128663,
    "is_orig": false,
    "cen_accuracy": 0.2883
  },
  "79": {
    "cen_loss": 1.849977347278595,
    "is_orig": true,
    "cen_accuracy": 0.4409
  },
  "80": {
    "cen_loss": 1.8499773056983948,
    "is_orig": true,
    "cen_accuracy": 0.4409
  },
  "81": {
    "cen_loss": 2.1586077086448667,
    "is_orig": true,