{
  "0": {
    "cen_loss": 2.3027744300842286,
    "cen_accuracy": 0.1
  },
  "1": {
    "cen_loss": 2.3027744300842286,
    "cen_accuracy": 0.1
  },
  "2": {
    "cen_loss": 2.7351087715148927,
    "cen_accuracy": 0.1
  },
  "3": {
    "cen_loss": 3.3724161319732664,
    "cen_accuracy": 0.1
  },
  "4": {
    "cen_loss": 7.272968968200684,
    "cen_accuracy": 0.1
  },
  "5": {
    "cen_loss": 5.415864826583863,
    "cen_accuracy": 0.1
  },
  "6": {
    "cen_loss": 5.7090659397125245,
    "cen_accuracy": 0.1
  },
  "7": {
    "cen_loss": 4.625694337081909,
    "cen_accuracy": 0.1048
  },
  "8": {
    "cen_loss": 3.983950944137573,
    "cen_accuracy": 0.1464
  },
  "9": {
    "cen_loss": 5.036162688446045,
    "cen_accuracy": 0.1004
  },
  "10": {
    "cen_loss": 3.440224039840698,
    "cen_accuracy": 0.1765
  },
  "11": {
    "cen_loss": 3.2266743690490722,
    "cen_accuracy": 0.2026
  },
  "12": {
    "cen_loss": 3.943103828048706,
    "cen_accuracy": 0.1737
  },
  "13": {
    "cen_loss": 4.760354998016357,
    "cen_accuracy": 0.1511
  },
  "14": {
    "cen_loss": 2.477647953605652,
    "cen_accuracy": 0.2249
  },
  "15": {
    "cen_loss": 4.201420119857788,
    "cen_accuracy": 0.1577
  },
  "16": {
    "cen_loss": 3.457142390060425,
    "cen_accuracy": 0.1262
  },
  "17": {
    "cen_loss": 3.5625632055282592,
    "cen_accuracy": 0.1782
  },
  "18": {
    "cen_loss": 3.8160441398620604,
    "cen_accuracy": 0.1767
  },
  "19": {
    "cen_loss": 1.9835173515319824,
    "cen_accuracy": 0.307
  },
  "20": {
    "cen_loss": 1.6503396514892579,
    "cen_accuracy": 0.4149
  },
  "21": {
    "cen_loss": 2.0760644636154173,
    "cen_accuracy": 0.3153
  },
  "22": {
    "cen_loss": 1.8014979153633117,
    "cen_accuracy": 0.3915
  },
  "23": {
    "cen_loss": 2.1468340732574465,
    "cen_accuracy": 0.3081
  },
  "24": {
    "cen_loss": 2.1920432033538817,
    "cen_accuracy": 0.3283
  },
  "25": {
    "cen_loss": 1.6846364765167237,
    "cen_accuracy": 0.4631
  },
  "26": {
    "cen_loss": 2.4656737321853637,
    "cen_accuracy": 0.3177
  },
  "27": {
    "cen_loss": 1.4107950008392334,
    "cen_accuracy": 0.4875
  },
  "28": {
    "cen_loss": 1.2776332891941071,
    "cen_accuracy": 0.5514
  },
  "29": {
    "cen_loss": 1.62853269033432,
    "cen_accuracy": 0.4286
  },
  "30": {
    "cen_loss": 1.3453959002494813,
    "cen_accuracy": 0.5052
  },
  "31": {
    "cen_loss": 1.3593192580223084,
    "cen_accuracy": 0.5149
  },
  "32": {
    "cen_loss": 1.5402458313941956,
    "cen_accuracy": 0.4984
  },
  "33": {
    "cen_loss": 1.2682058201789856,
    "cen_accuracy": 0.5449
  },
  "34": {
    "cen_loss": 1.628082243347168,
    "cen_accuracy": 0.4695
  },
  "35": {
    "cen_loss": 1.4286311772346496,
    "cen_accuracy": 0.5029
  },
  "36": {
    "cen_loss": 1.3661372010231019,
    "cen_accuracy": 0.5181
  },
  "37": {
    "cen_loss": 2.3390837574005126,
    "cen_accuracy": 0.3856
  },
  "38": {
    "cen_loss": 1.990169563961029,
    "cen_accuracy": 0.3978
  },
  "39": {
    "cen_loss": 1.81447409324646,
    "cen_accuracy": 0.447
  },
  "40": {
    "cen_loss": 1.6044543894767762,
    "cen_accuracy": 0.4952
  },
  "41": {
    "cen_loss": 1.2890175637245178,
    "cen_accuracy": 0.5397
  },
  "42": {
    "cen_loss": 2.032844215965271,
    "cen_accuracy": 0.3892
  },
  "43": {
    "cen_loss": 1.4945111359596253,
    "cen_accuracy": 0.5189
  },
  "44": {
    "cen_loss": 1.9142660940170289,
    "cen_accuracy": 0.3864
  },
  "45": {
    "cen_loss": 1.9996353837966918,
    "cen_accuracy": 0.4124
  },
  "46": {
    "cen_loss": 1.7055155800819397,
    "cen_accuracy": 0.4842
  },
  "47": {
    "cen_loss": 1.6341889110565186,
    "cen_accuracy": 0.5198
  },
  "48": {
    "cen_loss": 1.0883965070724488,
    "cen_accuracy": 0.6295
  },
  "49": {
    "cen_loss": 1.430550434446335,
    "cen_accuracy": 0.5579
  },
  "50": {
    "cen_loss": 1.7286947987556458,
    "cen_accuracy": 0.4521
  },
  "51": {
    "cen_loss": 1.5717026415348052,
    "cen_accuracy": 0.5037
  },
  "52": {
    "cen_loss": 1.484500919818878,
    "cen_accuracy": 0.5412
  },
  "53": {
    "cen_loss": 1.5696466703414917,
    "cen_accuracy": 0.4998
  },
  "54": {
    "cen_loss": 2.500315780067444,
    "cen_accuracy": 0.3245
  },
  "55": {
    "cen_loss": 1.3478765701293944,
    "cen_accuracy": 0.5397
  },
  "56": {
    "cen_loss": 2.9707380031585693,
    "cen_accuracy": 0.3139
  },
  "57": {
    "cen_loss": 1.8195409965515137,
    "cen_accuracy": 0.5008
  },
  "58": {
    "cen_loss": 2.3357320974349975,
    "cen_accuracy": 0.3759
  },
  "59": {
    "cen_loss": 2.0217386837005615,
    "cen_accuracy": 0.4092
  },
  "60": {
    "cen_loss": 2.285927616119385,
    "cen_accuracy": 0.3666
  },
  "61": {
    "cen_loss": 1.905056405735016,
    "cen_accuracy": 0.4065
  },
  "62": {
    "cen_loss": 1.8031717294692993,
    "cen_accuracy": 0.4871
  },
  "63": {
    "cen_loss": 2.2809885161399843,
    "cen_accuracy": 0.4252
  },
  "64": {
    "cen_loss": 2.2078168318748475,
    "cen_accuracy": 0.3623
  },
  "65": {
    "cen_loss": 1.3998740768909455,
    "cen_accuracy": 0.5456
  },
  "66": {
    "cen_loss": 2.518967130565643,
    "cen_accuracy": 0.3947
  },
  "67": {
    "cen_loss": 2.0194525721549987,
    "cen_accuracy": 0.4293
  },
  "68": {
    "cen_loss": 1.8220678116321565,
    "cen_accuracy": 0.4757
  },
  "69": {
    "cen_loss": 1.4987102333068847,
    "cen_accuracy": 0.5175
  },
  "70": {
    "cen_loss": 1.6306871921539308,
    "cen_accuracy": 0.482
  },
  "71": {
    "cen_loss": 1.5345625716209412,
    "cen_accuracy": 0.5569
  },
  "72": {
    "cen_loss": 2.266948881244659,
    "cen_accuracy": 0.4402
  },
  "73": {
    "cen_loss": 1.206677572631836,
    "cen_accuracy": 0.6008
  },
  "74": {
    "cen_loss": 1.400703009700775,
    "cen_accuracy": 0.551
  },
  "75": {
    "cen_loss": 1.3115363838672638,
    "cen_accuracy": 0.5779
  },
  "76": {
    "cen_loss": 1.4161928094387055,
    "cen_accuracy": 0.5757
  },
  "77": {
    "cen_loss": 1.7392698186397553,
    "cen_accuracy": 0.5374
  },
  "78": {
    "cen_loss": 1.6560000264644623,
    "cen_accuracy": 0.5516
  },
  "79": {
    "cen_loss": 2.247657707977295,
    "cen_accuracy": 0.3478
  },
  "80": {
    "cen_loss": 1.395033730697632,
    "cen_accuracy": 0.5574
  },
  "81": {
    "cen_loss": 1.7322979388713837,
    "cen_accuracy": 0.4959
  },
  "82": {
    "cen_loss": 1.8437624844551086,
    "cen_accuracy": 0.5035
  },
  "83": {
    "cen_loss": 1.8088929167747498,
    "cen_accuracy": 0.4614
  },
  "84": {
    "cen_loss": 1.5242793762207032,
    "cen_accuracy": 0.4909
  },
  "85": {
    "cen_loss": 1.4689182736396789,
    "cen_accuracy": 0.5233
  },
  "86": {
    "cen_loss": 1.3519496593475342,
    "cen_accuracy": 0.5804
  },
  "87": {
    "cen_loss": 1.9018454676151275,
    "cen_accuracy": 0.4624
  },
  "88": {
    "cen_loss": 2.0093479548454285,
    "cen_accuracy": 0.4618
  },
  "89": {
    "cen_loss": 3.125646229171753,
    "cen_accuracy": 0.2762
  },
  "90": {
    "cen_loss": 2.3640114583969116,
    "cen_accuracy": 0.417
  },
  "91": {
    "cen_loss": 2.6607824526786805,
    "cen_accuracy": 0.4449
  },
  "92": {
    "cen_loss": 2.045848016166687,
    "cen_accuracy": 0.4636
  },
  "93": {
    "cen_loss": 2.7588912442207336,
    "cen_accuracy": 0.4066
  },
  "94": {
    "cen_loss": 1.8355605490207672,
    "cen_accuracy": 0.4665
  },
  "95": {
    "cen_loss": 1.4899742024421692,
    "cen_accuracy": 0.5292
  },
  "96": {
    "cen_loss": 1.516629609823227,
    "cen_accuracy": 0.504
  },
  "97": {
    "cen_loss": 1.4214670018196105,
    "cen_accuracy": 0.5356
  },
  "98": {
    "cen_loss": 1.7425082859992982,
    "cen_accuracy": 0.5299
  },
  "99": {
    "cen_loss": 1.3112110437393187,
    "cen_accuracy": 0.5902
  },
  "100": {
    "cen_loss": 1.1675729720592498,
    "cen_accuracy": 0.5969
  },
  "101": {
    "cen_loss": 1.2590177413463592,
    "cen_accuracy": 0.5776
  }
}