{
  "0": {
    "cen_loss": 2.303392876815796,
    "cen_accuracy": 0.1
  },
  "1": {
    "cen_loss": 2.303392876815796,
    "cen_accuracy": 0.1
  },
  "2": {
    "cen_loss": 2.022672907447815,
    "cen_accuracy": 0.2385
  },
  "3": {
    "cen_loss": 1.628839538383484,
    "cen_accuracy": 0.4079
  },
  "4": {
    "cen_loss": 1.5622786808013915,
    "cen_accuracy": 0.4455
  },
  "5": {
    "cen_loss": 1.58636560049057,
    "cen_accuracy": 0.4643
  },
  "6": {
    "cen_loss": 1.5865480536460876,
    "cen_accuracy": 0.4691
  },
  "7": {
    "cen_loss": 1.605685302257538,
    "cen_accuracy": 0.4646
  },
  "8": {
    "cen_loss": 1.6451605123519897,
    "cen_accuracy": 0.4592
  },
  "9": {
    "cen_loss": 1.6088495849609374,
    "cen_accuracy": 0.4673
  },
  "10": {
    "cen_loss": 1.6085796360969544,
    "cen_accuracy": 0.4673
  },
  "11": {
    "cen_loss": 1.602214525794983,
    "cen_accuracy": 0.481
  },
  "12": {
    "cen_loss": 1.650075943851471,
    "cen_accuracy": 0.4873
  },
  "13": {
    "cen_loss": 1.5944344356060027,
    "cen_accuracy": 0.501
  },
  "14": {
    "cen_loss": 1.6639351548194885,
    "cen_accuracy": 0.4832
  },
  "15": {
    "cen_loss": 1.6563971396446229,
    "cen_accuracy": 0.5009
  },
  "16": {
    "cen_loss": 1.5759571467876434,
    "cen_accuracy": 0.5124
  },
  "17": {
    "cen_loss": 1.6600806812286377,
    "cen_accuracy": 0.4885
  },
  "18": {
    "cen_loss": 1.6482774112701417,
    "cen_accuracy": 0.5156
  },
  "19": {
    "cen_loss": 1.6429335406303405,
    "cen_accuracy": 0.5196
  },
  "20": {
    "cen_loss": 1.642933533000946,
    "cen_accuracy": 0.5196
  },
  "21": {
    "cen_loss": 1.6146103536605836,
    "cen_accuracy": 0.5129
  },
  "22": {
    "cen_loss": 1.6214515622138976,
    "cen_accuracy": 0.5252
  },
  "23": {
    "cen_loss": 1.6463965668678284,
    "cen_accuracy": 0.5292
  },
  "24": {
    "cen_loss": 1.6264615785598755,
    "cen_accuracy": 0.5261
  },
  "25": {
    "cen_loss": 1.6211819140911101,
    "cen_accuracy": 0.5269
  },
  "26": {
    "cen_loss": 1.6736874369621277,
    "cen_accuracy": 0.5314
  },
  "27": {
    "cen_loss": 1.621198498439789,
    "cen_accuracy": 0.5218
  },
  "28": {
    "cen_loss": 1.6274708517074585,
    "cen_accuracy": 0.5356
  },
  "29": {
    "cen_loss": 1.6526304949760438,
    "cen_accuracy": 0.5383
  },
  "30": {
    "cen_loss": 1.6526305040359497,
    "cen_accuracy": 0.5383
  },
  "31": {
    "cen_loss": 1.6222060215473175,
    "cen_accuracy": 0.5393
  },
  "32": {
    "cen_loss": 1.6521767965316771,
    "cen_accuracy": 0.5391
  },
  "33": {
    "cen_loss": 1.6513014068603515,
    "cen_accuracy": 0.5414
  },
  "34": {
    "cen_loss": 1.6356418868064881,
    "cen_accuracy": 0.5445
  },
  "35": {
    "cen_loss": 1.6413822853088378,
    "cen_accuracy": 0.5401
  },
  "36": {
    "cen_loss": 1.6659943906784058,
    "cen_accuracy": 0.55
  },
  "37": {
    "cen_loss": 1.6107290384292603,
    "cen_accuracy": 0.5502
  },
  "38": {
    "cen_loss": 1.6398031832695008,
    "cen_accuracy": 0.5489
  },
  "39": {
    "cen_loss": 1.6366978464126587,
    "cen_accuracy": 0.5506
  },
  "40": {
    "cen_loss": 1.6366978560447694,
    "cen_accuracy": 0.5506
  },
  "41": {
    "cen_loss": 1.682261445760727,
    "cen_accuracy": 0.5414
  },
  "42": {
    "cen_loss": 1.6063888142108917,
    "cen_accuracy": 0.5549
  },
  "43": {
    "cen_loss": 1.7088502661705016,
    "cen_accuracy": 0.5485
  },
  "44": {
    "cen_loss": 1.6480806006908417,
    "cen_accuracy": 0.5447
  },
  "45": {
    "cen_loss": 1.6695152200222014,
    "cen_accuracy": 0.548
  },
  "46": {
    "cen_loss": 1.6946463066101074,
    "cen_accuracy": 0.5461
  },
  "47": {
    "cen_loss": 1.7312113478899003,
    "cen_accuracy": 0.5431
  },
  "48": {
    "cen_loss": 1.641906620502472,
    "cen_accuracy": 0.5548
  },
  "49": {
    "cen_loss": 1.6577611256599427,
    "cen_accuracy": 0.5464
  },
  "50": {
    "cen_loss": 1.6577611341953278,
    "cen_accuracy": 0.5464
  },
  "51": {
    "cen_loss": 1.7466690927267075,
    "cen_accuracy": 0.545
  },
  "52": {
    "cen_loss": 1.7008822858572006,
    "cen_accuracy": 0.56
  },
  "53": {
    "cen_loss": 1.688202263689041,
    "cen_accuracy": 0.5503
  },
  "54": {
    "cen_loss": 1.5846282546520234,
    "cen_accuracy": 0.5582
  },
  "55": {
    "cen_loss": 1.6067724262714387,
    "cen_accuracy": 0.5537
  },
  "56": {
    "cen_loss": 1.6927116995811462,
    "cen_accuracy": 0.546
  },
  "57": {
    "cen_loss": 1.6321251691818237,
    "cen_accuracy": 0.5529
  },
  "58": {
    "cen_loss": 1.6593276988983154,
    "cen_accuracy": 0.548
  },
  "59": {
    "cen_loss": 1.6265757388591766,
    "cen_accuracy": 0.5622
  },
  "60": {
    "cen_loss": 1.6265757415771485,
    "cen_accuracy": 0.5622
  },
  "61": {
    "cen_loss": 1.6381080455780028,
    "cen_accuracy": 0.5552
  },
  "62": {
    "cen_loss": 1.6644592105865479,
    "cen_accuracy": 0.562
  },
  "63": {
    "cen_loss": 1.6940197516918183,
    "cen_accuracy": 0.5566
  },
  "64": {
    "cen_loss": 1.6607133329629897,
    "cen_accuracy": 0.5614
  },
  "65": {
    "cen_loss": 1.6598182287216185,
    "cen_accuracy": 0.5608
  },
  "66": {
    "cen_loss": 1.659776675438881,
    "cen_accuracy": 0.5555
  },
  "67": {
    "cen_loss": 1.737456786441803,
    "cen_accuracy": 0.5568
  },
  "68": {
    "cen_loss": 1.7025248190402984,
    "cen_accuracy": 0.5682
  },
  "69": {
    "cen_loss": 1.6292382831811905,
    "cen_accuracy": 0.5658
  },
  "70": {
    "cen_loss": 1.6292382703304291,
    "cen_accuracy": 0.5658
  },
  "71": {
    "cen_loss": 1.6669169335365295,
    "cen_accuracy": 0.5644
  },
  "72": {
    "cen_loss": 1.6357535069465636,
    "cen_accuracy": 0.5639
  },
  "73": {
    "cen_loss": 1.634105706834793,
    "cen_accuracy": 0.5702
  },
  "74": {
    "cen_loss": 1.704773176908493,
    "cen_accuracy": 0.5626
  },
  "75": {
    "cen_loss": 1.6254661799430847,
    "cen_accuracy": 0.5661
  },
  "76": {
    "cen_loss": 1.6103698695659638,
    "cen_accuracy": 0.5664
  },
  "77": {
    "cen_loss": 1.6304474041938781,
    "cen_accuracy": 0.567
  },
  "78": {
    "cen_loss": 1.6153934155464171,
    "cen_accuracy": 0.5686
  },
  "79": {
    "cen_loss": 1.6493533566951752,
    "cen_accuracy": 0.5687
  },
  "80": {
    "cen_loss": 1.6493533613681792,
    "cen_accuracy": 0.5687
  },
  "81": {
    "cen_loss": 1.6866268612384796,
    "cen_accuracy": 0.5714
  },
  "82": {
    "cen_loss": 1.7062127692222595,
    "cen_accuracy": 0.5676
  },
  "83": {
    "cen_loss": 1.6896931924819947,
    "cen_accuracy": 0.5696
  },
  "84": {
    "cen_loss": 1.7251236058235169,
    "cen_accuracy": 0.5697
  },
  "85": {
    "cen_loss": 1.6781278666973114,
    "cen_accuracy": 0.5617
  },
  "86": {
    "cen_loss": 1.6476179992198945,
    "cen_accuracy": 0.5667
  },
  "87": {
    "cen_loss": 1.5636555384635926,
    "cen_accuracy": 0.5692
  },
  "88": {
    "cen_loss": 1.6484763851165771,
    "cen_accuracy": 0.5736
  },
  "89": {
    "cen_loss": 1.6915479254245758,
    "cen_accuracy": 0.5667
  },
  "90": {
    "cen_loss": 1.691547934293747,
    "cen_accuracy": 0.5667
  },
  "91": {
    "cen_loss": 1.7111955614089966,
    "cen_accuracy": 0.5704
  },
  "92": {
    "cen_loss": 1.6321308934688568,
    "cen_accuracy": 0.5652
  },
  "93": {
    "cen_loss": 1.7020907175540925,
    "cen_accuracy": 0.5612
  },
  "94": {
    "cen_loss": 1.643273268556595,
    "cen_accuracy": 0.5673
  },
  "95": {
    "cen_loss": 1.7616297952651978,
    "cen_accuracy": 0.562
  },
  "96": {
    "cen_loss": 1.6783385883808135,
    "cen_accuracy": 0.5651
  },
  "97": {
    "cen_loss": 1.623985141992569,
    "cen_accuracy": 0.5718
  },
  "98": {
    "cen_loss": 1.6410217044830322,
    "cen_accuracy": 0.5637
  },
  "99": {
    "cen_loss": 1.7095331593990326,
    "cen_accuracy": 0.5611
  },
  "100": {
    "cen_loss": 1.7095331731319428,
    "cen_accuracy": 0.5611
  },
  "101": {
    "cen_loss": 1.6625949886322022,
    "cen_accuracy": 0.5621
  }
}