{
  "0": {
    "cen_loss": 0,
    "is_orig": true
  },
  "1": {
    "cen_loss": 0,
    "is_orig": true
  },
  "2": {
    "cen_loss": 2.3846496101379393,
    "is_orig": true,
    "cen_accuracy": 0.1
  },
  "3": {
    "cen_loss": 2.316117723655701,
    "is_orig": false,
    "cen_accuracy": 0.1676
  },
  "4": {
    "cen_loss": 2.4011260650634765,
    "is_orig": true,
    "cen_accuracy": 0.2062
  },
  "5": {
    "cen_loss": 2.321746751785278,
    "is_orig": true,
    "cen_accuracy": 0.215
  },
  "6": {
    "cen_loss": 3.069049989128113,
    "is_orig": true,
    "cen_accuracy": 0.2453
  },
  "7": {
    "cen_loss": 2.1169911935806276,
    "is_orig": true,
    "cen_accuracy": 0.2787
  },
  "8": {
    "cen_loss": 1.9568319690704346,
    "is_orig": false,
    "cen_accuracy": 0.3313
  },
  "9": {
    "cen_loss": 2.202971344947815,
    "is_orig": true,
    "cen_accuracy": 0.3249
  },
  "10": {
    "cen_loss": 2.197692234992981,
    "is_orig": true,
    "cen_accuracy": 0.3254
  },
  "11": {
    "cen_loss": 1.9632258229255677,
    "is_orig": false,
    "cen_accuracy": 0.341
  },
  "12": {
    "cen_loss": 1.8642902264595032,
    "is_orig": false,
    "cen_accuracy": 0.3702
  },
  "13": {
    "cen_loss": 1.9333437896728516,
    "is_orig": true,
    "cen_accuracy": 0.3768
  },
  "14": {
    "cen_loss": 2.3839025302886965,
    "is_orig": false,
    "cen_accuracy": 0.3567
  },
  "15": {
    "cen_loss": 1.8438133137702941,
    "is_orig": true,
    "cen_accuracy": 0.4101
  },
  "16": {
    "cen_loss": 2.013494162654877,
    "is_orig": true,
    "cen_accuracy": 0.3761
  },
  "17": {
    "cen_loss": 1.7980218007087707,
    "is_orig": true,
    "cen_accuracy": 0.4068
  },
  "18": {
    "cen_loss": 1.9005236435890198,
    "is_orig": false,
    "cen_accuracy": 0.3854
  },
  "19": {
    "cen_loss": 2.286969186115265,
    "is_orig": false,
    "cen_accuracy": 0.346
  },
  "20": {
    "cen_loss": 2.2869691905975342,
    "is_orig": true,
    "cen_accuracy": 0.346
  },
  "21": {
    "cen_loss": 2.078309069633484,
    "is_orig": false,
    "cen_accuracy": 0.3679
  },
  "22": {
    "cen_loss": 2.1098868237495423,
    "is_orig": false,
    "cen_accuracy": 0.3864
  },
  "23": {
    "cen_loss": 1.7652020064353944,
    "is_orig": true,
    "cen_accuracy": 0.4021
  },
  "24": {
    "cen_loss": 2.0391822492599485,
    "is_orig": false,
    "cen_accuracy": 0.3697
  },
  "25": {
    "cen_loss": 1.7093455440521241,
    "is_orig": true,
    "cen_accuracy": 0.4332
  },
  "26": {
    "cen_loss": 1.7672030668258667,
    "is_orig": true,
    "cen_accuracy": 0.418
  },
  "27": {
    "cen_loss": 2.7623267309188844,
    "is_orig": true,
    "cen_accuracy": 0.2905
  },
  "28": {
    "cen_loss": 2.2636071467399597,
    "is_orig": false,
    "cen_accuracy": 0.3456
  },
  "29": {
    "cen_loss": 2.379226418685913,
    "is_orig": true,
    "cen_accuracy": 0.3576
  },
  "30": {
    "cen_loss": 2.37922637424469,
    "is_orig": true,
    "cen_accuracy": 0.3576
  },
  "31": {
    "cen_loss": 3.333934571266174,
    "is_orig": true,
    "cen_accuracy": 0.3347
  },
  "32": {
    "cen_loss": 2.625998396873474,
    "is_orig": true,
    "cen_accuracy": 0.2981
  },
  "33": {
    "cen_loss": 2.124964337158203,
    "is_orig": false,
    "cen_accuracy": 0.3816
  },
  "34": {
    "cen_loss": 2.1027921181678773,
    "is_orig": true,
    "cen_accuracy": 0.3874
  },
  "35": {
    "cen_loss": 1.7352156915664674,
    "is_orig": false,
    "cen_accuracy": 0.4476
  },
  "36": {
    "cen_loss": 2.0549214745521547,
    "is_orig": true,
    "cen_accuracy": 0.397
  },
  "37": {
    "cen_loss": 2.246417685031891,
    "is_orig": true,
    "cen_accuracy": 0.3768
  },
  "38": {
    "cen_loss": 1.831613514995575,
    "is_orig": false,
    "cen_accuracy": 0.4301
  },
  "39": {
    "cen_loss": 2.5111709191322324,
    "is_orig": false,
    "cen_accuracy": 0.3674
  },
  "40": {
    "cen_loss": 2.511170854759216,
    "is_orig": true,
    "cen_accuracy": 0.3674
  },
  "41": {
    "cen_loss": 2.7075220405578615,
    "is_orig": false,
    "cen_accuracy": 0.359
  },
  "42": {
    "cen_loss": 2.505624236011505,
    "is_orig": true,
    "cen_accuracy": 0.3971
  },
  "43": {
    "cen_loss": 2.7741137793540953,
    "is_orig": false,
    "cen_accuracy": 0.3237
  },
  "44": {
    "cen_loss": 2.061399416255951,
    "is_orig": false,
    "cen_accuracy": 0.3968
  },
  "45": {
    "cen_loss": 1.8730412015914917,
    "is_orig": false,
    "cen_accuracy": 0.4063
  },
  "46": {
    "cen_loss": 1.91927233171463,
    "is_orig": true,
    "cen_accuracy": 0.4169
  },
  "47": {
    "cen_loss": 2.197875401210785,
    "is_orig": true,
    "cen_accuracy": 0.4134
  },
  "48": {
    "cen_loss": 2.3554108815193175,
    "is_orig": true,
    "cen_accuracy": 0.3715
  },
  "49": {
    "cen_loss": 1.9513548813819885,
    "is_orig": true,
    "cen_accuracy": 0.4448
  },
  "50": {
    "cen_loss": 1.9513548567771912,
    "is_orig": true,
    "cen_accuracy": 0.4448
  },
  "51": {
    "cen_loss": 2.272311118221283,
    "is_orig": false,
    "cen_accuracy": 0.3738
  },
  "52": {
    "cen_loss": 2.4275752933502197,
    "is_orig": true,
    "cen_accuracy": 0.3691
  },
  "53": {
    "cen_loss": 1.7810971031188965,
    "is_orig": true,
    "cen_accuracy": 0.4516
  },
  "54": {
    "cen_loss": 2.2860004895210264,
    "is_orig": true,
    "cen_accuracy": 0.3747
  },
  "55": {
    "cen_loss": 2.224717885398865,
    "is_orig": false,
    "cen_accuracy": 0.3893
  },
  "56": {
    "cen_loss": 1.9599610479354859,
    "is_orig": false,
    "cen_accuracy": 0.4359
  },
  "57": {
    "cen_loss": 2.2073937048912047,
    "is_orig": true,
    "cen_accuracy": 0.4018
  },
  "58": {
    "cen_loss": 2.3361988067626953,
    "is_orig": true,
    "cen_accuracy": 0.3909
  },
  "59": {
    "cen_loss": 2.1474039109230043,
    "is_orig": true,
    "cen_accuracy": 0.3999
  },
  "60": {
    "cen_loss": 2.147404054546356,
    "is_orig": false,
    "cen_accuracy": 0.4
  },
  "61": {
    "cen_loss": 2.3602003818511963,
    "is_orig": false,
    "cen_accuracy": 0.4061
  },
  "62": {
    "cen_loss": 2.8645398639678956,
    "is_orig": false,
    "cen_accuracy": 0.3792
  },
  "63": {
    "cen_loss": 2.2042617506980897,
    "is_orig": true,
    "cen_accuracy": 0.4135
  },
  "64": {
    "cen_loss": 1.9251255729675294,
    "is_orig": true,
    "cen_accuracy": 0.4496
  },
  "65": {
    "cen_loss": 2.2309598869323732,
    "is_orig": false,
    "cen_accuracy": 0.3872
  },
  "66": {
    "cen_loss": 2.5607648060798645,
    "is_orig": true,
    "cen_accuracy": 0.3257
  },
  "67": {
    "cen_loss": 1.8827212012290955,
    "is_orig": false,
    "cen_accuracy": 0.4056
  },
  "68": {
    "cen_loss": 1.9599993832588196,
    "is_orig": true,
    "cen_accuracy": 0.4472
  },
  "69": {
    "cen_loss": 1.9345417249679566,
    "is_orig": true,
    "cen_accuracy": 0.4244
  },
  "70": {
    "cen_loss": 1.9345417241096496,
    "is_orig": true,
    "cen_accuracy": 0.4244
  },
  "71": {
    "cen_loss": 2.122697351646423,
    "is_orig": false,
    "cen_accuracy": 0.4061
  },
  "72": {
    "cen_loss": 2.33121801738739,
    "is_orig": true,
    "cen_accuracy": 0.3889
  },
  "73": {
    "cen_loss": 2.5728924196243286,
    "is_orig": false,
    "cen_accuracy": 0.3777
  },
  "74": {
    "cen_loss": 2.265423954963684,
    "is_orig": true,
    "cen_accuracy": 0.4336
  },
  "75": {
    "cen_loss": 2.468093814563751,
    "is_orig": true,
    "cen_accuracy": 0.3638
  },
  "76": {
    "cen_loss": 2.0755175139427187,
    "is_orig": true,
    "cen_accuracy": 0.4071
  },
  "77": {
    "cen_loss": 2.0628159960746766,
    "is_orig": false,
    "cen_accuracy": 0.3872
  },
  "78": {
    "cen_loss": 1.9221032735824586,
    "is_orig": false,
    "cen_accuracy": 0.4099
  },
  "79": {
    "cen_loss": 2.2810191493988037,
    "is_orig": true,
    "cen_accuracy": 0.3799
  },
  "80": {
    "cen_loss": 2.2810191515922544,
    "is_orig": true,
    "cen_accuracy": 0.3799
  },
  "81": {
    "cen_loss": 2.445133313560486,
    "is_orig": false,