{
  "2": {
    "total_mJ": 862082281.8656406,
    "total_ceq": 91.1514227591824,
    "num_expired_thresh": 0,
    "num_depleted": 0,
    "num_transmited_bytes": 21826112
  },
  "3": {
    "total_mJ": 2003354990.7619367,
    "total_ceq": 212.741223562427,
    "num_expired_thresh": 0,
    "num_depleted": 0,
    "num_transmited_bytes": 21826112
  },
  "4": {
    "total_mJ": 1402144744.6113708,
    "total_ceq": 148.99960775073507,
    "num_expired_thresh": 0,
    "num_depleted": 0,
    "num_transmited_bytes": 21826112
  },
  "5": {
    "total_mJ": 1056853296.0400262,
    "total_ceq": 112.53211392337013,
    "num_expired_thresh": 0,
    "num_depleted": 0,
    "num_transmited_bytes": 21826112
  },
  "6": {
    "total_mJ": 2676226721.8391085,
    "total_ceq": 283.6491926356885,
    "num_expired_thresh": 0,
    "num_depleted": 0,
    "num_transmited_bytes": 21826112
  },
  "7": {
    "total_mJ": 1704010362.001873,
    "total_ceq": 180.56239305288688,
    "num_expired_thresh": 0,
    "num_depleted": 0,
    "num_transmited_bytes": 21826112
  },
  "8": {
    "total_mJ": 1719485195.6793027,
    "total_ceq": 181.9424226501013,
    "num_expired_thresh": 0,
    "num_depleted": 0,
    "num_transmited_bytes": 21826112
  },
  "9": {
    "total_mJ": 865182692.4255444,
    "total_ceq": 91.60097538946287,
    "num_expired_thresh": 0,
    "num_depleted": 0,
    "num_transmited_bytes": 21826112
  },
  "10": {
    "total_mJ": 1444480392.288752,
    "total_ceq": 154.25429278169295,
    "num_expired_thresh": 0,
    "num_depleted": 0,
    "num_transmited_bytes": 21826112
  },
  "11": {
    "total_mJ": 1439190559.1101635,
    "total_ceq": 153.5650464980144,
    "num_expired_thresh": 0,
    "num_depleted": 0,
    "num_transmited_bytes": 21826112
  },
  "12": {
    "total_mJ": 1977114142.6927593,
    "total_ceq": 210.32789103452143,
    "num_expired_thresh": 0,
    "num_depleted": 0,
    "num_transmited_bytes": 21826112
  },
  "13": {
    "total_mJ": 1893384065.5929735,
    "total_ceq": 201.183011382411,
    "num_expired_thresh": 0,
    "num_depleted": 0,
    "num_transmited_bytes": 21826112
  },
  "14": {
    "total_mJ": 2088622768.2874808,
    "total_ceq": 222.96143621009844,
    "num_expired_thresh": 0,
    "num_depleted": 0,
    "num_transmited_bytes": 21826112
  },
  "15": {
    "total_mJ": 1721364726.7461407,
    "total_ceq": 182.53022127596083,
    "num_expired_thresh": 0,
    "num_depleted": 0,
    "num_transmited_bytes": 21826112
  },
  "16": {
    "total_mJ": 1711054700.4932578,
    "total_ceq": 182.625014137773,
    "num_expired_thresh": 0,
    "num_depleted": 0,
    "num_transmited_bytes": 21826112
  },
  "17": {
    "total_mJ": 1189188793.5493858,
    "total_ceq": 126.08373970610535,
    "num_expired_thresh": 0,
    "num_depleted": 0,
    "num_transmited_bytes": 21826112
  },
  "18": {
    "total_mJ": 1725097574.6666021,
    "total_ceq": 184.34047109283378,
    "num_expired_thresh": 0,
    "num_depleted": 0,
    "num_transmited_bytes": 21826112
  },
  "19": {
    "total_mJ": 1681127814.0773244,
    "total_ceq": 177.7359827395053,
    "num_expired_thresh": 0,
    "num_depleted": 0,
    "num_transmited_bytes": 21826112
  },
  "20": {
    "total_mJ": 1732081105.7284775,
    "total_ceq": 183.7294964865817,
    "num_expired_thresh": 0,
    "num_depleted": 0,
    "num_transmited_bytes": 21826112
  },
  "21": {
    "total_mJ": 1410018003.000656,
    "total_ceq": 149.06108047536463,
    "num_expired_thresh": 0,
    "num_depleted": 0,
    "num_transmited_bytes": 21826112
  },
  "22": {
    "total_mJ": 1921348396.8396976,
    "total_ceq": 205.06292853600576,
    "num_expired_thresh": 0,
    "num_depleted": 0,
    "num_transmited_bytes": 21826112
  },
  "23": {
    "total_mJ": 1730466897.1752064,
    "total_ceq": 184.97552747919244,
    "num_expired_thresh": 0,
    "num_depleted": 0,
    "num_transmited_bytes": 21826112
  },
  "24": {
    "total_mJ": 895497807.0133007,
    "total_ceq": 94.93561118290405,
    "num_expired_thresh": 0,
    "num_depleted": 0,
    "num_transmited_bytes": 21826112
  },
  "25": {
    "total_mJ": 613446677.4812965,
    "total_ceq": 65.32691321603187,
    "num_expired_thresh": 0,
    "num_depleted": 0,
    "num_transmited_bytes": 21826112
  },
  "26": {
    "total_mJ": 1333161913.5262008,
    "total_ceq": 143.04506634016295,
    "num_expired_thresh": 0,
    "num_depleted": 0,
    "num_transmited_bytes": 21826112
  },
  "27": {
    "total_mJ": 947753823.8934734,
    "total_ceq": 100.06235986055384,
    "num_expired_thresh": 0,
    "num_depleted": 0,
    "num_transmited_bytes": 21826112
  },
  "28": {
    "total_mJ": 1963560656.3513055,
    "total_ceq": 207.8864274712841,
    "num_expired_thresh": 0,
    "num_depleted": 0,
    "num_transmited_bytes": 21826112
  },
  "29": {
    "total_mJ": 1179560466.898506,
    "total_ceq": 125.23630620086827,
    "num_expired_thresh": 0,
    "num_depleted": 0,
    "num_transmited_bytes": 21826112
  },
  "30": {
    "total_mJ": 1712603539.9686954,
    "total_ceq": 181.3607690823796,
    "num_expired_thresh": 0,
    "num_depleted": 0,
    "num_transmited_bytes": 21826112
  },
  "31": {
    "total_mJ": 2673951576.1267705,
    "total_ceq": 283.7772377165924,
    "num_expired_thresh": 0,
    "num_depleted": 0,
    "num_transmited_bytes": 21826112
  },
  "32": {
    "total_mJ": 1962059148.062213,
    "total_ceq": 207.24494424861277,
    "num_expired_thresh": 0,
    "num_depleted": 0,
    "num_transmited_bytes": 21826112
  },
  "33": {
    "total_mJ": 1887019566.2482858,
    "total_ceq": 200.5833321466809,
    "num_expired_thresh": 0,
    "num_depleted": 0,
    "num_transmited_bytes": 21826112
  },
  "34": {
    "total_mJ": 955385582.3231628,
    "total_ceq": 101.38650488010533,
    "num_expired_thresh": 0,
    "num_depleted": 0,
    "num_transmited_bytes": 21826112
  },
  "35": {
    "total_mJ": 1326461925.3151424,
    "total_ceq": 141.02021849068828,
    "num_expired_thresh": 0,
    "num_depleted": 0,
    "num_transmited_bytes": 21826112
  },
  "36": {
    "total_mJ": 1889422162.5882742,
    "total_ceq": 201.3094926381047,
    "num_expired_thresh": 0,
    "num_depleted": 0,
    "num_transmited_bytes": 21826112
  },
  "37": {
    "total_mJ": 888074343.6251872,
    "total_ceq": 93.43058793300145,
    "num_expired_thresh": 0,
    "num_depleted": 0,
    "num_transmited_bytes": 21826112
  },
  "38": {
    "total_mJ": 1183798531.9565432,
    "total_ceq": 125.4834107182539,
    "num_expired_thresh": 0,
    "num_depleted": 0,
    "num_transmited_bytes": 21826112
  },
  "39": {
    "total_mJ": 1415633291.242558,
    "total_ceq": 150.28373165786192,
    "num_expired_thresh": 0,
    "num_depleted": 0,
    "num_transmited_bytes": 21826112
  },
  "40": {
    "total_mJ": 1411235439.3006685,
    "total_ceq": 150.59419110780115,
    "num_expired_thresh": 0,
    "num_depleted": 0,
    "num_transmited_bytes": 21826112
  },
  "41": {
    "total_mJ": 2709274353.3626213,
    "total_ceq": 288.1109242390265,
    "num_expired_thresh": 0,
    "num_depleted": 0,
    "num_transmited_bytes": 21826112
  },
  "42": {
    "total_mJ": 2720993525.9835963,
    "total_ceq": 288.29915609813526,
    "num_expired_thresh": 0,
    "num_depleted": 0,
    "num_transmited_bytes": 21826112
  },
  "43": {
    "total_mJ": 1705190675.1216748,
    "total_ceq": 180.53013296221638,
    "num_expired_thresh": 0,
    "num_depleted": 0,
    "num_transmited_bytes": 21826112
  },
  "44": {
    "total_mJ": 761869855.9308219,
    "total_ceq": 81.39984377366,
    "num_expired_thresh": 0,
    "num_depleted": 0,
    "num_transmited_bytes": 21826112
  },
  "45": {
    "total_mJ": 1319556493.6741407,
    "total_ceq": 140.04197598293115,
    "num_expired_thresh": 0,
    "num_depleted": 0,
    "num_transmited_bytes": 21826112
  },
  "46": {
    "total_mJ": 1977283617.4595942,
    "total_ceq": 209.3784599537056,
    "num_expired_thresh": 0,
    "num_depleted": 0,
    "num_transmited_bytes": 21826112
  },
  "47": {
    "total_mJ": 2706749560.476552,
    "total_ceq": 287.3400082631744,