{
  "0": {
    "cen_loss": 2.3034822883605957,
    "cen_accuracy": 0.1055
  },
  "1": {
    "cen_loss": 2.3034822883605957,
    "cen_accuracy": 0.1055
  },
  "2": {
    "cen_loss": 2.068931532859802,
    "cen_accuracy": 0.2816
  },
  "3": {
    "cen_loss": 1.6182448585510254,
    "cen_accuracy": 0.4105
  },
  "4": {
    "cen_loss": 1.6722657977104187,
    "cen_accuracy": 0.4336
  },
  "5": {
    "cen_loss": 1.6254737685203553,
    "cen_accuracy": 0.4412
  },
  "6": {
    "cen_loss": 1.628058371925354,
    "cen_accuracy": 0.4503
  },
  "7": {
    "cen_loss": 1.6061273745536804,
    "cen_accuracy": 0.4545
  },
  "8": {
    "cen_loss": 1.5778148681640625,
    "cen_accuracy": 0.473
  },
  "9": {
    "cen_loss": 1.7168149075508117,
    "cen_accuracy": 0.464
  },
  "10": {
    "cen_loss": 1.7164510639190673,
    "cen_accuracy": 0.4641
  },
  "11": {
    "cen_loss": 1.7330578184127807,
    "cen_accuracy": 0.4511
  },
  "12": {
    "cen_loss": 1.6886695627212525,
    "cen_accuracy": 0.4723
  },
  "13": {
    "cen_loss": 1.679886156654358,
    "cen_accuracy": 0.4627
  },
  "14": {
    "cen_loss": 1.6276300623893738,
    "cen_accuracy": 0.4781
  },
  "15": {
    "cen_loss": 1.6666600974082946,
    "cen_accuracy": 0.4916
  },
  "16": {
    "cen_loss": 1.6818586123466492,
    "cen_accuracy": 0.4814
  },
  "17": {
    "cen_loss": 1.637813134098053,
    "cen_accuracy": 0.4996
  },
  "18": {
    "cen_loss": 1.7530853090286256,
    "cen_accuracy": 0.4925
  },
  "19": {
    "cen_loss": 1.7188110381126405,
    "cen_accuracy": 0.4934
  },
  "20": {
    "cen_loss": 1.7188110519409179,
    "cen_accuracy": 0.4934
  },
  "21": {
    "cen_loss": 1.7610672519683839,
    "cen_accuracy": 0.496
  },
  "22": {
    "cen_loss": 1.6987138236045838,
    "cen_accuracy": 0.5015
  },
  "23": {
    "cen_loss": 1.7817026787757873,
    "cen_accuracy": 0.4939
  },
  "24": {
    "cen_loss": 1.6773412851333618,
    "cen_accuracy": 0.5135
  },
  "25": {
    "cen_loss": 1.686482560634613,
    "cen_accuracy": 0.523
  },
  "26": {
    "cen_loss": 1.7305679819107056,
    "cen_accuracy": 0.5117
  },
  "27": {
    "cen_loss": 1.722457874584198,
    "cen_accuracy": 0.5221
  },
  "28": {
    "cen_loss": 1.7723239610671997,
    "cen_accuracy": 0.5093
  },
  "29": {
    "cen_loss": 1.7072889760971068,
    "cen_accuracy": 0.5087
  },
  "30": {
    "cen_loss": 1.7072889666557312,
    "cen_accuracy": 0.5087
  },
  "31": {
    "cen_loss": 1.7018233433246612,
    "cen_accuracy": 0.5109
  },
  "32": {
    "cen_loss": 1.7548846457481384,
    "cen_accuracy": 0.516
  },
  "33": {
    "cen_loss": 1.6553405563354493,
    "cen_accuracy": 0.5184
  },
  "34": {
    "cen_loss": 1.7256890846252442,
    "cen_accuracy": 0.516
  },
  "35": {
    "cen_loss": 1.6777923598766327,
    "cen_accuracy": 0.5265
  },
  "36": {
    "cen_loss": 1.8190276062965394,
    "cen_accuracy": 0.5155
  },
  "37": {
    "cen_loss": 1.8961480165958404,
    "cen_accuracy": 0.4994
  },
  "38": {
    "cen_loss": 1.7350236741065979,
    "cen_accuracy": 0.5173
  },
  "39": {
    "cen_loss": 1.7278579528808593,
    "cen_accuracy": 0.5244
  },
  "40": {
    "cen_loss": 1.7278579442501067,
    "cen_accuracy": 0.5244
  },
  "41": {
    "cen_loss": 1.836814877796173,
    "cen_accuracy": 0.5139
  },
  "42": {
    "cen_loss": 1.8307951001644134,
    "cen_accuracy": 0.5082
  },
  "43": {
    "cen_loss": 1.8113497304916382,
    "cen_accuracy": 0.5074
  },
  "44": {
    "cen_loss": 1.7743855892181397,
    "cen_accuracy": 0.5202
  },
  "45": {
    "cen_loss": 1.684127276134491,
    "cen_accuracy": 0.527
  },
  "46": {
    "cen_loss": 1.7502529052257538,
    "cen_accuracy": 0.527
  },
  "47": {
    "cen_loss": 1.8298556692123413,
    "cen_accuracy": 0.5245
  },
  "48": {
    "cen_loss": 1.7837877702236176,
    "cen_accuracy": 0.5262
  },
  "49": {
    "cen_loss": 1.7829510091781615,
    "cen_accuracy": 0.5279
  },
  "50": {
    "cen_loss": 1.7829510140419007,
    "cen_accuracy": 0.5279
  },
  "51": {
    "cen_loss": 1.7152641570091247,
    "cen_accuracy": 0.5276
  },
  "52": {
    "cen_loss": 1.7711635960578918,
    "cen_accuracy": 0.5307
  },
  "53": {
    "cen_loss": 1.7446282663345336,
    "cen_accuracy": 0.5383
  },
  "54": {
    "cen_loss": 1.8036815760612488,
    "cen_accuracy": 0.5267
  },
  "55": {
    "cen_loss": 1.8761578119754792,
    "cen_accuracy": 0.5114
  },
  "56": {
    "cen_loss": 1.7457802413940429,
    "cen_accuracy": 0.5339
  },
  "57": {
    "cen_loss": 1.7411517440795898,
    "cen_accuracy": 0.524
  },
  "58": {
    "cen_loss": 1.701588097667694,
    "cen_accuracy": 0.5409
  },
  "59": {
    "cen_loss": 1.761586092853546,
    "cen_accuracy": 0.5444
  },
  "60": {
    "cen_loss": 1.7615860990524292,
    "cen_accuracy": 0.5444
  },
  "61": {
    "cen_loss": 1.7350433611392975,
    "cen_accuracy": 0.5342
  },
  "62": {
    "cen_loss": 1.7056762225151063,
    "cen_accuracy": 0.5353
  },
  "63": {
    "cen_loss": 1.7202568417549133,
    "cen_accuracy": 0.5327
  },
  "64": {
    "cen_loss": 1.6946496224403382,
    "cen_accuracy": 0.5377
  },
  "65": {
    "cen_loss": 1.8055839231967925,
    "cen_accuracy": 0.525
  },
  "66": {
    "cen_loss": 1.714324232149124,
    "cen_accuracy": 0.5408
  },
  "67": {
    "cen_loss": 1.6955111647605896,
    "cen_accuracy": 0.5396
  },
  "68": {
    "cen_loss": 1.712042801618576,
    "cen_accuracy": 0.5428
  },
  "69": {
    "cen_loss": 1.7145064787864686,
    "cen_accuracy": 0.5421
  },
  "70": {
    "cen_loss": 1.714506467151642,
    "cen_accuracy": 0.5421
  },
  "71": {
    "cen_loss": 1.7468516018867493,
    "cen_accuracy": 0.5421
  },
  "72": {
    "cen_loss": 1.834325430870056,
    "cen_accuracy": 0.5349
  },
  "73": {
    "cen_loss": 1.6980960440635682,
    "cen_accuracy": 0.5416
  },
  "74": {
    "cen_loss": 1.7589599128723143,
    "cen_accuracy": 0.5432
  },
  "75": {
    "cen_loss": 1.7761999143123626,
    "cen_accuracy": 0.546
  },
  "76": {
    "cen_loss": 1.7887340124130249,
    "cen_accuracy": 0.5447
  },
  "77": {
    "cen_loss": 1.7913091309547424,
    "cen_accuracy": 0.5342
  },
  "78": {
    "cen_loss": 1.7830373131752013,
    "cen_accuracy": 0.5391
  },
  "79": {
    "cen_loss": 1.7916042979717255,
    "cen_accuracy": 0.5332
  },
  "80": {
    "cen_loss": 1.7916043096542358,
    "cen_accuracy": 0.5332
  },
  "81": {
    "cen_loss": 1.826092818069458,
    "cen_accuracy": 0.5471
  },
  "82": {
    "cen_loss": 1.886029800271988,
    "cen_accuracy": 0.53
  },
  "83": {
    "cen_loss": 1.7793202127456664,
    "cen_accuracy": 0.5382
  },
  "84": {
    "cen_loss": 1.7871095592021942,
    "cen_accuracy": 0.5426
  },
  "85": {
    "cen_loss": 1.8366136648654938,
    "cen_accuracy": 0.5368
  },
  "86": {
    "cen_loss": 1.852867737197876,
    "cen_accuracy": 0.5374
  },
  "87": {
    "cen_loss": 1.881080261850357,
    "cen_accuracy": 0.536
  },
  "88": {
    "cen_loss": 1.742697559070587,
    "cen_accuracy": 0.5374
  },
  "89": {
    "cen_loss": 1.8316148572444915,
    "cen_accuracy": 0.5403
  },
  "90": {
    "cen_loss": 1.8316148821830749,
    "cen_accuracy": 0.5403
  },
  "91": {
    "cen_loss": 1.8599934399604798,
    "cen_accuracy": 0.5332
  },
  "92": {
    "cen_loss": 1.8647836973667145,
    "cen_accuracy": 0.5343
  },
  "93": {
    "cen_loss": 1.7331009572982787,
    "cen_accuracy": 0.5471
  },
  "94": {
    "cen_loss": 1.8275435005187988,
    "cen_accuracy": 0.5271
  },
  "95": {
    "cen_loss": 1.8165660931110381,
    "cen_accuracy": 0.5462
  },
  "96": {
    "cen_loss": 1.757346999835968,
    "cen_accuracy": 0.5451
  },
  "97": {
    "cen_loss": 1.9661392888069154,
    "cen_accuracy": 0.5453
  },
  "98": {
    "cen_loss": 1.8358011487960815,
    "cen_accuracy": 0.5336
  },
  "99": {
    "cen_loss": 1.7838248197078705,
    "cen_accuracy": 0.5387
  },
  "100": {
    "cen_loss": 1.7838248704910278,
    "cen_accuracy": 0.5387
  },
  "101": {
    "cen_loss": 1.7729555872917175,
    "cen_accuracy": 0.5475
  }
}