{
  "2": {
    "total_mJ": 1404389899.1067128,
    "total_ceq": 148.33324508540272,
    "num_expired_thresh": 0,
    "num_depleted": 0,
    "num_transmited_bytes": 787312064
  },
  "3": {
    "total_mJ": 967154850.6132659,
    "total_ceq": 102.62288931043508,
    "num_expired_thresh": 0,
    "num_depleted": 0,
    "num_transmited_bytes": 787312064
  },
  "4": {
    "total_mJ": 1898036391.1810145,
    "total_ceq": 201.75319015387393,
    "num_expired_thresh": 0,
    "num_depleted": 0,
    "num_transmited_bytes": 787312064
  },
  "5": {
    "total_mJ": 1988146533.070094,
    "total_ceq": 210.39069690705216,
    "num_expired_thresh": 0,
    "num_depleted": 0,
    "num_transmited_bytes": 787312064
  },
  "6": {
    "total_mJ": 1064244806.083715,
    "total_ceq": 112.9242239852124,
    "num_expired_thresh": 0,
    "num_depleted": 0,
    "num_transmited_bytes": 787312064
  },
  "7": {
    "total_mJ": 2084988715.7699723,
    "total_ceq": 222.15151794425879,
    "num_expired_thresh": 0,
    "num_depleted": 0,
    "num_transmited_bytes": 787312064
  },
  "8": {
    "total_mJ": 1938677036.6950748,
    "total_ceq": 205.91816263838862,
    "num_expired_thresh": 0,
    "num_depleted": 0,
    "num_transmited_bytes": 787312064
  },
  "9": {
    "total_mJ": 2123528379.615663,
    "total_ceq": 225.4182726024442,
    "num_expired_thresh": 0,
    "num_depleted": 0,
    "num_transmited_bytes": 787312064
  },
  "10": {
    "total_mJ": 1966547782.8664138,
    "total_ceq": 208.29160951348837,
    "num_expired_thresh": 0,
    "num_depleted": 0,
    "num_transmited_bytes": 787312064
  },
  "11": {
    "total_mJ": 370519165.250093,
    "total_ceq": 39.420293692708725,
    "num_expired_thresh": 0,
    "num_depleted": 0,
    "num_transmited_bytes": 787312064
  },
  "12": {
    "total_mJ": 1314972640.4039745,
    "total_ceq": 139.71870138908733,
    "num_expired_thresh": 0,
    "num_depleted": 0,
    "num_transmited_bytes": 787312064
  },
  "13": {
    "total_mJ": 1419973132.963798,
    "total_ceq": 150.74609663591764,
    "num_expired_thresh": 0,
    "num_depleted": 0,
    "num_transmited_bytes": 787312064
  },
  "14": {
    "total_mJ": 1185038229.5600245,
    "total_ceq": 125.80254002778325,
    "num_expired_thresh": 0,
    "num_depleted": 0,
    "num_transmited_bytes": 787312064
  },
  "15": {
    "total_mJ": 1691566366.7913723,
    "total_ceq": 178.77417302835292,
    "num_expired_thresh": 0,
    "num_depleted": 0,
    "num_transmited_bytes": 787312064
  },
  "16": {
    "total_mJ": 1749002150.7052555,
    "total_ceq": 186.1784097954534,
    "num_expired_thresh": 0,
    "num_depleted": 0,
    "num_transmited_bytes": 787312064
  },
  "17": {
    "total_mJ": 768557503.2970778,
    "total_ceq": 82.48538922370459,
    "num_expired_thresh": 0,
    "num_depleted": 0,
    "num_transmited_bytes": 787312064
  },
  "18": {
    "total_mJ": 1724082219.869904,
    "total_ceq": 183.57248991822263,
    "num_expired_thresh": 0,
    "num_depleted": 0,
    "num_transmited_bytes": 787312064
  },
  "19": {
    "total_mJ": 1718391592.5244024,
    "total_ceq": 182.85974843872714,
    "num_expired_thresh": 0,
    "num_depleted": 0,
    "num_transmited_bytes": 787312064
  },
  "20": {
    "total_mJ": 1192574847.4255457,
    "total_ceq": 126.99226063157644,
    "num_expired_thresh": 0,
    "num_depleted": 0,
    "num_transmited_bytes": 787312064
  },
  "21": {
    "total_mJ": 1068006676.1760856,
    "total_ceq": 113.0776416170979,
    "num_expired_thresh": 0,
    "num_depleted": 0,
    "num_transmited_bytes": 787312064
  },
  "22": {
    "total_mJ": 1729805897.600904,
    "total_ceq": 184.4689415477978,
    "num_expired_thresh": 0,
    "num_depleted": 0,
    "num_transmited_bytes": 787312064
  },
  "23": {
    "total_mJ": 971576227.0147955,
    "total_ceq": 103.3450911129335,
    "num_expired_thresh": 0,
    "num_depleted": 0,
    "num_transmited_bytes": 787312064
  },
  "24": {
    "total_mJ": 1682338762.7195163,
    "total_ceq": 177.72687252617806,
    "num_expired_thresh": 0,
    "num_depleted": 0,
    "num_transmited_bytes": 787312064
  },
  "25": {
    "total_mJ": 1739930266.3816342,
    "total_ceq": 184.9965590899061,
    "num_expired_thresh": 0,
    "num_depleted": 0,
    "num_transmited_bytes": 787312064
  },
  "26": {
    "total_mJ": 2078661208.6833265,
    "total_ceq": 220.8832825395399,
    "num_expired_thresh": 0,
    "num_depleted": 0,
    "num_transmited_bytes": 787312064
  },
  "27": {
    "total_mJ": 2006629158.713171,
    "total_ceq": 213.0483516712025,
    "num_expired_thresh": 0,
    "num_depleted": 0,
    "num_transmited_bytes": 787312064
  },
  "28": {
    "total_mJ": 1073988801.742653,
    "total_ceq": 114.27179338871308,
    "num_expired_thresh": 0,
    "num_depleted": 0,
    "num_transmited_bytes": 787312064
  },
  "29": {
    "total_mJ": 1991383359.7776635,
    "total_ceq": 211.74287986682864,
    "num_expired_thresh": 0,
    "num_depleted": 0,
    "num_transmited_bytes": 787312064
  },
  "30": {
    "total_mJ": 1207934188.2416956,
    "total_ceq": 129.4997271520799,
    "num_expired_thresh": 0,
    "num_depleted": 0,
    "num_transmited_bytes": 787312064
  },
  "31": {
    "total_mJ": 674211225.5943055,
    "total_ceq": 71.89991777631272,
    "num_expired_thresh": 0,
    "num_depleted": 0,
    "num_transmited_bytes": 787312064
  },
  "32": {
    "total_mJ": 1420883183.1179326,
    "total_ceq": 151.7576173621426,
    "num_expired_thresh": 0,
    "num_depleted": 0,
    "num_transmited_bytes": 787312064
  },
  "33": {
    "total_mJ": 1974974560.8292468,
    "total_ceq": 209.48218471187906,
    "num_expired_thresh": 0,
    "num_depleted": 0,
    "num_transmited_bytes": 787312064
  },
  "34": {
    "total_mJ": 1324486828.9830897,
    "total_ceq": 140.48625625867606,
    "num_expired_thresh": 0,
    "num_depleted": 0,
    "num_transmited_bytes": 787312064
  },
  "35": {
    "total_mJ": 1429622975.9313073,
    "total_ceq": 151.18946688690232,
    "num_expired_thresh": 0,
    "num_depleted": 0,
    "num_transmited_bytes": 787312064
  },
  "36": {
    "total_mJ": 1722577509.3374043,
    "total_ceq": 182.27657585724572,
    "num_expired_thresh": 0,
    "num_depleted": 0,
    "num_transmited_bytes": 787312064
  },
  "37": {
    "total_mJ": 2047395329.9901166,
    "total_ceq": 217.85012796362565,
    "num_expired_thresh": 0,
    "num_depleted": 0,
    "num_transmited_bytes": 787312064
  },
  "38": {
    "total_mJ": 1358794481.7139869,
    "total_ceq": 145.25718934543167,
    "num_expired_thresh": 0,
    "num_depleted": 0,
    "num_transmited_bytes": 787312064
  },
  "39": {
    "total_mJ": 2076676669.0008216,
    "total_ceq": 220.15213564193382,
    "num_expired_thresh": 0,
    "num_depleted": 0,
    "num_transmited_bytes": 787312064
  },
  "40": {
    "total_mJ": 2711001279.5247383,
    "total_ceq": 289.04545248718136,
    "num_expired_thresh": 0,
    "num_depleted": 0,
    "num_transmited_bytes": 787312064
  },
  "41": {
    "total_mJ": 1208964754.2986479,
    "total_ceq": 129.3196476156281,
    "num_expired_thresh": 0,
    "num_depleted": 0,
    "num_transmited_bytes": 787312064
  },
  "42": {
    "total_mJ": 1714203606.4396589,
    "total_ceq": 182.05917218049515,
    "num_expired_thresh": 0,
    "num_depleted": 0,
    "num_transmited_bytes": 787312064
  },
  "43": {
    "total_mJ": 1213408935.3808975,
    "total_ceq": 129.15197377993408,
    "num_expired_thresh": 0,
    "num_depleted": 0,
    "num_transmited_bytes": 787312064
  },
  "44": {
    "total_mJ": 2000271703.9919834,
    "total_ceq": 211.57620937852838,
    "num_expired_thresh": 0,
    "num_depleted": 0,
    "num_transmited_bytes": 787312064
  },
  "45": {
    "total_mJ": 1936644195.136693,
    "total_ceq": 205.29829816037423,
    "num_expired_thresh": 0,
    "num_depleted": 0,
    "num_transmited_bytes": 787312064
  },
  "46": {
    "total_mJ": 2090909772.0342214,
    "total_ceq": 221.81721612080983,
    "num_expired_thresh": 0,
    "num_depleted": 0,
    "num_transmited_bytes": 787312064
  },