{
  "0": {
    "cen_loss": 2.3027744300842286,
    "cen_accuracy": 0.1
  },
  "1": {
    "cen_loss": 2.3027744300842286,
    "cen_accuracy": 0.1
  },
  "2": {
    "cen_loss": 2.484944522476196,
    "cen_accuracy": 0.1
  },
  "3": {
    "cen_loss": 2.738498313522339,
    "cen_accuracy": 0.1
  },
  "4": {
    "cen_loss": 3.0607999603271483,
    "cen_accuracy": 0.1
  },
  "5": {
    "cen_loss": 3.7729426975250244,
    "cen_accuracy": 0.1
  },
  "6": {
    "cen_loss": 5.030496807861328,
    "cen_accuracy": 0.1
  },
  "7": {
    "cen_loss": 4.028046300888062,
    "cen_accuracy": 0.1
  },
  "8": {
    "cen_loss": 4.409761660003662,
    "cen_accuracy": 0.1
  },
  "9": {
    "cen_loss": 4.1509263256072995,
    "cen_accuracy": 0.1029
  },
  "10": {
    "cen_loss": 1.9774623804092408,
    "cen_accuracy": 0.3669
  },
  "11": {
    "cen_loss": 4.119931159591675,
    "cen_accuracy": 0.1054
  },
  "12": {
    "cen_loss": 3.7987330558776855,
    "cen_accuracy": 0.1136
  },
  "13": {
    "cen_loss": 3.781238024902344,
    "cen_accuracy": 0.1255
  },
  "14": {
    "cen_loss": 2.228171916770935,
    "cen_accuracy": 0.2425
  },
  "15": {
    "cen_loss": 2.3048777542114256,
    "cen_accuracy": 0.2491
  },
  "16": {
    "cen_loss": 1.935967308139801,
    "cen_accuracy": 0.4004
  },
  "17": {
    "cen_loss": 2.1789066259384153,
    "cen_accuracy": 0.3658
  },
  "18": {
    "cen_loss": 1.85662911195755,
    "cen_accuracy": 0.4109
  },
  "19": {
    "cen_loss": 1.735170015335083,
    "cen_accuracy": 0.4664
  },
  "20": {
    "cen_loss": 1.5748831548690796,
    "cen_accuracy": 0.5426
  },
  "21": {
    "cen_loss": 1.6329341859340667,
    "cen_accuracy": 0.4337
  },
  "22": {
    "cen_loss": 1.7018674081802367,
    "cen_accuracy": 0.4538
  },
  "23": {
    "cen_loss": 2.276664464187622,
    "cen_accuracy": 0.4712
  },
  "24": {
    "cen_loss": 1.4830417849540711,
    "cen_accuracy": 0.5296
  },
  "25": {
    "cen_loss": 1.377549330854416,
    "cen_accuracy": 0.5027
  },
  "26": {
    "cen_loss": 1.2069504333496093,
    "cen_accuracy": 0.5912
  },
  "27": {
    "cen_loss": 1.280692152118683,
    "cen_accuracy": 0.5537
  },
  "28": {
    "cen_loss": 2.9122947725296022,
    "cen_accuracy": 0.447
  },
  "29": {
    "cen_loss": 1.8851443736076354,
    "cen_accuracy": 0.4408
  },
  "30": {
    "cen_loss": 2.4748459044456483,
    "cen_accuracy": 0.4001
  },
  "31": {
    "cen_loss": 3.5746110540390013,
    "cen_accuracy": 0.2028
  },
  "32": {
    "cen_loss": 3.769698063182831,
    "cen_accuracy": 0.411
  },
  "33": {
    "cen_loss": 2.0325664613723755,
    "cen_accuracy": 0.3801
  },
  "34": {
    "cen_loss": 3.243450845146179,
    "cen_accuracy": 0.2513
  },
  "35": {
    "cen_loss": 3.452583609008789,
    "cen_accuracy": 0.1692
  },
  "36": {
    "cen_loss": 2.538115400314331,
    "cen_accuracy": 0.311
  },
  "37": {
    "cen_loss": 1.9818593485832214,
    "cen_accuracy": 0.3963
  },
  "38": {
    "cen_loss": 2.380551427936554,
    "cen_accuracy": 0.3962
  },
  "39": {
    "cen_loss": 1.8954224802970887,
    "cen_accuracy": 0.4448
  },
  "40": {
    "cen_loss": 2.2198253076553343,
    "cen_accuracy": 0.4494
  },
  "41": {
    "cen_loss": 1.6692606237411498,
    "cen_accuracy": 0.4621
  },
  "42": {
    "cen_loss": 1.8908239278793335,
    "cen_accuracy": 0.4671
  },
  "43": {
    "cen_loss": 3.4679539440155027,
    "cen_accuracy": 0.2096
  },
  "44": {
    "cen_loss": 2.239381941795349,
    "cen_accuracy": 0.3824
  },
  "45": {
    "cen_loss": 1.30290276927948,
    "cen_accuracy": 0.5661
  },
  "46": {
    "cen_loss": 1.9741240976333618,
    "cen_accuracy": 0.4417
  },
  "47": {
    "cen_loss": 2.627837931060791,
    "cen_accuracy": 0.3195
  },
  "48": {
    "cen_loss": 1.849658002090454,
    "cen_accuracy": 0.4281
  },
  "49": {
    "cen_loss": 2.215378448867798,
    "cen_accuracy": 0.3597
  },
  "50": {
    "cen_loss": 2.563694574546814,
    "cen_accuracy": 0.3323
  },
  "51": {
    "cen_loss": 1.1321953553676605,
    "cen_accuracy": 0.5934
  }
}