{
  "0": {
    "cen_loss": 0,
    "is_orig": true
  },
  "1": {
    "cen_loss": 0,
    "is_orig": true
  },
  "2": {
    "cen_loss": 2.3946584917068483,
    "is_orig": false,
    "cen_accuracy": 0.1819
  },
  "3": {
    "cen_loss": 2.4298702125549316,
    "is_orig": true,
    "cen_accuracy": 0.1987
  },
  "4": {
    "cen_loss": 2.260648400115967,
    "is_orig": true,
    "cen_accuracy": 0.278
  },
  "5": {
    "cen_loss": 2.110051727104187,
    "is_orig": true,
    "cen_accuracy": 0.3063
  },
  "6": {
    "cen_loss": 2.219527490234375,
    "is_orig": true,
    "cen_accuracy": 0.2856
  },
  "7": {
    "cen_loss": 2.0436488597869875,
    "is_orig": true,
    "cen_accuracy": 0.324
  },
  "8": {
    "cen_loss": 1.8918984196662902,
    "is_orig": false,
    "cen_accuracy": 0.3839
  },
  "9": {
    "cen_loss": 2.3289392362594605,
    "is_orig": false,
    "cen_accuracy": 0.3472
  },
  "10": {
    "cen_loss": 2.326203756713867,
    "is_orig": true,
    "cen_accuracy": 0.3476
  },
  "11": {
    "cen_loss": 2.2555417768478394,
    "is_orig": false,
    "cen_accuracy": 0.3254
  },
  "12": {
    "cen_loss": 2.1773671016693115,
    "is_orig": false,
    "cen_accuracy": 0.3714
  },
  "13": {
    "cen_loss": 2.2893761837005617,
    "is_orig": false,
    "cen_accuracy": 0.3218
  },
  "14": {
    "cen_loss": 1.7965572372436522,
    "is_orig": false,
    "cen_accuracy": 0.4173
  },
  "15": {
    "cen_loss": 1.9408581354141234,
    "is_orig": true,
    "cen_accuracy": 0.3944
  },
  "16": {
    "cen_loss": 2.3101134231567384,
    "is_orig": false,
    "cen_accuracy": 0.3677
  },
  "17": {
    "cen_loss": 1.9123223199844361,
    "is_orig": true,
    "cen_accuracy": 0.4129
  },
  "18": {
    "cen_loss": 2.499008688735962,
    "is_orig": false,
    "cen_accuracy": 0.3591
  },
  "19": {
    "cen_loss": 2.3194800397872926,
    "is_orig": true,
    "cen_accuracy": 0.3776
  },
  "20": {
    "cen_loss": 2.3194799909591675,
    "is_orig": true,
    "cen_accuracy": 0.3776
  },
  "21": {
    "cen_loss": 2.0353916091918944,
    "is_orig": true,
    "cen_accuracy": 0.3909
  },
  "22": {
    "cen_loss": 1.8563344249725342,
    "is_orig": true,
    "cen_accuracy": 0.4289
  },
  "23": {
    "cen_loss": 1.7049524371147156,
    "is_orig": true,
    "cen_accuracy": 0.4553
  },
  "24": {
    "cen_loss": 2.0388924645423887,
    "is_orig": true,
    "cen_accuracy": 0.4294
  },
  "25": {
    "cen_loss": 1.975361426639557,
    "is_orig": false,
    "cen_accuracy": 0.4234
  },
  "26": {
    "cen_loss": 2.4127942293167113,
    "is_orig": true,
    "cen_accuracy": 0.3541
  },
  "27": {
    "cen_loss": 2.066066814947128,
    "is_orig": true,
    "cen_accuracy": 0.4135
  },
  "28": {
    "cen_loss": 2.571192189693451,
    "is_orig": true,
    "cen_accuracy": 0.365
  },
  "29": {
    "cen_loss": 2.121449609851837,
    "is_orig": false,
    "cen_accuracy": 0.3969
  },
  "30": {
    "cen_loss": 2.121449608325958,
    "is_orig": true,
    "cen_accuracy": 0.3969
  },
  "31": {
    "cen_loss": 2.871787181854248,
    "is_orig": false,
    "cen_accuracy": 0.3575
  },
  "32": {
    "cen_loss": 2.4340892773628235,
    "is_orig": true,
    "cen_accuracy": 0.3489
  },
  "33": {
    "cen_loss": 1.9519128476142884,
    "is_orig": true,
    "cen_accuracy": 0.418
  },
  "34": {
    "cen_loss": 1.949800202178955,
    "is_orig": true,
    "cen_accuracy": 0.439
  },
  "35": {
    "cen_loss": 1.8917673936843873,
    "is_orig": true,
    "cen_accuracy": 0.4115
  },
  "36": {
    "cen_loss": 2.071317769241333,
    "is_orig": false,
    "cen_accuracy": 0.4101
  },
  "37": {
    "cen_loss": 1.9149526443481446,
    "is_orig": true,
    "cen_accuracy": 0.4036
  },
  "38": {
    "cen_loss": 1.7950923658370972,
    "is_orig": true,
    "cen_accuracy": 0.4544
  },
  "39": {
    "cen_loss": 2.1101851234436033,
    "is_orig": true,
    "cen_accuracy": 0.3901
  },
  "40": {
    "cen_loss": 2.1101851422309874,
    "is_orig": true,
    "cen_accuracy": 0.3901
  },
  "41": {
    "cen_loss": 1.9149620739936828,
    "is_orig": true,
    "cen_accuracy": 0.4409
  },
  "42": {
    "cen_loss": 2.9637870279312133,
    "is_orig": false,
    "cen_accuracy": 0.2802
  },
  "43": {
    "cen_loss": 2.4232013818740845,
    "is_orig": false,
    "cen_accuracy": 0.3598
  },
  "44": {
    "cen_loss": 2.1722503774642945,
    "is_orig": true,
    "cen_accuracy": 0.361
  },
  "45": {
    "cen_loss": 1.9718982007026673,
    "is_orig": false,
    "cen_accuracy": 0.4165
  },
  "46": {
    "cen_loss": 3.5704640371322633,
    "is_orig": false,
    "cen_accuracy": 0.3033
  },
  "47": {
    "cen_loss": 2.0616607920646666,
    "is_orig": true,
    "cen_accuracy": 0.4124
  },
  "48": {
    "cen_loss": 2.145546571445465,
    "is_orig": false,
    "cen_accuracy": 0.4019
  },
  "49": {
    "cen_loss": 2.753522502326965,
    "is_orig": true,
    "cen_accuracy": 0.3453
  },
  "50": {
    "cen_loss": 2.7535225034713746,
    "is_orig": true,
    "cen_accuracy": 0.3453
  },
  "51": {
    "cen_loss": 2.159888504695892,
    "is_orig": false,
    "cen_accuracy": 0.4084
  },
  "52": {
    "cen_loss": 2.102211388015747,
    "is_orig": true,
    "cen_accuracy": 0.4224
  },
  "53": {
    "cen_loss": 1.845416911125183,
    "is_orig": true,
    "cen_accuracy": 0.4489
  },
  "54": {
    "cen_loss": 1.7435490640640259,
    "is_orig": true,
    "cen_accuracy": 0.467
  },
  "55": {
    "cen_loss": 1.8862415987014771,
    "is_orig": true,
    "cen_accuracy": 0.466
  },
  "56": {
    "cen_loss": 1.7613914414405822,
    "is_orig": false,
    "cen_accuracy": 0.4624
  },
  "57": {
    "cen_loss": 2.3845324078559877,
    "is_orig": false,
    "cen_accuracy": 0.3803
  },
  "58": {
    "cen_loss": 1.9319371056556702,
    "is_orig": true,
    "cen_accuracy": 0.439
  },
  "59": {
    "cen_loss": 2.9161391069412232,
    "is_orig": true,
    "cen_accuracy": 0.3224
  },
  "60": {
    "cen_loss": 2.9161390453338623,
    "is_orig": true,
    "cen_accuracy": 0.3224
  },
  "61": {
    "cen_loss": 2.0012606199264527,
    "is_orig": false,
    "cen_accuracy": 0.4203
  },
  "62": {
    "cen_loss": 2.648074726486206,
    "is_orig": true,
    "cen_accuracy": 0.3451
  },
  "63": {
    "cen_loss": 1.9885726313591003,
    "is_orig": true,
    "cen_accuracy": 0.4297
  },
  "64": {
    "cen_loss": 1.9532407828330993,
    "is_orig": false,
    "cen_accuracy": 0.4382
  },
  "65": {
    "cen_loss": 2.298487456512451,
    "is_orig": true,
    "cen_accuracy": 0.4181
  },
  "66": {
    "cen_loss": 1.8335466591358185,
    "is_orig": true,
    "cen_accuracy": 0.4727
  },
  "67": {
    "cen_loss": 2.13073904132843,
    "is_orig": false,
    "cen_accuracy": 0.4185
  },
  "68": {
    "cen_loss": 3.1509602558135987,
    "is_orig": false,
    "cen_accuracy": 0.278
  },
  "69": {
    "cen_loss": 1.941235282897949,
    "is_orig": false,
    "cen_accuracy": 0.4263
  },
  "70": {
    "cen_loss": 1.9412352801322936,
    "is_orig": true,
    "cen_accuracy": 0.4263
  },
  "71": {
    "cen_loss": 1.876925158596039,
    "is_orig": true,
    "cen_accuracy": 0.4461
  },
  "72": {
    "cen_loss": 1.9390034496307373,
    "is_orig": false,
    "cen_accuracy": 0.4446
  },
  "73": {
    "cen_loss": 2.1625787395477296,
    "is_orig": false,
    "cen_accuracy": 0.4101
  },
  "74": {
    "cen_loss": 1.7957903690338135,
    "is_orig": false,
    "cen_accuracy": 0.4835
  },
  "75": {
    "cen_loss": 3.18548219871521,
    "is_orig": true,
    "cen_accuracy": 0.3419
  },
  "76": {
    "cen_loss": 2.1893119421005247,
    "is_orig": true,
    "cen_accuracy": 0.4126
  },
  "77": {
    "cen_loss": 3.2204118438720704,
    "is_orig": true,
    "cen_accuracy": 0.363
  },
  "78": {
    "cen_loss": 1.7097431678771973,
    "is_orig": true,
    "cen_accuracy": 0.4781
  },
  "79": {
    "cen_loss": 3.0385796182632445,
    "is_orig": false,
    "cen_accuracy": 0.3128
  },
  "80": {
    "cen_loss": 3.038579585647583,
    "is_orig": true,
    "cen_accuracy": 0.3128
  },
  "81": {
    "cen_loss": 1.9782396298408509,
    "is_orig": true,