{
  "0": {
    "cen_loss": 2.303444200515747,
    "cen_accuracy": 0.1
  },
  "1": {
    "cen_loss": 2.303444200515747,
    "cen_accuracy": 0.1
  },
  "2": {
    "cen_loss": 2.369225759267807,
    "cen_accuracy": 0.1535
  },
  "3": {
    "cen_loss": 2.27510444188118,
    "cen_accuracy": 0.19275
  },
  "4": {
    "cen_loss": 1.9924785473346711,
    "cen_accuracy": 0.328125
  },
  "5": {
    "cen_loss": 2.2314013774394987,
    "cen_accuracy": 0.306375
  },
  "6": {
    "cen_loss": 2.6093221733570098,
    "cen_accuracy": 0.29025
  },
  "7": {
    "cen_loss": 2.565131976366043,
    "cen_accuracy": 0.28325
  },
  "8": {
    "cen_loss": 2.2417175629138946,
    "cen_accuracy": 0.334625
  },
  "9": {
    "cen_loss": 2.293201882123947,
    "cen_accuracy": 0.355125
  },
  "10": {
    "cen_loss": 2.290119963645935,
    "cen_accuracy": 0.35525
  },
  "11": {
    "cen_loss": 1.8721095979213715,
    "cen_accuracy": 0.37925
  },
  "12": {
    "cen_loss": 1.9666566021442413,
    "cen_accuracy": 0.39
  },
  "13": {
    "cen_loss": 2.7161180918216705,
    "cen_accuracy": 0.318625
  },
  "14": {
    "cen_loss": 1.9484460810422897,
    "cen_accuracy": 0.352
  },
  "15": {
    "cen_loss": 2.785221288204193,
    "cen_accuracy": 0.29925
  },
  "16": {
    "cen_loss": 1.8560043977499008,
    "cen_accuracy": 0.38675
  },
  "17": {
    "cen_loss": 2.000582360744476,
    "cen_accuracy": 0.3985
  },
  "18": {
    "cen_loss": 1.8499034059047699,
    "cen_accuracy": 0.429875
  },
  "19": {
    "cen_loss": 2.4071961581707,
    "cen_accuracy": 0.36475
  },
  "20": {
    "cen_loss": 2.4071961555480956,
    "cen_accuracy": 0.36475
  },
  "21": {
    "cen_loss": 2.489959881067276,
    "cen_accuracy": 0.350125
  },
  "22": {
    "cen_loss": 4.209822364091873,
    "cen_accuracy": 0.272875
  },
  "23": {
    "cen_loss": 2.296744204044342,
    "cen_accuracy": 0.34275
  },
  "24": {
    "cen_loss": 3.599048126220703,
    "cen_accuracy": 0.30125
  },
  "25": {
    "cen_loss": 1.8916836074590684,
    "cen_accuracy": 0.391875
  },
  "26": {
    "cen_loss": 2.5311794575452806,
    "cen_accuracy": 0.33825
  },
  "27": {
    "cen_loss": 1.834896830201149,
    "cen_accuracy": 0.42
  },
  "28": {
    "cen_loss": 1.9500066190958023,
    "cen_accuracy": 0.400875
  },
  "29": {
    "cen_loss": 2.8832259917259218,
    "cen_accuracy": 0.324875
  },
  "30": {
    "cen_loss": 2.8832260448932647,
    "cen_accuracy": 0.324875
  },
  "31": {
    "cen_loss": 1.6619609104394912,
    "cen_accuracy": 0.46525
  },
  "32": {
    "cen_loss": 2.135291024684906,
    "cen_accuracy": 0.395
  },
  "33": {
    "cen_loss": 2.1099798216819763,
    "cen_accuracy": 0.39625
  },
  "34": {
    "cen_loss": 2.3244453592300416,
    "cen_accuracy": 0.400375
  },
  "35": {
    "cen_loss": 2.0408117524385454,
    "cen_accuracy": 0.42125
  },
  "36": {
    "cen_loss": 1.8994433727264404,
    "cen_accuracy": 0.437125
  },
  "37": {
    "cen_loss": 1.948525354027748,
    "cen_accuracy": 0.427625
  },
  "38": {
    "cen_loss": 1.7269585466384887,
    "cen_accuracy": 0.46025
  },
  "39": {
    "cen_loss": 2.946418493747711,
    "cen_accuracy": 0.341375
  },
  "40": {
    "cen_loss": 2.9464184939861298,
    "cen_accuracy": 0.341375
  },
  "41": {
    "cen_loss": 1.7246416065692902,
    "cen_accuracy": 0.4515
  },
  "42": {
    "cen_loss": 1.7819402251243592,
    "cen_accuracy": 0.4595
  },
  "43": {
    "cen_loss": 1.9568643523454665,
    "cen_accuracy": 0.412875
  },
  "44": {
    "cen_loss": 2.0736652671098708,
    "cen_accuracy": 0.392375
  },
  "45": {
    "cen_loss": 1.773448649287224,
    "cen_accuracy": 0.474625
  },
  "46": {
    "cen_loss": 2.171643672823906,
    "cen_accuracy": 0.39925
  },
  "47": {
    "cen_loss": 2.9629258086681367,
    "cen_accuracy": 0.329375
  },
  "48": {
    "cen_loss": 2.394197623491287,
    "cen_accuracy": 0.396375
  },
  "49": {
    "cen_loss": 2.1541017212867737,
    "cen_accuracy": 0.410125
  },
  "50": {
    "cen_loss": 2.1541017084121705,
    "cen_accuracy": 0.410125
  },
  "51": {
    "cen_loss": 2.7719193387031553,
    "cen_accuracy": 0.39575
  },
  "52": {
    "cen_loss": 2.949902042746544,
    "cen_accuracy": 0.32375
  },
  "53": {
    "cen_loss": 2.0920098968744276,
    "cen_accuracy": 0.402625
  },
  "54": {
    "cen_loss": 3.9771984615325926,
    "cen_accuracy": 0.2865
  },
  "55": {
    "cen_loss": 2.5602735149860383,
    "cen_accuracy": 0.322125
  },
  "56": {
    "cen_loss": 2.003351981163025,
    "cen_accuracy": 0.401375
  },
  "57": {
    "cen_loss": 3.0414897015094757,
    "cen_accuracy": 0.336875
  },
  "58": {
    "cen_loss": 2.004938355207443,
    "cen_accuracy": 0.39625
  },
  "59": {
    "cen_loss": 2.4627436060905454,
    "cen_accuracy": 0.398125
  },
  "60": {
    "cen_loss": 2.4627436501979827,
    "cen_accuracy": 0.398125
  },
  "61": {
    "cen_loss": 1.92591919362545,
    "cen_accuracy": 0.402625
  },
  "62": {
    "cen_loss": 1.8868217837810517,
    "cen_accuracy": 0.42425
  },
  "63": {
    "cen_loss": 1.8678138377666473,
    "cen_accuracy": 0.43425
  },
  "64": {
    "cen_loss": 1.8630915273427964,
    "cen_accuracy": 0.421625
  },
  "65": {
    "cen_loss": 1.9747407439947129,
    "cen_accuracy": 0.454375
  },
  "66": {
    "cen_loss": 2.2920535473823547,
    "cen_accuracy": 0.384625
  },
  "67": {
    "cen_loss": 1.8596654503345489,
    "cen_accuracy": 0.44425
  },
  "68": {
    "cen_loss": 2.766380513906479,
    "cen_accuracy": 0.376625
  },
  "69": {
    "cen_loss": 2.0884890797138214,
    "cen_accuracy": 0.394125
  },
  "70": {
    "cen_loss": 2.088489076256752,
    "cen_accuracy": 0.394125
  },
  "71": {
    "cen_loss": 2.5079252150058746,
    "cen_accuracy": 0.365625
  },
  "72": {
    "cen_loss": 1.9553020428419112,
    "cen_accuracy": 0.442875
  },
  "73": {
    "cen_loss": 2.1410790174007417,
    "cen_accuracy": 0.43075
  },
  "74": {
    "cen_loss": 2.0366968914270402,
    "cen_accuracy": 0.43575
  },
  "75": {
    "cen_loss": 2.056394509911537,
    "cen_accuracy": 0.412125
  },
  "76": {
    "cen_loss": 2.88836728310585,
    "cen_accuracy": 0.344875
  },
  "77": {
    "cen_loss": 2.2022007772922514,
    "cen_accuracy": 0.422625
  },
  "78": {
    "cen_loss": 3.1289854774475097,
    "cen_accuracy": 0.31125
  },
  "79": {
    "cen_loss": 2.347640673995018,
    "cen_accuracy": 0.383125
  },
  "80": {
    "cen_loss": 2.3476406828165053,
    "cen_accuracy": 0.383125
  },
  "81": {
    "cen_loss": 2.850906492114067,
    "cen_accuracy": 0.365625
  },
  "82": {
    "cen_loss": 2.5920833150148392,
    "cen_accuracy": 0.387375
  },
  "83": {
    "cen_loss": 1.8147202006578445,
    "cen_accuracy": 0.4205
  },
  "84": {
    "cen_loss": 1.9857975500822067,
    "cen_accuracy": 0.423625
  },
  "85": {
    "cen_loss": 3.096421449422836,
    "cen_accuracy": 0.321
  },
  "86": {
    "cen_loss": 2.2489319694042207,
    "cen_accuracy": 0.40125
  },
  "87": {
    "cen_loss": 2.118006546616554,
    "cen_accuracy": 0.413375
  },
  "88": {
    "cen_loss": 2.4983742814064027,
    "cen_accuracy": 0.3885
  },
  "89": {
    "cen_loss": 2.377354991197586,
    "cen_accuracy": 0.374
  },
  "90": {
    "cen_loss": 2.377354948282242,
    "cen_accuracy": 0.374
  },
  "91": {
    "cen_loss": 1.7372893368005753,
    "cen_accuracy": 0.468875
  },
  "92": {
    "cen_loss": 2.1953986630439757,
    "cen_accuracy": 0.402875
  },
  "93": {
    "cen_loss": 1.9001591365337371,
    "cen_accuracy": 0.445375
  },
  "94": {
    "cen_loss": 1.877547528743744,
    "cen_accuracy": 0.4525
  },
  "95": {
    "cen_loss": 3.414434886455536,
    "cen_accuracy": 0.34375
  },
  "96": {
    "cen_loss": 2.34462061214447,
    "cen_accuracy": 0.369875
  },
  "97": {
    "cen_loss": 2.2366092170476914,
    "cen_accuracy": 0.3935
  },
  "98": {
    "cen_loss": 2.3039774457216264,
    "cen_accuracy": 0.403625
  },
  "99": {
    "cen_loss": 1.8760107611417771,
    "cen_accuracy": 0.450375
  },
  "100": {
    "cen_loss": 1.8760107342004777,
    "cen_accuracy": 0.450375
  },
  "101": {
    "cen_loss": 2.6301370635032653,