{
  "0": {
    "cen_loss": 2.3034822883605957,
    "cen_accuracy": 0.1055
  },
  "1": {
    "cen_loss": 2.3034822883605957,
    "cen_accuracy": 0.1055
  },
  "2": {
    "cen_loss": 2.034420643615723,
    "cen_accuracy": 0.2794
  },
  "3": {
    "cen_loss": 1.6448321307182312,
    "cen_accuracy": 0.3979
  },
  "4": {
    "cen_loss": 1.6384484087944031,
    "cen_accuracy": 0.4177
  },
  "5": {
    "cen_loss": 1.6531601208686828,
    "cen_accuracy": 0.4343
  },
  "6": {
    "cen_loss": 1.5709585730552673,
    "cen_accuracy": 0.4592
  },
  "7": {
    "cen_loss": 1.6259128425598144,
    "cen_accuracy": 0.4508
  },
  "8": {
    "cen_loss": 1.646699090194702,
    "cen_accuracy": 0.4626
  },
  "9": {
    "cen_loss": 1.6563783102035523,
    "cen_accuracy": 0.4753
  },
  "10": {
    "cen_loss": 1.6560692541122437,
    "cen_accuracy": 0.4754
  },
  "11": {
    "cen_loss": 1.75281758184433,
    "cen_accuracy": 0.4463
  },
  "12": {
    "cen_loss": 1.6278611639022826,
    "cen_accuracy": 0.4898
  },
  "13": {
    "cen_loss": 1.6595457360267638,
    "cen_accuracy": 0.5038
  },
  "14": {
    "cen_loss": 1.6053630594730377,
    "cen_accuracy": 0.5067
  },
  "15": {
    "cen_loss": 1.6875666748046876,
    "cen_accuracy": 0.4887
  },
  "16": {
    "cen_loss": 1.6362858599662782,
    "cen_accuracy": 0.4998
  },
  "17": {
    "cen_loss": 1.6484363139152527,
    "cen_accuracy": 0.5099
  },
  "18": {
    "cen_loss": 1.677197546672821,
    "cen_accuracy": 0.4953
  },
  "19": {
    "cen_loss": 1.6506335989952088,
    "cen_accuracy": 0.5094
  },
  "20": {
    "cen_loss": 1.6506335020065308,
    "cen_accuracy": 0.5094
  },
  "21": {
    "cen_loss": 1.6182097930431365,
    "cen_accuracy": 0.513
  },
  "22": {
    "cen_loss": 1.652871055984497,
    "cen_accuracy": 0.5191
  },
  "23": {
    "cen_loss": 1.7464310270786285,
    "cen_accuracy": 0.5079
  },
  "24": {
    "cen_loss": 1.5824240612506866,
    "cen_accuracy": 0.5283
  },
  "25": {
    "cen_loss": 1.6391303522109986,
    "cen_accuracy": 0.5291
  },
  "26": {
    "cen_loss": 1.695489945411682,
    "cen_accuracy": 0.5218
  },
  "27": {
    "cen_loss": 1.6661110179424286,
    "cen_accuracy": 0.519
  },
  "28": {
    "cen_loss": 1.65166845035553,
    "cen_accuracy": 0.53
  },
  "29": {
    "cen_loss": 1.6748278807640076,
    "cen_accuracy": 0.5265
  },
  "30": {
    "cen_loss": 1.6748279161453248,
    "cen_accuracy": 0.5265
  },
  "31": {
    "cen_loss": 1.7352894521713256,
    "cen_accuracy": 0.5229
  },
  "32": {
    "cen_loss": 1.7616529188632966,
    "cen_accuracy": 0.5281
  },
  "33": {
    "cen_loss": 1.6134689393997192,
    "cen_accuracy": 0.5399
  },
  "34": {
    "cen_loss": 1.8002458146095275,
    "cen_accuracy": 0.5303
  },
  "35": {
    "cen_loss": 1.7168566735744477,
    "cen_accuracy": 0.5261
  },
  "36": {
    "cen_loss": 1.6927341071605682,
    "cen_accuracy": 0.536
  },
  "37": {
    "cen_loss": 1.635451376914978,
    "cen_accuracy": 0.5418
  },
  "38": {
    "cen_loss": 1.6959069505214692,
    "cen_accuracy": 0.5355
  },
  "39": {
    "cen_loss": 1.7414148032188415,
    "cen_accuracy": 0.5323
  },
  "40": {
    "cen_loss": 1.7414147702693938,
    "cen_accuracy": 0.5323
  },
  "41": {
    "cen_loss": 1.661883332157135,
    "cen_accuracy": 0.5406
  },
  "42": {
    "cen_loss": 1.7033171122550965,
    "cen_accuracy": 0.5411
  },
  "43": {
    "cen_loss": 1.7581392328739167,
    "cen_accuracy": 0.531
  },
  "44": {
    "cen_loss": 1.691074709558487,
    "cen_accuracy": 0.5431
  },
  "45": {
    "cen_loss": 1.6584415054798127,
    "cen_accuracy": 0.5419
  },
  "46": {
    "cen_loss": 1.7870005633354187,
    "cen_accuracy": 0.5348
  },
  "47": {
    "cen_loss": 1.6528844160079956,
    "cen_accuracy": 0.547
  },
  "48": {
    "cen_loss": 1.64926981921196,
    "cen_accuracy": 0.5517
  },
  "49": {
    "cen_loss": 1.678050707578659,
    "cen_accuracy": 0.5437
  },
  "50": {
    "cen_loss": 1.6780507336139678,
    "cen_accuracy": 0.5437
  },
  "51": {
    "cen_loss": 1.6863818188667297,
    "cen_accuracy": 0.5352
  },
  "52": {
    "cen_loss": 1.7038034449100494,
    "cen_accuracy": 0.548
  },
  "53": {
    "cen_loss": 1.6828941140651703,
    "cen_accuracy": 0.5479
  },
  "54": {
    "cen_loss": 1.7017091492652894,
    "cen_accuracy": 0.5498
  },
  "55": {
    "cen_loss": 1.670786440229416,
    "cen_accuracy": 0.5404
  },
  "56": {
    "cen_loss": 1.7171731616973878,
    "cen_accuracy": 0.544
  },
  "57": {
    "cen_loss": 1.6527938544750214,
    "cen_accuracy": 0.5559
  },
  "58": {
    "cen_loss": 1.6987499306678773,
    "cen_accuracy": 0.5492
  },
  "59": {
    "cen_loss": 1.7109139343738555,
    "cen_accuracy": 0.5465
  },
  "60": {
    "cen_loss": 1.7109139147281647,
    "cen_accuracy": 0.5465
  },
  "61": {
    "cen_loss": 1.8061166147232055,
    "cen_accuracy": 0.5439
  },
  "62": {
    "cen_loss": 1.7455600341796875,
    "cen_accuracy": 0.5424
  },
  "63": {
    "cen_loss": 1.8266657794952392,
    "cen_accuracy": 0.5356
  },
  "64": {
    "cen_loss": 1.6947358481645585,
    "cen_accuracy": 0.548
  },
  "65": {
    "cen_loss": 1.6820649604320526,
    "cen_accuracy": 0.5517
  },
  "66": {
    "cen_loss": 1.7143309835910796,
    "cen_accuracy": 0.5468
  },
  "67": {
    "cen_loss": 1.7397652167797089,
    "cen_accuracy": 0.543
  },
  "68": {
    "cen_loss": 1.7617326725959779,
    "cen_accuracy": 0.548
  },
  "69": {
    "cen_loss": 1.7123926444530486,
    "cen_accuracy": 0.548
  },
  "70": {
    "cen_loss": 1.7123926585435867,
    "cen_accuracy": 0.548
  },
  "71": {
    "cen_loss": 1.7087528367042542,
    "cen_accuracy": 0.5456
  },
  "72": {
    "cen_loss": 1.6845160301208497,
    "cen_accuracy": 0.5491
  },
  "73": {
    "cen_loss": 1.78661582198143,
    "cen_accuracy": 0.5341
  },
  "74": {
    "cen_loss": 1.829262651872635,
    "cen_accuracy": 0.5325
  },
  "75": {
    "cen_loss": 1.7414778652191163,
    "cen_accuracy": 0.5468
  },
  "76": {
    "cen_loss": 1.7513149171829223,
    "cen_accuracy": 0.5428
  },
  "77": {
    "cen_loss": 1.6720461121559143,
    "cen_accuracy": 0.541
  },
  "78": {
    "cen_loss": 1.7532539168834687,
    "cen_accuracy": 0.549
  },
  "79": {
    "cen_loss": 1.783803245639801,
    "cen_accuracy": 0.5372
  },
  "80": {
    "cen_loss": 1.7838032415866851,
    "cen_accuracy": 0.5372
  },
  "81": {
    "cen_loss": 1.6705429775238037,
    "cen_accuracy": 0.5482
  },
  "82": {
    "cen_loss": 1.716479714012146,
    "cen_accuracy": 0.5479
  },
  "83": {
    "cen_loss": 1.7007520038604735,
    "cen_accuracy": 0.5503
  },
  "84": {
    "cen_loss": 1.725445458841324,
    "cen_accuracy": 0.5456
  },
  "85": {
    "cen_loss": 1.7197202645778655,
    "cen_accuracy": 0.5597
  },
  "86": {
    "cen_loss": 1.718279300403595,
    "cen_accuracy": 0.5521
  },
  "87": {
    "cen_loss": 1.7796803273677826,
    "cen_accuracy": 0.5469
  },
  "88": {
    "cen_loss": 1.724867655658722,
    "cen_accuracy": 0.5575
  },
  "89": {
    "cen_loss": 1.785922459745407,
    "cen_accuracy": 0.5457
  },
  "90": {
    "cen_loss": 1.7859225335121154,
    "cen_accuracy": 0.5457
  },
  "91": {
    "cen_loss": 1.7045289930820464,
    "cen_accuracy": 0.5559
  },
  "92": {
    "cen_loss": 1.8041710322856903,
    "cen_accuracy": 0.5466
  },
  "93": {
    "cen_loss": 1.6893342376708984,
    "cen_accuracy": 0.547
  },
  "94": {
    "cen_loss": 1.7847976936340333,
    "cen_accuracy": 0.543
  },
  "95": {
    "cen_loss": 1.6858443781375885,
    "cen_accuracy": 0.5421
  },
  "96": {
    "cen_loss": 1.6978834826469422,
    "cen_accuracy": 0.549
  },
  "97": {
    "cen_loss": 1.7478871180534363,
    "cen_accuracy": 0.5457
  },
  "98": {
    "cen_loss": 1.8733835719585419,
    "cen_accuracy": 0.5437
  },
  "99": {
    "cen_loss": 1.7736872556209564,
    "cen_accuracy": 0.5502
  },
  "100": {
    "cen_loss": 1.7736873229980468,
    "cen_accuracy": 0.5502
  },
  "101": {
    "cen_loss": 1.7300659666538238,
    "cen_accuracy": 0.5487
  }
}