{
  "0": {
    "cen_loss": 2.303392876815796,
    "cen_accuracy": 0.1
  },
  "1": {
    "cen_loss": 2.303392876815796,
    "cen_accuracy": 0.1
  },
  "2": {
    "cen_loss": 2.2598060190200804,
    "cen_accuracy": 0.1627
  },
  "3": {
    "cen_loss": 1.9938612096786499,
    "cen_accuracy": 0.2356
  },
  "4": {
    "cen_loss": 1.8042557657241822,
    "cen_accuracy": 0.3249
  },
  "5": {
    "cen_loss": 1.7445653075218202,
    "cen_accuracy": 0.3909
  },
  "6": {
    "cen_loss": 1.6640584592819214,
    "cen_accuracy": 0.4247
  },
  "7": {
    "cen_loss": 1.7012801728248597,
    "cen_accuracy": 0.4225
  },
  "8": {
    "cen_loss": 1.6808783515930177,
    "cen_accuracy": 0.4398
  },
  "9": {
    "cen_loss": 1.7211216395378113,
    "cen_accuracy": 0.4414
  },
  "10": {
    "cen_loss": 1.7205426498413086,
    "cen_accuracy": 0.4414
  },
  "11": {
    "cen_loss": 1.76936188955307,
    "cen_accuracy": 0.4399
  },
  "12": {
    "cen_loss": 1.9045507801055908,
    "cen_accuracy": 0.4088
  },
  "13": {
    "cen_loss": 1.6559228028297424,
    "cen_accuracy": 0.4586
  },
  "14": {
    "cen_loss": 1.7780304537773133,
    "cen_accuracy": 0.4299
  },
  "15": {
    "cen_loss": 1.6753628019332887,
    "cen_accuracy": 0.4626
  },
  "16": {
    "cen_loss": 1.6444038787841797,
    "cen_accuracy": 0.4893
  },
  "17": {
    "cen_loss": 1.7271062730789184,
    "cen_accuracy": 0.4767
  },
  "18": {
    "cen_loss": 1.8327512634277343,
    "cen_accuracy": 0.4668
  },
  "19": {
    "cen_loss": 1.6522953973770143,
    "cen_accuracy": 0.4823
  },
  "20": {
    "cen_loss": 1.6522953892707826,
    "cen_accuracy": 0.4823
  },
  "21": {
    "cen_loss": 1.6583657835006713,
    "cen_accuracy": 0.4914
  },
  "22": {
    "cen_loss": 1.5846433292388915,
    "cen_accuracy": 0.5004
  },
  "23": {
    "cen_loss": 1.740768337726593,
    "cen_accuracy": 0.4698
  },
  "24": {
    "cen_loss": 1.700681542778015,
    "cen_accuracy": 0.4898
  },
  "25": {
    "cen_loss": 1.695501518726349,
    "cen_accuracy": 0.4987
  },
  "26": {
    "cen_loss": 1.8400888433456422,
    "cen_accuracy": 0.4918
  },
  "27": {
    "cen_loss": 1.6267944915294648,
    "cen_accuracy": 0.4987
  },
  "28": {
    "cen_loss": 1.6619794276714326,
    "cen_accuracy": 0.5081
  },
  "29": {
    "cen_loss": 1.6362676981925965,
    "cen_accuracy": 0.5092
  },
  "30": {
    "cen_loss": 1.6362677317619323,
    "cen_accuracy": 0.5092
  },
  "31": {
    "cen_loss": 1.8340174370765685,
    "cen_accuracy": 0.4767
  },
  "32": {
    "cen_loss": 1.782226369190216,
    "cen_accuracy": 0.4757
  },
  "33": {
    "cen_loss": 1.7793673192977906,
    "cen_accuracy": 0.4788
  },
  "34": {
    "cen_loss": 1.7215814438819885,
    "cen_accuracy": 0.4922
  },
  "35": {
    "cen_loss": 1.7394231297492981,
    "cen_accuracy": 0.5105
  },
  "36": {
    "cen_loss": 1.7242396010398864,
    "cen_accuracy": 0.4908
  },
  "37": {
    "cen_loss": 1.6096250535011292,
    "cen_accuracy": 0.5143
  },
  "38": {
    "cen_loss": 1.6728671012878418,
    "cen_accuracy": 0.5046
  },
  "39": {
    "cen_loss": 1.640747126865387,
    "cen_accuracy": 0.5091
  },
  "40": {
    "cen_loss": 1.6407472232818603,
    "cen_accuracy": 0.5091
  },
  "41": {
    "cen_loss": 1.8255629981040955,
    "cen_accuracy": 0.4965
  },
  "42": {
    "cen_loss": 1.8270178164482116,
    "cen_accuracy": 0.5008
  },
  "43": {
    "cen_loss": 1.8963272253036498,
    "cen_accuracy": 0.4926
  },
  "44": {
    "cen_loss": 1.9866842576026917,
    "cen_accuracy": 0.4714
  },
  "45": {
    "cen_loss": 1.636928987979889,
    "cen_accuracy": 0.5185
  },
  "46": {
    "cen_loss": 1.7585651721000672,
    "cen_accuracy": 0.5107
  },
  "47": {
    "cen_loss": 1.680046678161621,
    "cen_accuracy": 0.5075
  },
  "48": {
    "cen_loss": 1.9612834693908692,
    "cen_accuracy": 0.4707
  },
  "49": {
    "cen_loss": 1.8552187372207642,
    "cen_accuracy": 0.5061
  },
  "50": {
    "cen_loss": 1.8552186535835267,
    "cen_accuracy": 0.5061
  },
  "51": {
    "cen_loss": 1.8686388965606688,
    "cen_accuracy": 0.4909
  },
  "52": {
    "cen_loss": 1.8588101098060608,
    "cen_accuracy": 0.483
  },
  "53": {
    "cen_loss": 1.742223231601715,
    "cen_accuracy": 0.5031
  },
  "54": {
    "cen_loss": 1.870888360118866,
    "cen_accuracy": 0.4838
  },
  "55": {
    "cen_loss": 1.63966844329834,
    "cen_accuracy": 0.515
  },
  "56": {
    "cen_loss": 1.5996755905151367,
    "cen_accuracy": 0.5296
  },
  "57": {
    "cen_loss": 1.780150454711914,
    "cen_accuracy": 0.5037
  },
  "58": {
    "cen_loss": 1.7109008165359496,
    "cen_accuracy": 0.5062
  },
  "59": {
    "cen_loss": 1.7538087580680848,
    "cen_accuracy": 0.5181
  },
  "60": {
    "cen_loss": 1.7538086733818055,
    "cen_accuracy": 0.5181
  },
  "61": {
    "cen_loss": 1.661933477783203,
    "cen_accuracy": 0.5242
  },
  "62": {
    "cen_loss": 1.7398228568077088,
    "cen_accuracy": 0.5203
  },
  "63": {
    "cen_loss": 1.8241745164871215,
    "cen_accuracy": 0.5173
  },
  "64": {
    "cen_loss": 1.8866606234550476,
    "cen_accuracy": 0.5023
  },
  "65": {
    "cen_loss": 1.9497315237045287,
    "cen_accuracy": 0.4782
  },
  "66": {
    "cen_loss": 1.8291098588943482,
    "cen_accuracy": 0.5083
  },
  "67": {
    "cen_loss": 1.7878498253822326,
    "cen_accuracy": 0.4979
  },
  "68": {
    "cen_loss": 1.8300130356788635,
    "cen_accuracy": 0.4862
  },
  "69": {
    "cen_loss": 1.8893165035247803,
    "cen_accuracy": 0.5043
  },
  "70": {
    "cen_loss": 1.889316398048401,
    "cen_accuracy": 0.5043
  },
  "71": {
    "cen_loss": 1.7443718737602234,
    "cen_accuracy": 0.5091
  },
  "72": {
    "cen_loss": 1.7529023899078369,
    "cen_accuracy": 0.4994
  },
  "73": {
    "cen_loss": 1.8295525431632995,
    "cen_accuracy": 0.5187
  },
  "74": {
    "cen_loss": 1.7741783896446228,
    "cen_accuracy": 0.5053
  },
  "75": {
    "cen_loss": 1.9666314423561095,
    "cen_accuracy": 0.4892
  },
  "76": {
    "cen_loss": 1.6652182130336761,
    "cen_accuracy": 0.5204
  },
  "77": {
    "cen_loss": 1.8507235345840454,
    "cen_accuracy": 0.5118
  },
  "78": {
    "cen_loss": 1.6475130478858948,
    "cen_accuracy": 0.5267
  },
  "79": {
    "cen_loss": 1.8460863921642303,
    "cen_accuracy": 0.5083
  },
  "80": {
    "cen_loss": 1.8460863861083985,
    "cen_accuracy": 0.5083
  },
  "81": {
    "cen_loss": 2.0708959632873536,
    "cen_accuracy": 0.4805
  },
  "82": {
    "cen_loss": 1.856641112613678,
    "cen_accuracy": 0.4912
  },
  "83": {
    "cen_loss": 1.909801128101349,
    "cen_accuracy": 0.4974
  },
  "84": {
    "cen_loss": 1.7080257596969604,
    "cen_accuracy": 0.5353
  },
  "85": {
    "cen_loss": 1.9053878813743592,
    "cen_accuracy": 0.4823
  },
  "86": {
    "cen_loss": 1.774813517665863,
    "cen_accuracy": 0.5176
  },
  "87": {
    "cen_loss": 1.7715889575958252,
    "cen_accuracy": 0.5215
  },
  "88": {
    "cen_loss": 1.9892153299331665,
    "cen_accuracy": 0.5089
  },
  "89": {
    "cen_loss": 1.8261544958114624,
    "cen_accuracy": 0.4972
  },
  "90": {
    "cen_loss": 1.8261545328140258,
    "cen_accuracy": 0.4972
  },
  "91": {
    "cen_loss": 1.9624905247688293,
    "cen_accuracy": 0.4648
  },
  "92": {
    "cen_loss": 1.8119132432937621,
    "cen_accuracy": 0.5197
  },
  "93": {
    "cen_loss": 1.8176584040641786,
    "cen_accuracy": 0.5102
  },
  "94": {
    "cen_loss": 1.8095340661048889,
    "cen_accuracy": 0.5051
  },
  "95": {
    "cen_loss": 1.6903531928062439,
    "cen_accuracy": 0.5308
  },
  "96": {
    "cen_loss": 1.7840744430541993,
    "cen_accuracy": 0.5094
  },
  "97": {
    "cen_loss": 1.7828043075561524,
    "cen_accuracy": 0.521
  },
  "98": {
    "cen_loss": 1.8533953330993653,
    "cen_accuracy": 0.4986
  },
  "99": {
    "cen_loss": 1.830543758869171,
    "cen_accuracy": 0.4879
  },
  "100": {
    "cen_loss": 1.8305437129020692,
    "cen_accuracy": 0.4879
  },
  "101": {
    "cen_loss": 1.6935820946216584,
    "cen_accuracy": 0.5182
  }
}