{
  "2": {
    "total_mJ": 1416516572.124209,
    "total_ceq": 107.10760334954008,
    "num_expired_thresh": 0,
    "num_depleted": 0,
    "num_transmited_bytes": 21826112
  },
  "3": {
    "total_mJ": 958071639.4827173,
    "total_ceq": 71.93424739910483,
    "num_expired_thresh": 0,
    "num_depleted": 0,
    "num_transmited_bytes": 21826112
  },
  "4": {
    "total_mJ": 1268492469.7511337,
    "total_ceq": 96.07775024607787,
    "num_expired_thresh": 0,
    "num_depleted": 0,
    "num_transmited_bytes": 21826112
  },
  "5": {
    "total_mJ": 1825803605.1515708,
    "total_ceq": 138.20588743923122,
    "num_expired_thresh": 0,
    "num_depleted": 0,
    "num_transmited_bytes": 21826112
  },
  "6": {
    "total_mJ": 1442776099.1758442,
    "total_ceq": 108.59580716043565,
    "num_expired_thresh": 0,
    "num_depleted": 0,
    "num_transmited_bytes": 21826112
  },
  "7": {
    "total_mJ": 947456075.6593932,
    "total_ceq": 72.2478578085959,
    "num_expired_thresh": 0,
    "num_depleted": 0,
    "num_transmited_bytes": 21826112
  },
  "8": {
    "total_mJ": 1838427678.357685,
    "total_ceq": 139.39430213442202,
    "num_expired_thresh": 0,
    "num_depleted": 0,
    "num_transmited_bytes": 21826112
  },
  "9": {
    "total_mJ": 1717039005.9104648,
    "total_ceq": 129.08936984880643,
    "num_expired_thresh": 0,
    "num_depleted": 0,
    "num_transmited_bytes": 21826112
  },
  "10": {
    "total_mJ": 1718012996.7505684,
    "total_ceq": 129.02896443449558,
    "num_expired_thresh": 0,
    "num_depleted": 0,
    "num_transmited_bytes": 21826112
  },
  "11": {
    "total_mJ": 1432197993.0656896,
    "total_ceq": 108.21893205289325,
    "num_expired_thresh": 0,
    "num_depleted": 0,
    "num_transmited_bytes": 21826112
  },
  "12": {
    "total_mJ": 666795232.8981525,
    "total_ceq": 50.97670838414494,
    "num_expired_thresh": 0,
    "num_depleted": 0,
    "num_transmited_bytes": 21826112
  },
  "13": {
    "total_mJ": 1164177299.0387692,
    "total_ceq": 87.20279808901904,
    "num_expired_thresh": 0,
    "num_depleted": 0,
    "num_transmited_bytes": 21826112
  },
  "14": {
    "total_mJ": 1832389458.4413075,
    "total_ceq": 138.71989363619173,
    "num_expired_thresh": 0,
    "num_depleted": 0,
    "num_transmited_bytes": 21826112
  },
  "15": {
    "total_mJ": 1865089789.6385539,
    "total_ceq": 139.5694341727349,
    "num_expired_thresh": 0,
    "num_depleted": 0,
    "num_transmited_bytes": 21826112
  },
  "16": {
    "total_mJ": 1206588502.2509642,
    "total_ceq": 90.96001025779725,
    "num_expired_thresh": 0,
    "num_depleted": 0,
    "num_transmited_bytes": 21826112
  },
  "17": {
    "total_mJ": 790566421.9588566,
    "total_ceq": 59.859684163481596,
    "num_expired_thresh": 0,
    "num_depleted": 0,
    "num_transmited_bytes": 21826112
  },
  "18": {
    "total_mJ": 940355257.7429392,
    "total_ceq": 71.1647824957511,
    "num_expired_thresh": 0,
    "num_depleted": 0,
    "num_transmited_bytes": 21826112
  },
  "19": {
    "total_mJ": 1198928470.4726083,
    "total_ceq": 90.77792799566214,
    "num_expired_thresh": 0,
    "num_depleted": 0,
    "num_transmited_bytes": 21826112
  },
  "20": {
    "total_mJ": 448223308.23172784,
    "total_ceq": 33.94850322605733,
    "num_expired_thresh": 0,
    "num_depleted": 0,
    "num_transmited_bytes": 21826112
  },
  "21": {
    "total_mJ": 1017161475.9736574,
    "total_ceq": 76.25473946648046,
    "num_expired_thresh": 0,
    "num_depleted": 0,
    "num_transmited_bytes": 21826112
  },
  "22": {
    "total_mJ": 1772392826.516317,
    "total_ceq": 134.00738208852303,
    "num_expired_thresh": 0,
    "num_depleted": 0,
    "num_transmited_bytes": 21826112
  },
  "23": {
    "total_mJ": 1810813507.8621318,
    "total_ceq": 135.31093629035655,
    "num_expired_thresh": 0,
    "num_depleted": 0,
    "num_transmited_bytes": 21826112
  },
  "24": {
    "total_mJ": 1147576171.967688,
    "total_ceq": 86.01185765415988,
    "num_expired_thresh": 0,
    "num_depleted": 0,
    "num_transmited_bytes": 21826112
  },
  "25": {
    "total_mJ": 1266976631.0668077,
    "total_ceq": 95.67256137070423,
    "num_expired_thresh": 0,
    "num_depleted": 0,
    "num_transmited_bytes": 21826112
  },
  "26": {
    "total_mJ": 1285941482.9488351,
    "total_ceq": 97.16875216307444,
    "num_expired_thresh": 0,
    "num_depleted": 0,
    "num_transmited_bytes": 21826112
  },
  "27": {
    "total_mJ": 906050429.8472738,
    "total_ceq": 68.15306319515365,
    "num_expired_thresh": 0,
    "num_depleted": 0,
    "num_transmited_bytes": 21826112
  },
  "28": {
    "total_mJ": 933852495.6767275,
    "total_ceq": 70.63378489415106,
    "num_expired_thresh": 0,
    "num_depleted": 0,
    "num_transmited_bytes": 21826112
  },
  "29": {
    "total_mJ": 1787070075.8648329,
    "total_ceq": 135.56706397846645,
    "num_expired_thresh": 0,
    "num_depleted": 0,
    "num_transmited_bytes": 21826112
  },
  "30": {
    "total_mJ": 1103272843.1344697,
    "total_ceq": 82.75930680153809,
    "num_expired_thresh": 0,
    "num_depleted": 0,
    "num_transmited_bytes": 21826112
  },
  "31": {
    "total_mJ": 1827576923.6665125,
    "total_ceq": 136.78298982609365,
    "num_expired_thresh": 0,
    "num_depleted": 0,
    "num_transmited_bytes": 21826112
  },
  "32": {
    "total_mJ": 1303580511.4646602,
    "total_ceq": 99.35086460703474,
    "num_expired_thresh": 0,
    "num_depleted": 0,
    "num_transmited_bytes": 21826112
  },
  "33": {
    "total_mJ": 1126015346.0954878,
    "total_ceq": 85.37762086151498,
    "num_expired_thresh": 0,
    "num_depleted": 0,
    "num_transmited_bytes": 21826112
  },
  "34": {
    "total_mJ": 730688746.0379654,
    "total_ceq": 55.489286496764215,
    "num_expired_thresh": 0,
    "num_depleted": 0,
    "num_transmited_bytes": 21826112
  },
  "35": {
    "total_mJ": 1156710302.156398,
    "total_ceq": 87.34183332873299,
    "num_expired_thresh": 0,
    "num_depleted": 0,
    "num_transmited_bytes": 21826112
  },
  "36": {
    "total_mJ": 982369072.3909868,
    "total_ceq": 74.80863221259159,
    "num_expired_thresh": 0,
    "num_depleted": 0,
    "num_transmited_bytes": 21826112
  },
  "37": {
    "total_mJ": 1831727141.2590463,
    "total_ceq": 137.99682873073803,
    "num_expired_thresh": 0,
    "num_depleted": 0,
    "num_transmited_bytes": 21826112
  },
  "38": {
    "total_mJ": 1857823349.414497,
    "total_ceq": 140.55025047682642,
    "num_expired_thresh": 0,
    "num_depleted": 0,
    "num_transmited_bytes": 21826112
  },
  "39": {
    "total_mJ": 1114542654.6239252,
    "total_ceq": 85.41846487599656,
    "num_expired_thresh": 0,
    "num_depleted": 0,
    "num_transmited_bytes": 21826112
  },
  "40": {
    "total_mJ": 1296676877.6451764,
    "total_ceq": 97.7736684994936,
    "num_expired_thresh": 0,
    "num_depleted": 0,
    "num_transmited_bytes": 21826112
  },
  "41": {
    "total_mJ": 1207728595.4300523,
    "total_ceq": 92.26378780517706,
    "num_expired_thresh": 0,
    "num_depleted": 0,
    "num_transmited_bytes": 21826112
  },
  "42": {
    "total_mJ": 1046883357.7999421,
    "total_ceq": 78.80597696046179,
    "num_expired_thresh": 0,
    "num_depleted": 0,
    "num_transmited_bytes": 21826112
  },
  "43": {
    "total_mJ": 1750892488.7690816,
    "total_ceq": 132.2275751148136,
    "num_expired_thresh": 0,
    "num_depleted": 0,
    "num_transmited_bytes": 21826112
  },
  "44": {
    "total_mJ": 547754276.1192769,
    "total_ceq": 41.000077425207266,
    "num_expired_thresh": 0,
    "num_depleted": 0,
    "num_transmited_bytes": 21826112
  },
  "45": {
    "total_mJ": 1152720555.2079203,
    "total_ceq": 86.54150655536665,
    "num_expired_thresh": 0,
    "num_depleted": 0,
    "num_transmited_bytes": 21826112
  },
  "46": {
    "total_mJ": 1278858646.128467,
    "total_ceq": 98.37196194086467,
    "num_expired_thresh": 0,
    "num_depleted": 0,
    "num_transmited_bytes": 21826112
  },
  "47": {
    "total_mJ": 765033208.556547,
    "total_ceq": 57.548316966793976,