{
  "0": {
    "cen_loss": 2.3027744300842286,
    "cen_accuracy": 0.1
  },
  "1": {
    "cen_loss": 2.3027744300842286,
    "cen_accuracy": 0.1
  },
  "2": {
    "cen_loss": 3.0753324142456053,
    "cen_accuracy": 0.1
  },
  "3": {
    "cen_loss": 3.2487447547912596,
    "cen_accuracy": 0.1
  },
  "4": {
    "cen_loss": 5.21606413269043,
    "cen_accuracy": 0.0963
  },
  "5": {
    "cen_loss": 4.51647063331604,
    "cen_accuracy": 0.1001
  },
  "6": {
    "cen_loss": 4.090959621810913,
    "cen_accuracy": 0.0824
  },
  "7": {
    "cen_loss": 6.505262803649902,
    "cen_accuracy": 0.1
  },
  "8": {
    "cen_loss": 5.412764337539673,
    "cen_accuracy": 0.1015
  },
  "9": {
    "cen_loss": 4.364739660644531,
    "cen_accuracy": 0.1003
  },
  "10": {
    "cen_loss": 5.747651440811158,
    "cen_accuracy": 0.1431
  },
  "11": {
    "cen_loss": 4.0849562149047856,
    "cen_accuracy": 0.1595
  },
  "12": {
    "cen_loss": 4.114351252746582,
    "cen_accuracy": 0.1392
  },
  "13": {
    "cen_loss": 3.290374905395508,
    "cen_accuracy": 0.1715
  },
  "14": {
    "cen_loss": 3.644398329162598,
    "cen_accuracy": 0.1723
  },
  "15": {
    "cen_loss": 2.0101159547805785,
    "cen_accuracy": 0.3286
  },
  "16": {
    "cen_loss": 2.060769430732727,
    "cen_accuracy": 0.3458
  },
  "17": {
    "cen_loss": 1.9611161235809327,
    "cen_accuracy": 0.3693
  },
  "18": {
    "cen_loss": 1.4728895558357238,
    "cen_accuracy": 0.4896
  },
  "19": {
    "cen_loss": 1.5835380609512328,
    "cen_accuracy": 0.4784
  },
  "20": {
    "cen_loss": 1.36075998711586,
    "cen_accuracy": 0.526
  },
  "21": {
    "cen_loss": 1.349159609889984,
    "cen_accuracy": 0.5477
  },
  "22": {
    "cen_loss": 1.360878018283844,
    "cen_accuracy": 0.5407
  },
  "23": {
    "cen_loss": 1.5954054322242737,
    "cen_accuracy": 0.4779
  },
  "24": {
    "cen_loss": 1.1141212701320649,
    "cen_accuracy": 0.6124
  },
  "25": {
    "cen_loss": 1.2312940597534179,
    "cen_accuracy": 0.5783
  },
  "26": {
    "cen_loss": 1.1840859548091889,
    "cen_accuracy": 0.5986
  },
  "27": {
    "cen_loss": 1.2966390943527222,
    "cen_accuracy": 0.5704
  },
  "28": {
    "cen_loss": 1.1129649920463562,
    "cen_accuracy": 0.6128
  },
  "29": {
    "cen_loss": 1.2546537825584412,
    "cen_accuracy": 0.5826
  },
  "30": {
    "cen_loss": 1.1673086178779601,
    "cen_accuracy": 0.6037
  },
  "31": {
    "cen_loss": 1.0525747647285462,
    "cen_accuracy": 0.64
  },
  "32": {
    "cen_loss": 1.2469920424461365,
    "cen_accuracy": 0.6004
  },
  "33": {
    "cen_loss": 1.4643938453674317,
    "cen_accuracy": 0.5616
  },
  "34": {
    "cen_loss": 1.0336007504940032,
    "cen_accuracy": 0.6527
  },
  "35": {
    "cen_loss": 1.0073764884233474,
    "cen_accuracy": 0.6537
  },
  "36": {
    "cen_loss": 1.1056009377479554,
    "cen_accuracy": 0.6317
  },
  "37": {
    "cen_loss": 1.0766347793817521,
    "cen_accuracy": 0.6339
  },
  "38": {
    "cen_loss": 1.0826456774234772,
    "cen_accuracy": 0.6296
  },
  "39": {
    "cen_loss": 0.9753312009811401,
    "cen_accuracy": 0.6731
  },
  "40": {
    "cen_loss": 1.2561706718921661,
    "cen_accuracy": 0.6253
  },
  "41": {
    "cen_loss": 1.0650790346145629,
    "cen_accuracy": 0.6383
  },
  "42": {
    "cen_loss": 0.9917702533006668,
    "cen_accuracy": 0.6695
  },
  "43": {
    "cen_loss": 1.016679996061325,
    "cen_accuracy": 0.6545
  },
  "44": {
    "cen_loss": 1.0425193110704423,
    "cen_accuracy": 0.6621
  },
  "45": {
    "cen_loss": 1.0824897034168244,
    "cen_accuracy": 0.6481
  },
  "46": {
    "cen_loss": 0.9956206338644028,
    "cen_accuracy": 0.6694
  },
  "47": {
    "cen_loss": 1.0809580949544906,
    "cen_accuracy": 0.6612
  },
  "48": {
    "cen_loss": 1.050347438287735,
    "cen_accuracy": 0.6518
  },
  "49": {
    "cen_loss": 1.0212266231536866,
    "cen_accuracy": 0.661
  },
  "50": {
    "cen_loss": 0.9703105231285095,
    "cen_accuracy": 0.676
  },
  "51": {
    "cen_loss": 0.9838917850255966,
    "cen_accuracy": 0.6888
  },
  "52": {
    "cen_loss": 1.013839750814438,
    "cen_accuracy": 0.6656
  },
  "53": {
    "cen_loss": 0.9972679404020309,
    "cen_accuracy": 0.6666
  },
  "54": {
    "cen_loss": 0.9826154745101928,
    "cen_accuracy": 0.6805
  },
  "55": {
    "cen_loss": 1.183317379927635,
    "cen_accuracy": 0.6463
  },
  "56": {
    "cen_loss": 0.9830244838714599,
    "cen_accuracy": 0.6766
  },
  "57": {
    "cen_loss": 0.8904829414129257,
    "cen_accuracy": 0.7065
  },
  "58": {
    "cen_loss": 0.9543399912834167,
    "cen_accuracy": 0.6836
  },
  "59": {
    "cen_loss": 0.9753812113285064,
    "cen_accuracy": 0.6829
  },
  "60": {
    "cen_loss": 0.9121669004559517,
    "cen_accuracy": 0.7008
  },
  "61": {
    "cen_loss": 0.967406688952446,
    "cen_accuracy": 0.687
  },
  "62": {
    "cen_loss": 0.8501376061081887,
    "cen_accuracy": 0.7191
  },
  "63": {
    "cen_loss": 0.8631004873037338,
    "cen_accuracy": 0.7128
  },
  "64": {
    "cen_loss": 0.8509595700979232,
    "cen_accuracy": 0.7143
  },
  "65": {
    "cen_loss": 0.8960741432905197,
    "cen_accuracy": 0.7012
  },
  "66": {
    "cen_loss": 0.8987911707401276,
    "cen_accuracy": 0.7073
  },
  "67": {
    "cen_loss": 1.083422844517231,
    "cen_accuracy": 0.6568
  },
  "68": {
    "cen_loss": 0.8938872429609299,
    "cen_accuracy": 0.7082
  },
  "69": {
    "cen_loss": 0.8650891427516937,
    "cen_accuracy": 0.7129
  },
  "70": {
    "cen_loss": 0.8207536925673484,
    "cen_accuracy": 0.7287
  },
  "71": {
    "cen_loss": 1.0073242594957352,
    "cen_accuracy": 0.6653
  },
  "72": {
    "cen_loss": 0.8289410908818244,
    "cen_accuracy": 0.7276
  },
  "73": {
    "cen_loss": 0.8076570644259453,
    "cen_accuracy": 0.7276
  },
  "74": {
    "cen_loss": 0.8664857264518738,
    "cen_accuracy": 0.7129
  },
  "75": {
    "cen_loss": 0.907451393699646,
    "cen_accuracy": 0.7157
  },
  "76": {
    "cen_loss": 0.9345263077020645,
    "cen_accuracy": 0.7027
  },
  "77": {
    "cen_loss": 0.9839798781394958,
    "cen_accuracy": 0.6796
  },
  "78": {
    "cen_loss": 0.9182024370193481,
    "cen_accuracy": 0.7018
  },
  "79": {
    "cen_loss": 0.8455096798658371,
    "cen_accuracy": 0.7237
  },
  "80": {
    "cen_loss": 0.8599476325273514,
    "cen_accuracy": 0.7217
  },
  "81": {
    "cen_loss": 0.8508728209018708,
    "cen_accuracy": 0.72
  },
  "82": {
    "cen_loss": 0.8573489156365395,
    "cen_accuracy": 0.7134
  },
  "83": {
    "cen_loss": 0.8004862556457519,
    "cen_accuracy": 0.7353
  },
  "84": {
    "cen_loss": 0.8749565110445022,
    "cen_accuracy": 0.7198
  },
  "85": {
    "cen_loss": 0.8619319616258144,
    "cen_accuracy": 0.7296
  },
  "86": {
    "cen_loss": 0.8538668566703796,
    "cen_accuracy": 0.7207
  },
  "87": {
    "cen_loss": 0.9914196225643158,
    "cen_accuracy": 0.6781
  },
  "88": {
    "cen_loss": 0.8873282395601273,
    "cen_accuracy": 0.7189
  },
  "89": {
    "cen_loss": 0.8349486517786979,
    "cen_accuracy": 0.7338
  },
  "90": {
    "cen_loss": 0.877028962469101,
    "cen_accuracy": 0.7202
  },
  "91": {
    "cen_loss": 1.041536456346512,
    "cen_accuracy": 0.6809
  },
  "92": {
    "cen_loss": 0.8395264356136322,
    "cen_accuracy": 0.7333
  },
  "93": {
    "cen_loss": 0.8469313404560089,
    "cen_accuracy": 0.7212
  },
  "94": {
    "cen_loss": 0.786975883448124,
    "cen_accuracy": 0.7469
  },
  "95": {
    "cen_loss": 0.9322844539761543,
    "cen_accuracy": 0.7084
  },
  "96": {
    "cen_loss": 0.7804333201408387,
    "cen_accuracy": 0.7391
  },
  "97": {
    "cen_loss": 0.797862415766716,
    "cen_accuracy": 0.7401
  },
  "98": {
    "cen_loss": 0.7971081467032433,
    "cen_accuracy": 0.7426
  },
  "99": {
    "cen_loss": 0.8639263239026069,
    "cen_accuracy": 0.7308
  },
  "100": {
    "cen_loss": 1.0019666846513748,
    "cen_accuracy": 0.7086
  },
  "101": {
    "cen_loss": 0.8628294952630997,
    "cen_accuracy": 0.7194
  }
}