{
  "0": {
    "cen_loss": 0,
    "is_orig": true
  },
  "1": {
    "cen_loss": 0,
    "is_orig": true
  },
  "2": {
    "cen_loss": 2.34600904006958,
    "is_orig": false,
    "cen_accuracy": 0.2436
  },
  "3": {
    "cen_loss": 2.349522632217407,
    "is_orig": false,
    "cen_accuracy": 0.2146
  },
  "4": {
    "cen_loss": 3.161144225311279,
    "is_orig": false,
    "cen_accuracy": 0.1851
  },
  "5": {
    "cen_loss": 1.7699063776016235,
    "is_orig": true,
    "cen_accuracy": 0.3526
  },
  "6": {
    "cen_loss": 2.1605173206329344,
    "is_orig": true,
    "cen_accuracy": 0.3073
  },
  "7": {
    "cen_loss": 2.0806848187446594,
    "is_orig": false,
    "cen_accuracy": 0.3287
  },
  "8": {
    "cen_loss": 2.4230255195617674,
    "is_orig": false,
    "cen_accuracy": 0.3071
  },
  "9": {
    "cen_loss": 2.730644312095642,
    "is_orig": true,
    "cen_accuracy": 0.2522
  },
  "10": {
    "cen_loss": 2.7254998373031616,
    "is_orig": true,
    "cen_accuracy": 0.2526
  },
  "11": {
    "cen_loss": 2.0706600288391113,
    "is_orig": true,
    "cen_accuracy": 0.3355
  },
  "12": {
    "cen_loss": 1.9956181441307068,
    "is_orig": true,
    "cen_accuracy": 0.3601
  },
  "13": {
    "cen_loss": 2.902928620529175,
    "is_orig": false,
    "cen_accuracy": 0.2955
  },
  "14": {
    "cen_loss": 2.360856959724426,
    "is_orig": true,
    "cen_accuracy": 0.343
  },
  "15": {
    "cen_loss": 2.8361970541000368,
    "is_orig": true,
    "cen_accuracy": 0.2774
  },
  "16": {
    "cen_loss": 2.0674503611564634,
    "is_orig": false,
    "cen_accuracy": 0.3504
  },
  "17": {
    "cen_loss": 2.2210048981666564,
    "is_orig": false,
    "cen_accuracy": 0.3562
  },
  "18": {
    "cen_loss": 2.1942624286651613,
    "is_orig": true,
    "cen_accuracy": 0.3466
  },
  "19": {
    "cen_loss": 2.0669310848236084,
    "is_orig": false,
    "cen_accuracy": 0.3664
  },
  "20": {
    "cen_loss": 2.0669310620307924,
    "is_orig": true,
    "cen_accuracy": 0.3664
  },
  "21": {
    "cen_loss": 1.9748655910491943,
    "is_orig": false,
    "cen_accuracy": 0.374
  },
  "22": {
    "cen_loss": 2.0630111167907716,
    "is_orig": false,
    "cen_accuracy": 0.3809
  },
  "23": {
    "cen_loss": 1.798204932308197,
    "is_orig": true,
    "cen_accuracy": 0.4284
  },
  "24": {
    "cen_loss": 3.081558541870117,
    "is_orig": true,
    "cen_accuracy": 0.327
  },
  "25": {
    "cen_loss": 2.066385923862457,
    "is_orig": true,
    "cen_accuracy": 0.3647
  },
  "26": {
    "cen_loss": 2.0302373291015625,
    "is_orig": true,
    "cen_accuracy": 0.4143
  },
  "27": {
    "cen_loss": 1.9342715737342835,
    "is_orig": true,
    "cen_accuracy": 0.4285
  },
  "28": {
    "cen_loss": 2.002040216445923,
    "is_orig": false,
    "cen_accuracy": 0.4097
  },
  "29": {
    "cen_loss": 2.0110660731315613,
    "is_orig": true,
    "cen_accuracy": 0.4274
  },
  "30": {
    "cen_loss": 2.0110660747528075,
    "is_orig": true,
    "cen_accuracy": 0.4274
  },
  "31": {
    "cen_loss": 1.9644725350379943,
    "is_orig": false,
    "cen_accuracy": 0.4244
  },
  "32": {
    "cen_loss": 2.1840918808937073,
    "is_orig": true,
    "cen_accuracy": 0.3753
  },
  "33": {
    "cen_loss": 2.408230777168274,
    "is_orig": true,
    "cen_accuracy": 0.3627
  },
  "34": {
    "cen_loss": 1.9247614004135132,
    "is_orig": true,
    "cen_accuracy": 0.3996
  },
  "35": {
    "cen_loss": 2.7226438091278076,
    "is_orig": true,
    "cen_accuracy": 0.3463
  },
  "36": {
    "cen_loss": 2.265911200618744,
    "is_orig": false,
    "cen_accuracy": 0.4181
  },
  "37": {
    "cen_loss": 2.4563186811447144,
    "is_orig": true,
    "cen_accuracy": 0.3583
  },
  "38": {
    "cen_loss": 3.29105852394104,
    "is_orig": false,
    "cen_accuracy": 0.3239
  },
  "39": {
    "cen_loss": 2.919332886695862,
    "is_orig": true,
    "cen_accuracy": 0.32
  },
  "40": {
    "cen_loss": 2.9193329643249513,
    "is_orig": true,
    "cen_accuracy": 0.32
  },
  "41": {
    "cen_loss": 2.058377884101868,
    "is_orig": false,
    "cen_accuracy": 0.3904
  },
  "42": {
    "cen_loss": 2.1251650919914247,
    "is_orig": false,
    "cen_accuracy": 0.4206
  },
  "43": {
    "cen_loss": 2.0986029531478883,
    "is_orig": true,
    "cen_accuracy": 0.4129
  },
  "44": {
    "cen_loss": 2.994185500335693,
    "is_orig": false,
    "cen_accuracy": 0.3427
  },
  "45": {
    "cen_loss": 1.8127584961891174,
    "is_orig": true,
    "cen_accuracy": 0.4273
  },
  "46": {
    "cen_loss": 1.939627616405487,
    "is_orig": false,
    "cen_accuracy": 0.4279
  },
  "47": {
    "cen_loss": 2.430874019050598,
    "is_orig": false,
    "cen_accuracy": 0.3861
  },
  "48": {
    "cen_loss": 1.8021064264297486,
    "is_orig": false,
    "cen_accuracy": 0.4383
  },
  "49": {
    "cen_loss": 1.9932242350578309,
    "is_orig": true,
    "cen_accuracy": 0.434
  },
  "50": {
    "cen_loss": 1.9932242589950562,
    "is_orig": true,
    "cen_accuracy": 0.434
  },
  "51": {
    "cen_loss": 2.7753948570251463,
    "is_orig": true,
    "cen_accuracy": 0.3815
  },
  "52": {
    "cen_loss": 2.0763686329841615,
    "is_orig": true,
    "cen_accuracy": 0.4166
  },
  "53": {
    "cen_loss": 1.8140352210998536,
    "is_orig": false,
    "cen_accuracy": 0.4609
  },
  "54": {
    "cen_loss": 1.7993362045288086,
    "is_orig": true,
    "cen_accuracy": 0.4566
  },
  "55": {
    "cen_loss": 2.9471996494293213,
    "is_orig": true,
    "cen_accuracy": 0.367
  },
  "56": {
    "cen_loss": 2.1266600615501403,
    "is_orig": true,
    "cen_accuracy": 0.3921
  },
  "57": {
    "cen_loss": 2.746869197845459,
    "is_orig": true,
    "cen_accuracy": 0.353
  },
  "58": {
    "cen_loss": 1.9453116928100587,
    "is_orig": true,
    "cen_accuracy": 0.4187
  },
  "59": {
    "cen_loss": 2.3522524558067324,
    "is_orig": false,
    "cen_accuracy": 0.4109
  },
  "60": {
    "cen_loss": 2.352252422618866,
    "is_orig": true,
    "cen_accuracy": 0.4109
  },
  "61": {
    "cen_loss": 2.46832187833786,
    "is_orig": true,
    "cen_accuracy": 0.3718
  },
  "62": {
    "cen_loss": 2.6660076755523683,
    "is_orig": false,
    "cen_accuracy": 0.3246
  },
  "63": {
    "cen_loss": 2.0466092887878418,
    "is_orig": false,
    "cen_accuracy": 0.4279
  },
  "64": {
    "cen_loss": 1.769869490814209,
    "is_orig": false,
    "cen_accuracy": 0.4656
  },
  "65": {
    "cen_loss": 2.0634940174102785,
    "is_orig": true,
    "cen_accuracy": 0.4287
  },
  "66": {
    "cen_loss": 1.8046877014160156,
    "is_orig": false,
    "cen_accuracy": 0.4504
  },
  "67": {
    "cen_loss": 2.697472104263306,
    "is_orig": true,
    "cen_accuracy": 0.3695
  },
  "68": {
    "cen_loss": 2.0366869591712953,
    "is_orig": false,
    "cen_accuracy": 0.4322
  },
  "69": {
    "cen_loss": 1.805377390766144,
    "is_orig": false,
    "cen_accuracy": 0.4403
  },
  "70": {
    "cen_loss": 1.8053773917198181,
    "is_orig": true,
    "cen_accuracy": 0.4403
  },
  "71": {
    "cen_loss": 1.9522948279380798,
    "is_orig": false,
    "cen_accuracy": 0.4624
  },
  "72": {
    "cen_loss": 2.135725064468384,
    "is_orig": false,
    "cen_accuracy": 0.3981
  },
  "73": {
    "cen_loss": 2.0410134498596193,
    "is_orig": true,
    "cen_accuracy": 0.4141
  },
  "74": {
    "cen_loss": 1.847236665916443,
    "is_orig": false,
    "cen_accuracy": 0.4358
  },
  "75": {
    "cen_loss": 2.2568053804397583,
    "is_orig": false,
    "cen_accuracy": 0.4343
  },
  "76": {
    "cen_loss": 2.3561369901657105,
    "is_orig": false,
    "cen_accuracy": 0.4102
  },
  "77": {
    "cen_loss": 2.1202911304473875,
    "is_orig": true,
    "cen_accuracy": 0.3903
  },
  "78": {
    "cen_loss": 2.2190029544830323,
    "is_orig": true,
    "cen_accuracy": 0.4232
  },
  "79": {
    "cen_loss": 2.0873119853019713,
    "is_orig": false,
    "cen_accuracy": 0.3959
  },
  "80": {
    "cen_loss": 2.0873119522094727,
    "is_orig": true,
    "cen_accuracy": 0.3959
  },
  "81": {
    "cen_loss": 2.4196917545318604,
    "is_orig": false,