{
  "2": {
    "total_mJ": 2401932.812585394,
    "total_ceq": 0.29428264348118105,
    "num_expired_thresh": 0,
    "num_depleted": 0,
    "num_transmited_bytes": 11905152
  }
}