{
  "0": {
    "cen_loss": 2.3027744300842286,
    "cen_accuracy": 0.1
  },
  "1": {
    "cen_loss": 2.3027744300842286,
    "cen_accuracy": 0.1
  },
  "2": {
    "cen_loss": 2.8611422216415403,
    "cen_accuracy": 0.1
  },
  "3": {
    "cen_loss": 4.8399177814483645,
    "cen_accuracy": 0.1
  },
  "4": {
    "cen_loss": 6.116896752929687,
    "cen_accuracy": 0.1
  },
  "5": {
    "cen_loss": 5.966476407623291,
    "cen_accuracy": 0.1
  },
  "6": {
    "cen_loss": 5.643460137557984,
    "cen_accuracy": 0.1
  },
  "7": {
    "cen_loss": 5.997749603271484,
    "cen_accuracy": 0.1061
  },
  "8": {
    "cen_loss": 5.831539733886719,
    "cen_accuracy": 0.1
  },
  "9": {
    "cen_loss": 5.459301837921142,
    "cen_accuracy": 0.1055
  },
  "10": {
    "cen_loss": 5.229176578521728,
    "cen_accuracy": 0.1003
  },
  "11": {
    "cen_loss": 5.028126313400269,
    "cen_accuracy": 0.1013
  },
  "12": {
    "cen_loss": 5.328467168807983,
    "cen_accuracy": 0.1008
  },
  "13": {
    "cen_loss": 4.128582011795044,
    "cen_accuracy": 0.1131
  },
  "14": {
    "cen_loss": 4.021426537704468,
    "cen_accuracy": 0.1551
  },
  "15": {
    "cen_loss": 4.219774388885498,
    "cen_accuracy": 0.1317
  },
  "16": {
    "cen_loss": 3.054242506027222,
    "cen_accuracy": 0.1808
  },
  "17": {
    "cen_loss": 2.579081925201416,
    "cen_accuracy": 0.2775
  },
  "18": {
    "cen_loss": 2.6063203981399536,
    "cen_accuracy": 0.2543
  },
  "19": {
    "cen_loss": 1.7331000160217285,
    "cen_accuracy": 0.4118
  },
  "20": {
    "cen_loss": 1.7306422585487367,
    "cen_accuracy": 0.4096
  },
  "21": {
    "cen_loss": 1.5512899320602418,
    "cen_accuracy": 0.4643
  },
  "22": {
    "cen_loss": 1.6679075191497803,
    "cen_accuracy": 0.4484
  },
  "23": {
    "cen_loss": 1.2988759834289552,
    "cen_accuracy": 0.5434
  },
  "24": {
    "cen_loss": 1.3534371906280518,
    "cen_accuracy": 0.5363
  },
  "25": {
    "cen_loss": 1.380298512172699,
    "cen_accuracy": 0.5429
  },
  "26": {
    "cen_loss": 1.175091442632675,
    "cen_accuracy": 0.5921
  },
  "27": {
    "cen_loss": 1.2488609917163849,
    "cen_accuracy": 0.576
  },
  "28": {
    "cen_loss": 1.2663239462852478,
    "cen_accuracy": 0.5772
  },
  "29": {
    "cen_loss": 1.1754479620456695,
    "cen_accuracy": 0.5993
  },
  "30": {
    "cen_loss": 1.0927397449493408,
    "cen_accuracy": 0.6324
  },
  "31": {
    "cen_loss": 1.0582430234909057,
    "cen_accuracy": 0.6432
  },
  "32": {
    "cen_loss": 1.0179491057872772,
    "cen_accuracy": 0.6493
  },
  "33": {
    "cen_loss": 1.0739367979049683,
    "cen_accuracy": 0.6367
  },
  "34": {
    "cen_loss": 1.0767995830535888,
    "cen_accuracy": 0.6373
  },
  "35": {
    "cen_loss": 0.9839902672767639,
    "cen_accuracy": 0.6616
  },
  "36": {
    "cen_loss": 0.9998281780719757,
    "cen_accuracy": 0.6655
  },
  "37": {
    "cen_loss": 0.948753129029274,
    "cen_accuracy": 0.6821
  },
  "38": {
    "cen_loss": 0.9459823782682418,
    "cen_accuracy": 0.6815
  },
  "39": {
    "cen_loss": 1.0988387068748473,
    "cen_accuracy": 0.633
  },
  "40": {
    "cen_loss": 1.048031530022621,
    "cen_accuracy": 0.6447
  },
  "41": {
    "cen_loss": 0.9675759052515029,
    "cen_accuracy": 0.6706
  },
  "42": {
    "cen_loss": 0.9809890464782715,
    "cen_accuracy": 0.6684
  },
  "43": {
    "cen_loss": 0.8928786774277687,
    "cen_accuracy": 0.7014
  },
  "44": {
    "cen_loss": 0.8789947725057602,
    "cen_accuracy": 0.7067
  },
  "45": {
    "cen_loss": 0.927176369535923,
    "cen_accuracy": 0.6925
  },
  "46": {
    "cen_loss": 0.9092707940101623,
    "cen_accuracy": 0.6959
  },
  "47": {
    "cen_loss": 0.8843833279848099,
    "cen_accuracy": 0.7058
  },
  "48": {
    "cen_loss": 0.8891776140928268,
    "cen_accuracy": 0.7076
  },
  "49": {
    "cen_loss": 0.9490166945934295,
    "cen_accuracy": 0.6783
  },
  "50": {
    "cen_loss": 0.8896074530363083,
    "cen_accuracy": 0.7092
  },
  "51": {
    "cen_loss": 0.9018983288764953,
    "cen_accuracy": 0.7008
  },
  "52": {
    "cen_loss": 0.8626458923578262,
    "cen_accuracy": 0.7126
  },
  "53": {
    "cen_loss": 0.8352135576725006,
    "cen_accuracy": 0.7188
  },
  "54": {
    "cen_loss": 0.8768941951274872,
    "cen_accuracy": 0.7047
  },
  "55": {
    "cen_loss": 0.9381721627473831,
    "cen_accuracy": 0.6942
  },
  "56": {
    "cen_loss": 0.8417949023246765,
    "cen_accuracy": 0.7171
  },
  "57": {
    "cen_loss": 0.8264555780887604,
    "cen_accuracy": 0.7166
  },
  "58": {
    "cen_loss": 0.8493076991081238,
    "cen_accuracy": 0.7118
  },
  "59": {
    "cen_loss": 0.83994352414608,
    "cen_accuracy": 0.7187
  },
  "60": {
    "cen_loss": 0.8299971784234047,
    "cen_accuracy": 0.7204
  },
  "61": {
    "cen_loss": 0.8082087470769882,
    "cen_accuracy": 0.7294
  },
  "62": {
    "cen_loss": 0.8637643969297409,
    "cen_accuracy": 0.7068
  },
  "63": {
    "cen_loss": 0.8133336318016052,
    "cen_accuracy": 0.722
  },
  "64": {
    "cen_loss": 0.8409942643046379,
    "cen_accuracy": 0.7228
  },
  "65": {
    "cen_loss": 0.8610444303989411,
    "cen_accuracy": 0.7127
  },
  "66": {
    "cen_loss": 0.7999333799242974,
    "cen_accuracy": 0.7367
  },
  "67": {
    "cen_loss": 0.8262104187250138,
    "cen_accuracy": 0.7208
  },
  "68": {
    "cen_loss": 0.8073773234963417,
    "cen_accuracy": 0.738
  },
  "69": {
    "cen_loss": 0.8498906508445739,
    "cen_accuracy": 0.7163
  },
  "70": {
    "cen_loss": 0.8046049625635147,
    "cen_accuracy": 0.7291
  },
  "71": {
    "cen_loss": 0.8457980615377426,
    "cen_accuracy": 0.7283
  },
  "72": {
    "cen_loss": 0.8734267912626267,
    "cen_accuracy": 0.713
  },
  "73": {
    "cen_loss": 0.8112181483268738,
    "cen_accuracy": 0.7367
  },
  "74": {
    "cen_loss": 0.8246836194038392,
    "cen_accuracy": 0.7282
  },
  "75": {
    "cen_loss": 0.8175186413049698,
    "cen_accuracy": 0.7272
  },
  "76": {
    "cen_loss": 0.8297770257711411,
    "cen_accuracy": 0.7259
  },
  "77": {
    "cen_loss": 0.7980094425201416,
    "cen_accuracy": 0.7388
  },
  "78": {
    "cen_loss": 0.7986492373466492,
    "cen_accuracy": 0.7335
  },
  "79": {
    "cen_loss": 0.8318589564085007,
    "cen_accuracy": 0.7258
  },
  "80": {
    "cen_loss": 0.8128672213554382,
    "cen_accuracy": 0.7352
  },
  "81": {
    "cen_loss": 0.7970068595647812,
    "cen_accuracy": 0.7398
  },
  "82": {
    "cen_loss": 0.81304959192276,
    "cen_accuracy": 0.734
  },
  "83": {
    "cen_loss": 0.8390772386550903,
    "cen_accuracy": 0.7259
  },
  "84": {
    "cen_loss": 0.8303197542190551,
    "cen_accuracy": 0.7293
  },
  "85": {
    "cen_loss": 0.800107562828064,
    "cen_accuracy": 0.7357
  },
  "86": {
    "cen_loss": 0.8267476845264434,
    "cen_accuracy": 0.7318
  },
  "87": {
    "cen_loss": 0.8103599528074265,
    "cen_accuracy": 0.7373
  },
  "88": {
    "cen_loss": 0.848061254644394,
    "cen_accuracy": 0.732
  },
  "89": {
    "cen_loss": 0.8037595306038856,
    "cen_accuracy": 0.7413
  },
  "90": {
    "cen_loss": 0.797745133459568,
    "cen_accuracy": 0.7335
  },
  "91": {
    "cen_loss": 0.7719872144937515,
    "cen_accuracy": 0.7447
  },
  "92": {
    "cen_loss": 0.799422431230545,
    "cen_accuracy": 0.7377
  },
  "93": {
    "cen_loss": 0.7645081184864044,
    "cen_accuracy": 0.7443
  },
  "94": {
    "cen_loss": 0.7654101657271385,
    "cen_accuracy": 0.746
  },
  "95": {
    "cen_loss": 0.7663442367553711,
    "cen_accuracy": 0.7483
  },
  "96": {
    "cen_loss": 0.8551951309680939,
    "cen_accuracy": 0.7169
  },
  "97": {
    "cen_loss": 0.7700378977894783,
    "cen_accuracy": 0.7465
  },
  "98": {
    "cen_loss": 0.7814791261672973,
    "cen_accuracy": 0.747
  },
  "99": {
    "cen_loss": 0.8013197913646698,
    "cen_accuracy": 0.74
  },
  "100": {
    "cen_loss": 0.7797085535287857,
    "cen_accuracy": 0.7447
  },
  "101": {
    "cen_loss": 0.8050027058362961,
    "cen_accuracy": 0.7346
  }
}