{
  "2": {
    "total_mJ": 1442554234.162853,
    "total_ceq": 155.72562547883626,
    "num_expired_thresh": 0,
    "num_depleted": 0,
    "num_transmited_bytes": 1503050304
  },
  "3": {
    "total_mJ": 1259703392.714148,
    "total_ceq": 135.3918325494183,
    "num_expired_thresh": 0,
    "num_depleted": 0,
    "num_transmited_bytes": 1503050304
  },
  "4": {
    "total_mJ": 1604482065.7122643,
    "total_ceq": 172.54382066907635,
    "num_expired_thresh": 0,
    "num_depleted": 0,
    "num_transmited_bytes": 1503050304
  },
  "5": {
    "total_mJ": 1574587008.6110597,
    "total_ceq": 169.20280270806344,
    "num_expired_thresh": 0,
    "num_depleted": 0,
    "num_transmited_bytes": 1503050304
  },
  "6": {
    "total_mJ": 1722610963.518734,
    "total_ceq": 185.468366258727,
    "num_expired_thresh": 0,
    "num_depleted": 0,
    "num_transmited_bytes": 1503050304
  },
  "7": {
    "total_mJ": 1030900150.863195,
    "total_ceq": 111.72328641643247,
    "num_expired_thresh": 0,
    "num_depleted": 0,
    "num_transmited_bytes": 1503050304
  },
  "8": {
    "total_mJ": 1364848045.6319695,
    "total_ceq": 146.0841166874368,
    "num_expired_thresh": 0,
    "num_depleted": 0,
    "num_transmited_bytes": 1503050304
  },
  "9": {
    "total_mJ": 1432578625.806762,
    "total_ceq": 153.77877633394402,
    "num_expired_thresh": 0,
    "num_depleted": 0,
    "num_transmited_bytes": 1503050304
  },
  "10": {
    "total_mJ": 1392584525.4231348,
    "total_ceq": 150.3991986488491,
    "num_expired_thresh": 0,
    "num_depleted": 0,
    "num_transmited_bytes": 1503050304
  },
  "11": {
    "total_mJ": 1424419085.4518228,
    "total_ceq": 153.7060153016197,
    "num_expired_thresh": 0,
    "num_depleted": 0,
    "num_transmited_bytes": 1503050304
  },
  "12": {
    "total_mJ": 1715005689.0553312,
    "total_ceq": 184.70248754669515,
    "num_expired_thresh": 0,
    "num_depleted": 0,
    "num_transmited_bytes": 1503050304
  },
  "13": {
    "total_mJ": 1590849366.5501602,
    "total_ceq": 170.6818586442473,
    "num_expired_thresh": 0,
    "num_depleted": 0,
    "num_transmited_bytes": 1503050304
  },
  "14": {
    "total_mJ": 1336984045.4288294,
    "total_ceq": 143.68693065421087,
    "num_expired_thresh": 0,
    "num_depleted": 0,
    "num_transmited_bytes": 1503050304
  },
  "15": {
    "total_mJ": 1412176353.8023813,
    "total_ceq": 151.76772219538393,
    "num_expired_thresh": 0,
    "num_depleted": 0,
    "num_transmited_bytes": 1503050304
  },
  "16": {
    "total_mJ": 1384143774.89777,
    "total_ceq": 148.2003287233757,
    "num_expired_thresh": 0,
    "num_depleted": 0,
    "num_transmited_bytes": 1503050304
  },
  "17": {
    "total_mJ": 1398899642.0753598,
    "total_ceq": 151.70645764235343,
    "num_expired_thresh": 0,
    "num_depleted": 0,
    "num_transmited_bytes": 1503050304
  },
  "18": {
    "total_mJ": 1726591136.1308758,
    "total_ceq": 185.54144948959947,
    "num_expired_thresh": 0,
    "num_depleted": 0,
    "num_transmited_bytes": 1503050304
  },
  "19": {
    "total_mJ": 1580308821.0060275,
    "total_ceq": 170.99335874649725,
    "num_expired_thresh": 0,
    "num_depleted": 0,
    "num_transmited_bytes": 1503050304
  },
  "20": {
    "total_mJ": 1636691167.0385683,
    "total_ceq": 174.28904334629092,
    "num_expired_thresh": 0,
    "num_depleted": 0,
    "num_transmited_bytes": 1503050304
  },
  "21": {
    "total_mJ": 1254458047.6565,
    "total_ceq": 134.5241336904109,
    "num_expired_thresh": 0,
    "num_depleted": 0,
    "num_transmited_bytes": 1503050304
  },
  "22": {
    "total_mJ": 1404129726.3757102,
    "total_ceq": 151.50927641287777,
    "num_expired_thresh": 0,
    "num_depleted": 0,
    "num_transmited_bytes": 1503050304
  },
  "23": {
    "total_mJ": 1573363909.1926415,
    "total_ceq": 169.20282940095098,
    "num_expired_thresh": 0,
    "num_depleted": 0,
    "num_transmited_bytes": 1503050304
  },
  "24": {
    "total_mJ": 1631737745.0257773,
    "total_ceq": 174.2621275382501,
    "num_expired_thresh": 0,
    "num_depleted": 0,
    "num_transmited_bytes": 1503050304
  },
  "25": {
    "total_mJ": 1724979215.6409135,
    "total_ceq": 185.60552085121458,
    "num_expired_thresh": 0,
    "num_depleted": 0,
    "num_transmited_bytes": 1503050304
  },
  "26": {
    "total_mJ": 1610787974.0595055,
    "total_ceq": 171.58247981192858,
    "num_expired_thresh": 0,
    "num_depleted": 0,
    "num_transmited_bytes": 1503050304
  },
  "27": {
    "total_mJ": 1706712194.904603,
    "total_ceq": 183.94893656670874,
    "num_expired_thresh": 0,
    "num_depleted": 0,
    "num_transmited_bytes": 1503050304
  },
  "28": {
    "total_mJ": 1612835467.8030457,
    "total_ceq": 171.91109874254937,
    "num_expired_thresh": 0,
    "num_depleted": 0,
    "num_transmited_bytes": 1503050304
  },
  "29": {
    "total_mJ": 1242258623.9104955,
    "total_ceq": 132.45209538713436,
    "num_expired_thresh": 0,
    "num_depleted": 0,
    "num_transmited_bytes": 1503050304
  },
  "30": {
    "total_mJ": 1689857755.2166057,
    "total_ceq": 180.81489633240483,
    "num_expired_thresh": 0,
    "num_depleted": 0,
    "num_transmited_bytes": 1503050304
  },
  "31": {
    "total_mJ": 1692545976.9127722,
    "total_ceq": 181.67060534436388,
    "num_expired_thresh": 0,
    "num_depleted": 0,
    "num_transmited_bytes": 1503050304
  },
  "32": {
    "total_mJ": 1336749898.1299386,
    "total_ceq": 144.50064902677994,
    "num_expired_thresh": 0,
    "num_depleted": 0,
    "num_transmited_bytes": 1503050304
  },
  "33": {
    "total_mJ": 1696836930.8244252,
    "total_ceq": 180.395036722794,
    "num_expired_thresh": 0,
    "num_depleted": 0,
    "num_transmited_bytes": 1503050304
  },
  "34": {
    "total_mJ": 1432043829.0445576,
    "total_ceq": 153.92163581276176,
    "num_expired_thresh": 0,
    "num_depleted": 0,
    "num_transmited_bytes": 1503050304
  },
  "35": {
    "total_mJ": 1595703652.0757244,
    "total_ceq": 171.42275533035072,
    "num_expired_thresh": 0,
    "num_depleted": 0,
    "num_transmited_bytes": 1503050304
  },
  "36": {
    "total_mJ": 1651172250.4998102,
    "total_ceq": 176.49215537905133,
    "num_expired_thresh": 0,
    "num_depleted": 0,
    "num_transmited_bytes": 1503050304
  },
  "37": {
    "total_mJ": 1607368718.7275486,
    "total_ceq": 171.47285241304954,
    "num_expired_thresh": 0,
    "num_depleted": 0,
    "num_transmited_bytes": 1503050304
  },
  "38": {
    "total_mJ": 1601169687.6786337,
    "total_ceq": 170.07004099345644,
    "num_expired_thresh": 0,
    "num_depleted": 0,
    "num_transmited_bytes": 1503050304
  },
  "39": {
    "total_mJ": 1436268635.3881967,
    "total_ceq": 155.55500406636534,
    "num_expired_thresh": 0,
    "num_depleted": 0,
    "num_transmited_bytes": 1503050304
  },
  "40": {
    "total_mJ": 1223524844.918264,
    "total_ceq": 132.72548581464207,
    "num_expired_thresh": 0,
    "num_depleted": 0,
    "num_transmited_bytes": 1503050304
  },
  "41": {
    "total_mJ": 1289013578.1026113,
    "total_ceq": 139.61066883968917,
    "num_expired_thresh": 0,
    "num_depleted": 0,
    "num_transmited_bytes": 1503050304
  },
  "42": {
    "total_mJ": 1742512368.1015475,
    "total_ceq": 188.00870697109912,
    "num_expired_thresh": 0,
    "num_depleted": 0,
    "num_transmited_bytes": 1503050304
  },
  "43": {
    "total_mJ": 1679258882.8187966,
    "total_ceq": 179.34903680730918,
    "num_expired_thresh": 0,
    "num_depleted": 0,
    "num_transmited_bytes": 1503050304
  },
  "44": {
    "total_mJ": 1057366234.4833769,
    "total_ceq": 113.91953285711766,
    "num_expired_thresh": 0,
    "num_depleted": 0,
    "num_transmited_bytes": 1503050304
  },
  "45": {
    "total_mJ": 1683319968.2693794,
    "total_ceq": 180.66254814622386,
    "num_expired_thresh": 0,
    "num_depleted": 0,
    "num_transmited_bytes": 1503050304
  },
  "46": {
    "total_mJ": 1603641473.5157495,
    "total_ceq": 172.40987978115876,
    "num_expired_thresh": 0,
    "num_depleted": 0,