{
  "0": {
    "cen_loss": 0,
    "is_orig": true
  },
  "1": {
    "cen_loss": 0,
    "is_orig": true
  },
  "2": {
    "cen_loss": 2.337310207939148,
    "is_orig": true,
    "cen_accuracy": 0.1401
  },
  "3": {
    "cen_loss": 2.2738236709594726,
    "is_orig": true,
    "cen_accuracy": 0.2036
  },
  "4": {
    "cen_loss": 2.0752918548583983,
    "is_orig": false,
    "cen_accuracy": 0.2713
  },
  "5": {
    "cen_loss": 2.19365602684021,
    "is_orig": false,
    "cen_accuracy": 0.2268
  },
  "6": {
    "cen_loss": 2.4487809200286863,
    "is_orig": false,
    "cen_accuracy": 0.2076
  },
  "7": {
    "cen_loss": 2.230446343803406,
    "is_orig": true,
    "cen_accuracy": 0.3061
  },
  "8": {
    "cen_loss": 1.980403959465027,
    "is_orig": false,
    "cen_accuracy": 0.344
  },
  "9": {
    "cen_loss": 1.7999088426589966,
    "is_orig": false,
    "cen_accuracy": 0.3628
  },
  "10": {
    "cen_loss": 1.7992047479629516,
    "is_orig": true,
    "cen_accuracy": 0.363
  },
  "11": {
    "cen_loss": 1.7866896347045897,
    "is_orig": false,
    "cen_accuracy": 0.3527
  },
  "12": {
    "cen_loss": 1.8812001989364624,
    "is_orig": true,
    "cen_accuracy": 0.3542
  },
  "13": {
    "cen_loss": 1.8933574350357056,
    "is_orig": false,
    "cen_accuracy": 0.322
  },
  "14": {
    "cen_loss": 1.912724557685852,
    "is_orig": true,
    "cen_accuracy": 0.3393
  },
  "15": {
    "cen_loss": 1.7271864163398742,
    "is_orig": false,
    "cen_accuracy": 0.3838
  },
  "16": {
    "cen_loss": 1.7560095327377319,
    "is_orig": true,
    "cen_accuracy": 0.3709
  },
  "17": {
    "cen_loss": 1.8630074007987976,
    "is_orig": false,
    "cen_accuracy": 0.4047
  },
  "18": {
    "cen_loss": 1.9246987009048462,
    "is_orig": true,
    "cen_accuracy": 0.3327
  },
  "19": {
    "cen_loss": 1.7196072065353394,
    "is_orig": true,
    "cen_accuracy": 0.3904
  },
  "20": {
    "cen_loss": 1.71960721616745,
    "is_orig": true,
    "cen_accuracy": 0.3904
  },
  "21": {
    "cen_loss": 2.1479735418319703,
    "is_orig": true,
    "cen_accuracy": 0.3173
  },
  "22": {
    "cen_loss": 1.813927233695984,
    "is_orig": false,
    "cen_accuracy": 0.3636
  },
  "23": {
    "cen_loss": 1.9287677199363709,
    "is_orig": true,
    "cen_accuracy": 0.3757
  },
  "24": {
    "cen_loss": 1.9352084854125977,
    "is_orig": false,
    "cen_accuracy": 0.3726
  },
  "25": {
    "cen_loss": 1.674172408390045,
    "is_orig": false,
    "cen_accuracy": 0.411
  },
  "26": {
    "cen_loss": 1.7969381287574768,
    "is_orig": false,
    "cen_accuracy": 0.3665
  },
  "27": {
    "cen_loss": 1.8529795261383057,
    "is_orig": true,
    "cen_accuracy": 0.405
  },
  "28": {
    "cen_loss": 1.8034999201774597,
    "is_orig": true,
    "cen_accuracy": 0.3928
  },
  "29": {
    "cen_loss": 1.7832482931137086,
    "is_orig": false,
    "cen_accuracy": 0.4001
  },
  "30": {
    "cen_loss": 1.7832483006477355,
    "is_orig": true,
    "cen_accuracy": 0.4001
  },
  "31": {
    "cen_loss": 1.7315223046302795,
    "is_orig": true,
    "cen_accuracy": 0.4026
  },
  "32": {
    "cen_loss": 1.8126231554985046,
    "is_orig": true,
    "cen_accuracy": 0.4012
  },
  "33": {
    "cen_loss": 2.024904839134216,
    "is_orig": false,
    "cen_accuracy": 0.3962
  },
  "34": {
    "cen_loss": 1.9678006521224976,
    "is_orig": false,
    "cen_accuracy": 0.3774
  },
  "35": {
    "cen_loss": 2.215174906539917,
    "is_orig": false,
    "cen_accuracy": 0.3489
  },
  "36": {
    "cen_loss": 1.7969589427947998,
    "is_orig": true,
    "cen_accuracy": 0.41
  },
  "37": {
    "cen_loss": 1.949728547668457,
    "is_orig": true,
    "cen_accuracy": 0.4
  },
  "38": {
    "cen_loss": 1.8983392379760742,
    "is_orig": true,
    "cen_accuracy": 0.3937
  },
  "39": {
    "cen_loss": 1.9981971470832824,
    "is_orig": false,
    "cen_accuracy": 0.3586
  },
  "40": {
    "cen_loss": 1.9981971327781678,
    "is_orig": true,
    "cen_accuracy": 0.3586
  },
  "41": {
    "cen_loss": 2.029308313465118,
    "is_orig": true,
    "cen_accuracy": 0.3661
  },
  "42": {
    "cen_loss": 1.6962783134460448,
    "is_orig": true,
    "cen_accuracy": 0.4388
  },
  "43": {
    "cen_loss": 1.9759699265480042,
    "is_orig": false,
    "cen_accuracy": 0.3816
  },
  "44": {
    "cen_loss": 2.007299682044983,
    "is_orig": true,
    "cen_accuracy": 0.3849
  },
  "45": {
    "cen_loss": 2.2523791207313537,
    "is_orig": true,
    "cen_accuracy": 0.3611
  },
  "46": {
    "cen_loss": 1.8327971159934997,
    "is_orig": false,
    "cen_accuracy": 0.4
  },
  "47": {
    "cen_loss": 2.0463429641723634,
    "is_orig": true,
    "cen_accuracy": 0.385
  },
  "48": {
    "cen_loss": 1.5943362843513489,
    "is_orig": true,
    "cen_accuracy": 0.4485
  },
  "49": {
    "cen_loss": 1.9300402202606202,
    "is_orig": true,
    "cen_accuracy": 0.3933
  },
  "50": {
    "cen_loss": 1.9300402269363404,
    "is_orig": true,
    "cen_accuracy": 0.3933
  },
  "51": {
    "cen_loss": 1.6165212317466735,
    "is_orig": false,
    "cen_accuracy": 0.443
  },
  "52": {
    "cen_loss": 1.9715543238639832,
    "is_orig": false,
    "cen_accuracy": 0.4115
  },
  "53": {
    "cen_loss": 1.880243025970459,
    "is_orig": true,
    "cen_accuracy": 0.413
  },
  "54": {
    "cen_loss": 2.8511593288421633,
    "is_orig": false,
    "cen_accuracy": 0.3329
  },
  "55": {
    "cen_loss": 1.6295441049575805,
    "is_orig": false,
    "cen_accuracy": 0.4572
  },
  "56": {
    "cen_loss": 1.5811259914398192,
    "is_orig": true,
    "cen_accuracy": 0.4566
  },
  "57": {
    "cen_loss": 2.012885948944092,
    "is_orig": true,
    "cen_accuracy": 0.4347
  },
  "58": {
    "cen_loss": 2.126094813156128,
    "is_orig": false,
    "cen_accuracy": 0.4013
  },
  "59": {
    "cen_loss": 1.6797394850730896,
    "is_orig": true,
    "cen_accuracy": 0.4448
  },
  "60": {
    "cen_loss": 1.679739482975006,
    "is_orig": true,
    "cen_accuracy": 0.4448
  },
  "61": {
    "cen_loss": 1.7199590720176696,
    "is_orig": false,
    "cen_accuracy": 0.4632
  },
  "62": {
    "cen_loss": 1.9775746896743776,
    "is_orig": false,
    "cen_accuracy": 0.4188
  },
  "63": {
    "cen_loss": 1.708529432964325,
    "is_orig": true,
    "cen_accuracy": 0.427
  },
  "64": {
    "cen_loss": 1.8884957677841188,
    "is_orig": true,
    "cen_accuracy": 0.4126
  },
  "65": {
    "cen_loss": 1.796642421913147,
    "is_orig": false,
    "cen_accuracy": 0.4332
  },
  "66": {
    "cen_loss": 2.3320366683006286,
    "is_orig": false,
    "cen_accuracy": 0.3701
  },
  "67": {
    "cen_loss": 1.9348538464546203,
    "is_orig": true,
    "cen_accuracy": 0.4084
  },
  "68": {
    "cen_loss": 1.6691222553253173,
    "is_orig": true,
    "cen_accuracy": 0.4638
  },
  "69": {
    "cen_loss": 2.1158366169929503,
    "is_orig": true,
    "cen_accuracy": 0.4062
  },
  "70": {
    "cen_loss": 2.1158366017341614,
    "is_orig": true,
    "cen_accuracy": 0.4062
  },
  "71": {
    "cen_loss": 1.9738477572441102,
    "is_orig": false,
    "cen_accuracy": 0.3948
  },
  "72": {
    "cen_loss": 1.8576467584609986,
    "is_orig": true,
    "cen_accuracy": 0.4256
  },
  "73": {
    "cen_loss": 1.879744015789032,
    "is_orig": true,
    "cen_accuracy": 0.4146
  },
  "74": {
    "cen_loss": 2.291841507053375,
    "is_orig": true,
    "cen_accuracy": 0.3513
  },
  "75": {
    "cen_loss": 2.353587382507324,
    "is_orig": true,
    "cen_accuracy": 0.3545
  },
  "76": {
    "cen_loss": 1.910737720489502,
    "is_orig": true,
    "cen_accuracy": 0.3883
  },
  "77": {
    "cen_loss": 2.4124146896362304,
    "is_orig": false,
    "cen_accuracy": 0.3319
  },
  "78": {
    "cen_loss": 2.047283952140808,
    "is_orig": false,
    "cen_accuracy": 0.4184
  },
  "79": {
    "cen_loss": 2.055156352519989,
    "is_orig": false,
    "cen_accuracy": 0.4142
  },
  "80": {
    "cen_loss": 2.0551564147949217,
    "is_orig": true,
    "cen_accuracy": 0.4142
  },
  "81": {
    "cen_loss": 1.7766731214523315,
    "is_orig": true,