{
  "0": {
    "cen_loss": 2.302716353225708,
    "cen_accuracy": 0.1
  },
  "1": {
    "cen_loss": 2.302716353225708,
    "cen_accuracy": 0.1
  },
  "2": {
    "cen_loss": 3.0285003696441652,
    "cen_accuracy": 0.1
  },
  "3": {
    "cen_loss": 5.854652302551269,
    "cen_accuracy": 0.1
  },
  "4": {
    "cen_loss": 6.612213693237305,
    "cen_accuracy": 0.1
  },
  "5": {
    "cen_loss": 5.99269748916626,
    "cen_accuracy": 0.0956
  },
  "6": {
    "cen_loss": 5.272826351928711,
    "cen_accuracy": 0.1229
  },
  "7": {
    "cen_loss": 8.392253237152099,
    "cen_accuracy": 0.1
  },
  "8": {
    "cen_loss": 5.849901613235474,
    "cen_accuracy": 0.1
  },
  "9": {
    "cen_loss": 6.366740298843384,
    "cen_accuracy": 0.138
  },
  "10": {
    "cen_loss": 4.049076334762574,
    "cen_accuracy": 0.1241
  },
  "11": {
    "cen_loss": 5.015656310653687,
    "cen_accuracy": 0.1041
  },
  "12": {
    "cen_loss": 3.0740639572143555,
    "cen_accuracy": 0.1937
  },
  "13": {
    "cen_loss": 2.969786200904846,
    "cen_accuracy": 0.1985
  },
  "14": {
    "cen_loss": 2.197037040710449,
    "cen_accuracy": 0.3221
  },
  "15": {
    "cen_loss": 2.0318292470932007,
    "cen_accuracy": 0.3727
  },
  "16": {
    "cen_loss": 1.9777664541244506,
    "cen_accuracy": 0.3783
  },
  "17": {
    "cen_loss": 1.7502744038581848,
    "cen_accuracy": 0.4235
  },
  "18": {
    "cen_loss": 1.3732079959869385,
    "cen_accuracy": 0.5285
  },
  "19": {
    "cen_loss": 1.3443963305473328,
    "cen_accuracy": 0.5435
  },
  "20": {
    "cen_loss": 1.2673432018280029,
    "cen_accuracy": 0.5665
  },
  "21": {
    "cen_loss": 1.3008399904251098,
    "cen_accuracy": 0.5554
  },
  "22": {
    "cen_loss": 1.2107864975929261,
    "cen_accuracy": 0.5889
  },
  "23": {
    "cen_loss": 1.180782777929306,
    "cen_accuracy": 0.5914
  },
  "24": {
    "cen_loss": 1.1891398181438446,
    "cen_accuracy": 0.6047
  },
  "25": {
    "cen_loss": 1.29853538813591,
    "cen_accuracy": 0.5804
  },
  "26": {
    "cen_loss": 1.107339557313919,
    "cen_accuracy": 0.6297
  },
  "27": {
    "cen_loss": 1.0567521340847015,
    "cen_accuracy": 0.641
  },
  "28": {
    "cen_loss": 1.046858563566208,
    "cen_accuracy": 0.6465
  },
  "29": {
    "cen_loss": 1.1451188806533814,
    "cen_accuracy": 0.6128
  },
  "30": {
    "cen_loss": 1.0708973245620728,
    "cen_accuracy": 0.6387
  },
  "31": {
    "cen_loss": 1.0656563411235809,
    "cen_accuracy": 0.6432
  },
  "32": {
    "cen_loss": 0.9196584243297576,
    "cen_accuracy": 0.687
  },
  "33": {
    "cen_loss": 0.9434411140084267,
    "cen_accuracy": 0.6844
  },
  "34": {
    "cen_loss": 1.0087093533039093,
    "cen_accuracy": 0.6609
  },
  "35": {
    "cen_loss": 0.9728694041252136,
    "cen_accuracy": 0.6732
  },
  "36": {
    "cen_loss": 0.9471629555225373,
    "cen_accuracy": 0.6864
  },
  "37": {
    "cen_loss": 0.9117632332801819,
    "cen_accuracy": 0.6996
  },
  "38": {
    "cen_loss": 0.8593783143281937,
    "cen_accuracy": 0.7118
  },
  "39": {
    "cen_loss": 1.0572176695227622,
    "cen_accuracy": 0.6599
  },
  "40": {
    "cen_loss": 0.8997630617141724,
    "cen_accuracy": 0.7026
  },
  "41": {
    "cen_loss": 0.8857000717163086,
    "cen_accuracy": 0.7064
  },
  "42": {
    "cen_loss": 0.934130902671814,
    "cen_accuracy": 0.6861
  },
  "43": {
    "cen_loss": 1.0488852834701539,
    "cen_accuracy": 0.6653
  },
  "44": {
    "cen_loss": 0.9521130693435669,
    "cen_accuracy": 0.6834
  },
  "45": {
    "cen_loss": 0.8717337841749191,
    "cen_accuracy": 0.7075
  },
  "46": {
    "cen_loss": 0.863985606598854,
    "cen_accuracy": 0.7152
  },
  "47": {
    "cen_loss": 0.8758346303343773,
    "cen_accuracy": 0.7106
  },
  "48": {
    "cen_loss": 0.9871634314894676,
    "cen_accuracy": 0.6886
  },
  "49": {
    "cen_loss": 0.8253389220833779,
    "cen_accuracy": 0.7308
  },
  "50": {
    "cen_loss": 0.999997081875801,
    "cen_accuracy": 0.6852
  },
  "51": {
    "cen_loss": 0.8681289167046546,
    "cen_accuracy": 0.7135
  },
  "52": {
    "cen_loss": 0.922423219203949,
    "cen_accuracy": 0.7111
  },
  "53": {
    "cen_loss": 0.80596852414608,
    "cen_accuracy": 0.7355
  },
  "54": {
    "cen_loss": 0.8652272531747818,
    "cen_accuracy": 0.7216
  },
  "55": {
    "cen_loss": 0.9417393280506134,
    "cen_accuracy": 0.6962
  },
  "56": {
    "cen_loss": 0.8534244027376174,
    "cen_accuracy": 0.7173
  },
  "57": {
    "cen_loss": 0.9156688123703003,
    "cen_accuracy": 0.7049
  },
  "58": {
    "cen_loss": 0.8703465544223785,
    "cen_accuracy": 0.7183
  },
  "59": {
    "cen_loss": 0.8060528274297715,
    "cen_accuracy": 0.7372
  },
  "60": {
    "cen_loss": 0.8289162025690079,
    "cen_accuracy": 0.7319
  },
  "61": {
    "cen_loss": 0.8517175567865372,
    "cen_accuracy": 0.7232
  },
  "62": {
    "cen_loss": 0.8239926135540009,
    "cen_accuracy": 0.7346
  },
  "63": {
    "cen_loss": 0.8361538708925247,
    "cen_accuracy": 0.7344
  },
  "64": {
    "cen_loss": 0.8014557147026062,
    "cen_accuracy": 0.7367
  },
  "65": {
    "cen_loss": 0.8430983675003052,
    "cen_accuracy": 0.7335
  },
  "66": {
    "cen_loss": 0.8130089632987976,
    "cen_accuracy": 0.7382
  },
  "67": {
    "cen_loss": 0.8077657991051674,
    "cen_accuracy": 0.7423
  },
  "68": {
    "cen_loss": 0.8056927480459213,
    "cen_accuracy": 0.7371
  },
  "69": {
    "cen_loss": 1.0213950444459916,
    "cen_accuracy": 0.6796
  },
  "70": {
    "cen_loss": 0.747413869190216,
    "cen_accuracy": 0.7498
  },
  "71": {
    "cen_loss": 0.8486566994905472,
    "cen_accuracy": 0.7262
  },
  "72": {
    "cen_loss": 0.7929974544763565,
    "cen_accuracy": 0.7459
  },
  "73": {
    "cen_loss": 0.8391655956029892,
    "cen_accuracy": 0.7318
  },
  "74": {
    "cen_loss": 0.7938902523875236,
    "cen_accuracy": 0.7451
  },
  "75": {
    "cen_loss": 0.8272316705107688,
    "cen_accuracy": 0.7338
  },
  "76": {
    "cen_loss": 0.8795893979668618,
    "cen_accuracy": 0.7201
  },
  "77": {
    "cen_loss": 0.8308338236093521,
    "cen_accuracy": 0.7353
  },
  "78": {
    "cen_loss": 0.783313611960411,
    "cen_accuracy": 0.7427
  },
  "79": {
    "cen_loss": 0.7920056062221527,
    "cen_accuracy": 0.7485
  },
  "80": {
    "cen_loss": 0.7906738041639328,
    "cen_accuracy": 0.745
  },
  "81": {
    "cen_loss": 0.8693545582890511,
    "cen_accuracy": 0.7241
  },
  "82": {
    "cen_loss": 0.7940997596621513,
    "cen_accuracy": 0.7477
  },
  "83": {
    "cen_loss": 0.7270571823954582,
    "cen_accuracy": 0.7587
  },
  "84": {
    "cen_loss": 0.9371699540138244,
    "cen_accuracy": 0.7122
  },
  "85": {
    "cen_loss": 0.8686467381596565,
    "cen_accuracy": 0.7308
  },
  "86": {
    "cen_loss": 0.7669021443128586,
    "cen_accuracy": 0.7568
  },
  "87": {
    "cen_loss": 0.8124870112538338,
    "cen_accuracy": 0.7432
  },
  "88": {
    "cen_loss": 0.791182595705986,
    "cen_accuracy": 0.7504
  },
  "89": {
    "cen_loss": 0.8762001214146614,
    "cen_accuracy": 0.7289
  },
  "90": {
    "cen_loss": 0.8053269572496414,
    "cen_accuracy": 0.7502
  },
  "91": {
    "cen_loss": 0.8281154908418655,
    "cen_accuracy": 0.7344
  },
  "92": {
    "cen_loss": 0.8304564419388771,
    "cen_accuracy": 0.74
  },
  "93": {
    "cen_loss": 0.8202905158400535,
    "cen_accuracy": 0.7477
  },
  "94": {
    "cen_loss": 0.7710732658624649,
    "cen_accuracy": 0.7518
  },
  "95": {
    "cen_loss": 0.7793966997206211,
    "cen_accuracy": 0.7516
  },
  "96": {
    "cen_loss": 0.8017253128528595,
    "cen_accuracy": 0.7436
  },
  "97": {
    "cen_loss": 0.7951377404332161,
    "cen_accuracy": 0.7528
  },
  "98": {
    "cen_loss": 0.7675929560780526,
    "cen_accuracy": 0.7527
  },
  "99": {
    "cen_loss": 0.8027401739120483,
    "cen_accuracy": 0.7438
  },
  "100": {
    "cen_loss": 0.7898345130562783,
    "cen_accuracy": 0.7565
  },
  "101": {
    "cen_loss": 0.7313005251646042,
    "cen_accuracy": 0.7706
  }
}