{
  "0": {
    "cen_loss": 2.305758638858795,
    "cen_accuracy": 0.09625
  },
  "1": {
    "cen_loss": 2.305758638858795,
    "cen_accuracy": 0.09625
  }
}