{
  "2": {
    "total_mJ": 949435734.5595733,
    "total_ceq": 97.22629327183515,
    "num_expired_thresh": 0,
    "num_depleted": 0,
    "num_transmited_bytes": 3968384
  }
}