{
  "0": {
    "cen_loss": 2.302689696788788,
    "cen_accuracy": 0.100875
  },
  "1": {
    "cen_loss": 2.302689696788788,
    "cen_accuracy": 0.100875
  }
}