{
  "0": {
    "cen_loss": 2.303392876815796,
    "cen_accuracy": 0.1
  },
  "1": {
    "cen_loss": 2.303392876815796,
    "cen_accuracy": 0.1
  },
  "2": {
    "cen_loss": 2.80539519405365,
    "cen_accuracy": 0.1001
  },
  "3": {
    "cen_loss": 2.2547023286819456,
    "cen_accuracy": 0.1908
  },
  "4": {
    "cen_loss": 1.9486624822616576,
    "cen_accuracy": 0.2806
  },
  "5": {
    "cen_loss": 2.3377676446914673,
    "cen_accuracy": 0.2626
  },
  "6": {
    "cen_loss": 2.269814116668701,
    "cen_accuracy": 0.2959
  },
  "7": {
    "cen_loss": 1.9222657819747926,
    "cen_accuracy": 0.3299
  },
  "8": {
    "cen_loss": 1.8923204446792603,
    "cen_accuracy": 0.3481
  },
  "9": {
    "cen_loss": 1.8678180027008056,
    "cen_accuracy": 0.3939
  },
  "10": {
    "cen_loss": 1.8671090223312379,
    "cen_accuracy": 0.3938
  },
  "11": {
    "cen_loss": 1.7858684540748597,
    "cen_accuracy": 0.404
  },
  "12": {
    "cen_loss": 1.6820131366729736,
    "cen_accuracy": 0.4185
  },
  "13": {
    "cen_loss": 2.0838157076835633,
    "cen_accuracy": 0.3519
  },
  "14": {
    "cen_loss": 2.0433146870613097,
    "cen_accuracy": 0.3747
  },
  "15": {
    "cen_loss": 1.905021990299225,
    "cen_accuracy": 0.3875
  },
  "16": {
    "cen_loss": 1.8716607682228088,
    "cen_accuracy": 0.41
  },
  "17": {
    "cen_loss": 2.0265200607299803,
    "cen_accuracy": 0.3768
  },
  "18": {
    "cen_loss": 2.324439575958252,
    "cen_accuracy": 0.3756
  },
  "19": {
    "cen_loss": 2.015009160041809,
    "cen_accuracy": 0.3854
  },
  "20": {
    "cen_loss": 2.0150091727256774,
    "cen_accuracy": 0.3854
  },
  "21": {
    "cen_loss": 2.0326964289665224,
    "cen_accuracy": 0.3818
  },
  "22": {
    "cen_loss": 2.5277229486465456,
    "cen_accuracy": 0.3408
  },
  "23": {
    "cen_loss": 2.157479486274719,
    "cen_accuracy": 0.3775
  },
  "24": {
    "cen_loss": 3.202266648864746,
    "cen_accuracy": 0.2904
  },
  "25": {
    "cen_loss": 2.2349064308166504,
    "cen_accuracy": 0.3502
  },
  "26": {
    "cen_loss": 2.016471994590759,
    "cen_accuracy": 0.3903
  },
  "27": {
    "cen_loss": 3.011404919242859,
    "cen_accuracy": 0.2926
  },
  "28": {
    "cen_loss": 1.9450058617591859,
    "cen_accuracy": 0.4162
  },
  "29": {
    "cen_loss": 2.387519562149048,
    "cen_accuracy": 0.3714
  },
  "30": {
    "cen_loss": 2.387519542217255,
    "cen_accuracy": 0.3714
  },
  "31": {
    "cen_loss": 2.2277983781814577,
    "cen_accuracy": 0.3645
  },
  "32": {
    "cen_loss": 2.5113938576698303,
    "cen_accuracy": 0.381
  },
  "33": {
    "cen_loss": 2.11432736415863,
    "cen_accuracy": 0.3631
  },
  "34": {
    "cen_loss": 2.33772397480011,
    "cen_accuracy": 0.3498
  },
  "35": {
    "cen_loss": 2.6508672410964964,
    "cen_accuracy": 0.3482
  },
  "36": {
    "cen_loss": 2.1339750469207766,
    "cen_accuracy": 0.3728
  },
  "37": {
    "cen_loss": 1.779313427734375,
    "cen_accuracy": 0.4407
  },
  "38": {
    "cen_loss": 1.996863120174408,
    "cen_accuracy": 0.4391
  },
  "39": {
    "cen_loss": 2.65595341796875,
    "cen_accuracy": 0.3888
  },
  "40": {
    "cen_loss": 2.6559534521102903,
    "cen_accuracy": 0.3888
  },
  "41": {
    "cen_loss": 1.8917406617164612,
    "cen_accuracy": 0.4365
  },
  "42": {
    "cen_loss": 2.1221202877044676,
    "cen_accuracy": 0.3906
  },
  "43": {
    "cen_loss": 2.332890436172485,
    "cen_accuracy": 0.3676
  },
  "44": {
    "cen_loss": 2.1499021046638487,
    "cen_accuracy": 0.3958
  },
  "45": {
    "cen_loss": 2.1079333738327026,
    "cen_accuracy": 0.4417
  },
  "46": {
    "cen_loss": 2.153840019130707,
    "cen_accuracy": 0.3977
  },
  "47": {
    "cen_loss": 2.0561926568984985,
    "cen_accuracy": 0.4145
  },
  "48": {
    "cen_loss": 1.8025211077690124,
    "cen_accuracy": 0.4632
  },
  "49": {
    "cen_loss": 2.29510942773819,
    "cen_accuracy": 0.401
  },
  "50": {
    "cen_loss": 2.29510944480896,
    "cen_accuracy": 0.401
  },
  "51": {
    "cen_loss": 1.933554106092453,
    "cen_accuracy": 0.4441
  },
  "52": {
    "cen_loss": 1.7326315833091737,
    "cen_accuracy": 0.4881
  },
  "53": {
    "cen_loss": 2.355684310054779,
    "cen_accuracy": 0.4008
  },
  "54": {
    "cen_loss": 2.0839647006988526,
    "cen_accuracy": 0.3779
  },
  "55": {
    "cen_loss": 2.863819823074341,
    "cen_accuracy": 0.324
  },
  "56": {
    "cen_loss": 2.1431943400382996,
    "cen_accuracy": 0.4178
  },
  "57": {
    "cen_loss": 1.8274617169380187,
    "cen_accuracy": 0.4652
  },
  "58": {
    "cen_loss": 2.380366641998291,
    "cen_accuracy": 0.3782
  },
  "59": {
    "cen_loss": 2.1696649467468263,
    "cen_accuracy": 0.4288
  },
  "60": {
    "cen_loss": 2.169664912891388,
    "cen_accuracy": 0.4288
  },
  "61": {
    "cen_loss": 2.2553850692749022,
    "cen_accuracy": 0.3874
  },
  "62": {
    "cen_loss": 1.8731964449882508,
    "cen_accuracy": 0.4435
  },
  "63": {
    "cen_loss": 2.456172974205017,
    "cen_accuracy": 0.4001
  },
  "64": {
    "cen_loss": 2.031785929775238,
    "cen_accuracy": 0.4298
  },
  "65": {
    "cen_loss": 2.276708632469177,
    "cen_accuracy": 0.3934
  },
  "66": {
    "cen_loss": 1.8209648130416871,
    "cen_accuracy": 0.4453
  },
  "67": {
    "cen_loss": 2.3347399784088134,
    "cen_accuracy": 0.3948
  },
  "68": {
    "cen_loss": 1.9336570218086242,
    "cen_accuracy": 0.4178
  },
  "69": {
    "cen_loss": 2.4038541251182557,
    "cen_accuracy": 0.3997
  },
  "70": {
    "cen_loss": 2.40385413646698,
    "cen_accuracy": 0.3997
  },
  "71": {
    "cen_loss": 3.4460938776016237,
    "cen_accuracy": 0.3272
  },
  "72": {
    "cen_loss": 3.17555201587677,
    "cen_accuracy": 0.3319
  },
  "73": {
    "cen_loss": 1.9373617079734802,
    "cen_accuracy": 0.4383
  },
  "74": {
    "cen_loss": 1.8979387733459472,
    "cen_accuracy": 0.4464
  },
  "75": {
    "cen_loss": 1.9526128365516662,
    "cen_accuracy": 0.4288
  },
  "76": {
    "cen_loss": 3.010476011657715,
    "cen_accuracy": 0.3554
  },
  "77": {
    "cen_loss": 3.31878184967041,
    "cen_accuracy": 0.3354
  },
  "78": {
    "cen_loss": 2.3062510875701903,
    "cen_accuracy": 0.3975
  },
  "79": {
    "cen_loss": 2.674840876197815,
    "cen_accuracy": 0.3429
  },
  "80": {
    "cen_loss": 2.674840862464905,
    "cen_accuracy": 0.3429
  },
  "81": {
    "cen_loss": 1.765164634513855,
    "cen_accuracy": 0.463
  },
  "82": {
    "cen_loss": 2.449709800720215,
    "cen_accuracy": 0.3837
  },
  "83": {
    "cen_loss": 2.7771602787017824,
    "cen_accuracy": 0.3569
  },
  "84": {
    "cen_loss": 2.7903484312057496,
    "cen_accuracy": 0.363
  },
  "85": {
    "cen_loss": 2.204269614982605,
    "cen_accuracy": 0.4122
  },
  "86": {
    "cen_loss": 2.7644415341377258,
    "cen_accuracy": 0.3876
  },
  "87": {
    "cen_loss": 2.2547715766906737,
    "cen_accuracy": 0.4061
  },
  "88": {
    "cen_loss": 3.540373143577576,
    "cen_accuracy": 0.3327
  },
  "89": {
    "cen_loss": 2.393701643848419,
    "cen_accuracy": 0.3766
  },
  "90": {
    "cen_loss": 2.3937016757011413,
    "cen_accuracy": 0.3766
  },
  "91": {
    "cen_loss": 1.9328130288124084,
    "cen_accuracy": 0.4278
  },
  "92": {
    "cen_loss": 1.9228163753509522,
    "cen_accuracy": 0.4263
  },
  "93": {
    "cen_loss": 2.631592855548859,
    "cen_accuracy": 0.3646
  },
  "94": {
    "cen_loss": 2.1626353932380677,
    "cen_accuracy": 0.4151
  },
  "95": {
    "cen_loss": 1.8321238414287566,
    "cen_accuracy": 0.4657
  },
  "96": {
    "cen_loss": 2.198909636592865,
    "cen_accuracy": 0.4223
  },
  "97": {
    "cen_loss": 2.8786989020347593,
    "cen_accuracy": 0.3723
  },
  "98": {
    "cen_loss": 2.543879594326019,
    "cen_accuracy": 0.3667
  },
  "99": {
    "cen_loss": 1.9548530714988708,
    "cen_accuracy": 0.4248
  },
  "100": {
    "cen_loss": 1.9548530517578124,
    "cen_accuracy": 0.4248
  },
  "101": {
    "cen_loss": 2.27740098028183,
    "cen_accuracy": 0.4363
  }
}