{
  "0": {
    "cen_loss": 2.3026429710388183,
    "cen_accuracy": 0.100125
  },
  "1": {
    "cen_loss": 2.3026429710388183,
    "cen_accuracy": 0.100125
  },
  "2": {
    "cen_loss": 2.3502768459320067,
    "cen_accuracy": 0.100375
  },
  "3": {
    "cen_loss": 2.4558212852478025,
    "cen_accuracy": 0.101375
  },
  "4": {
    "cen_loss": 2.4960820198059084,
    "cen_accuracy": 0.1
  },
  "5": {
    "cen_loss": 2.9185253829956053,
    "cen_accuracy": 0.099875
  },
  "6": {
    "cen_loss": 2.908254482269287,
    "cen_accuracy": 0.100375
  },
  "7": {
    "cen_loss": 3.0320147495269776,
    "cen_accuracy": 0.099875
  },
  "8": {
    "cen_loss": 3.14195369720459,
    "cen_accuracy": 0.1185
  },
  "9": {
    "cen_loss": 2.541310838699341,
    "cen_accuracy": 0.148
  },
  "10": {
    "cen_loss": 1.8234967975616454,
    "cen_accuracy": 0.308625
  },
  "11": {
    "cen_loss": 1.8234967975616454,
    "cen_accuracy": 0.308625
  },
  "12": {
    "cen_loss": 2.1243265495300294,
    "cen_accuracy": 0.238375
  },
  "13": {
    "cen_loss": 2.0908294229507445,
    "cen_accuracy": 0.23075
  },
  "14": {
    "cen_loss": 1.8984819669723512,
    "cen_accuracy": 0.28975
  },
  "15": {
    "cen_loss": 1.8893915405273438,
    "cen_accuracy": 0.344625
  },
  "16": {
    "cen_loss": 1.9051197147369385,
    "cen_accuracy": 0.35375
  },
  "17": {
    "cen_loss": 1.7210923061370849,
    "cen_accuracy": 0.371875
  },
  "18": {
    "cen_loss": 1.6751761837005614,
    "cen_accuracy": 0.413875
  },
  "19": {
    "cen_loss": 1.7421379222869873,
    "cen_accuracy": 0.4125
  },
  "20": {
    "cen_loss": 1.8529666328430177,
    "cen_accuracy": 0.437625
  },
  "21": {
    "cen_loss": 1.732686005592346,
    "cen_accuracy": 0.41825
  },
  "22": {
    "cen_loss": 1.6641552696228028,
    "cen_accuracy": 0.44225
  },
  "23": {
    "cen_loss": 1.8071842031478882,
    "cen_accuracy": 0.439
  },
  "24": {
    "cen_loss": 1.6285925559997558,
    "cen_accuracy": 0.45925
  },
  "25": {
    "cen_loss": 1.6108578090667725,
    "cen_accuracy": 0.473375
  },
  "26": {
    "cen_loss": 1.5873759164810182,
    "cen_accuracy": 0.479875
  },
  "27": {
    "cen_loss": 1.5742765064239501,
    "cen_accuracy": 0.4805
  },
  "28": {
    "cen_loss": 1.6308029336929322,
    "cen_accuracy": 0.48625
  },
  "29": {
    "cen_loss": 1.6069954023361206,
    "cen_accuracy": 0.489375
  },
  "30": {
    "cen_loss": 1.7504333209991456,
    "cen_accuracy": 0.501875
  },
  "31": {
    "cen_loss": 1.6165722227096557,
    "cen_accuracy": 0.493875
  },
  "32": {
    "cen_loss": 1.6669973602294923,
    "cen_accuracy": 0.487625
  },
  "33": {
    "cen_loss": 1.5776004104614259,
    "cen_accuracy": 0.50175
  },
  "34": {
    "cen_loss": 1.5798467950820922,
    "cen_accuracy": 0.502625
  },
  "35": {
    "cen_loss": 1.5468123416900634,
    "cen_accuracy": 0.510625
  },
  "36": {
    "cen_loss": 1.5471927723884582,
    "cen_accuracy": 0.5225
  },
  "37": {
    "cen_loss": 1.5791680974960327,
    "cen_accuracy": 0.505875
  },
  "38": {
    "cen_loss": 1.6775657596588134,
    "cen_accuracy": 0.501375
  },
  "39": {
    "cen_loss": 1.468471574306488,
    "cen_accuracy": 0.5425
  },
  "40": {
    "cen_loss": 1.7156283016204834,
    "cen_accuracy": 0.53775
  },
  "41": {
    "cen_loss": 1.5230683937072753,
    "cen_accuracy": 0.532875
  },
  "42": {
    "cen_loss": 1.6322666788101197,
    "cen_accuracy": 0.519125
  },
  "43": {
    "cen_loss": 1.5545826940536498,
    "cen_accuracy": 0.526375
  },
  "44": {
    "cen_loss": 1.5235647649765014,
    "cen_accuracy": 0.5455
  },
  "45": {
    "cen_loss": 1.4837259430885315,
    "cen_accuracy": 0.550625
  },
  "46": {
    "cen_loss": 1.4873020648956299,
    "cen_accuracy": 0.547625
  },
  "47": {
    "cen_loss": 1.4701029996871948,
    "cen_accuracy": 0.536375
  },
  "48": {
    "cen_loss": 1.4535017867088318,
    "cen_accuracy": 0.56025
  },
  "49": {
    "cen_loss": 1.4790364203453064,
    "cen_accuracy": 0.55275
  },
  "50": {
    "cen_loss": 1.6347028150558471,
    "cen_accuracy": 0.558625
  },
  "51": {
    "cen_loss": 1.4591038975715638,
    "cen_accuracy": 0.557
  },
  "52": {
    "cen_loss": 1.4986628942489624,
    "cen_accuracy": 0.541
  },
  "53": {
    "cen_loss": 1.4412844729423524,
    "cen_accuracy": 0.558125
  },
  "54": {
    "cen_loss": 1.4628783330917359,
    "cen_accuracy": 0.557125
  },
  "55": {
    "cen_loss": 1.5212761631011964,
    "cen_accuracy": 0.543625
  },
  "56": {
    "cen_loss": 1.4069665203094481,
    "cen_accuracy": 0.564125
  },
  "57": {
    "cen_loss": 1.469203245162964,
    "cen_accuracy": 0.5525
  },
  "58": {
    "cen_loss": 1.408263291835785,
    "cen_accuracy": 0.57075
  },
  "59": {
    "cen_loss": 1.3790132303237914,
    "cen_accuracy": 0.575125
  },
  "60": {
    "cen_loss": 1.537323220729828,
    "cen_accuracy": 0.579625
  },
  "61": {
    "cen_loss": 1.3890779614448547,
    "cen_accuracy": 0.57325
  },
  "62": {
    "cen_loss": 1.4038174886703492,
    "cen_accuracy": 0.581375
  },
  "63": {
    "cen_loss": 1.506952714920044,
    "cen_accuracy": 0.5535
  },
  "64": {
    "cen_loss": 1.4190712971687316,
    "cen_accuracy": 0.570125
  },
  "65": {
    "cen_loss": 1.4551443810462952,
    "cen_accuracy": 0.571625
  },
  "66": {
    "cen_loss": 1.414467885017395,
    "cen_accuracy": 0.575625
  },
  "67": {
    "cen_loss": 1.3999529762268066,
    "cen_accuracy": 0.586
  },
  "68": {
    "cen_loss": 1.366477388381958,
    "cen_accuracy": 0.585375
  },
  "69": {
    "cen_loss": 1.4114921526908875,
    "cen_accuracy": 0.581375
  },
  "70": {
    "cen_loss": 1.589546233177185,
    "cen_accuracy": 0.58575
  },
  "71": {
    "cen_loss": 1.3545930995941162,
    "cen_accuracy": 0.5865
  },
  "72": {
    "cen_loss": 1.4233925313949585,
    "cen_accuracy": 0.57975
  },
  "73": {
    "cen_loss": 1.3971577944755553,
    "cen_accuracy": 0.585875
  },
  "74": {
    "cen_loss": 1.427929141521454,
    "cen_accuracy": 0.582875
  },
  "75": {
    "cen_loss": 1.4073381390571593,
    "cen_accuracy": 0.585
  },
  "76": {
    "cen_loss": 1.4764889211654664,
    "cen_accuracy": 0.581125
  },
  "77": {
    "cen_loss": 1.575711799621582,
    "cen_accuracy": 0.552875
  },
  "78": {
    "cen_loss": 1.4828460803031922,
    "cen_accuracy": 0.572375
  },
  "79": {
    "cen_loss": 1.4464923095703126,
    "cen_accuracy": 0.5695
  },
  "80": {
    "cen_loss": 1.7715929012298584,
    "cen_accuracy": 0.543875
  },
  "81": {
    "cen_loss": 1.3545725626945495,
    "cen_accuracy": 0.59175
  },
  "82": {
    "cen_loss": 1.4382435326576233,
    "cen_accuracy": 0.58075
  },
  "83": {
    "cen_loss": 1.4173904886245727,
    "cen_accuracy": 0.577875
  },
  "84": {
    "cen_loss": 1.3421334314346314,
    "cen_accuracy": 0.60125
  },
  "85": {
    "cen_loss": 1.3268836455345154,
    "cen_accuracy": 0.596
  },
  "86": {
    "cen_loss": 1.3288333873748779,
    "cen_accuracy": 0.603375
  },
  "87": {
    "cen_loss": 1.388869291305542,
    "cen_accuracy": 0.58875
  },
  "88": {
    "cen_loss": 1.3923338780403136,
    "cen_accuracy": 0.589375
  },
  "89": {
    "cen_loss": 1.3762456784248351,
    "cen_accuracy": 0.591125
  },
  "90": {
    "cen_loss": 1.5940131907463073,
    "cen_accuracy": 0.584125
  },
  "91": {
    "cen_loss": 1.3778377289772035,
    "cen_accuracy": 0.5875
  },
  "92": {
    "cen_loss": 1.3629423580169677,
    "cen_accuracy": 0.604625
  },
  "93": {
    "cen_loss": 1.366358678817749,
    "cen_accuracy": 0.598875
  },
  "94": {
    "cen_loss": 1.3862844457626342,
    "cen_accuracy": 0.587
  },
  "95": {
    "cen_loss": 1.346753213405609,
    "cen_accuracy": 0.593625
  },
  "96": {
    "cen_loss": 1.2615939912796021,
    "cen_accuracy": 0.617
  },
  "97": {
    "cen_loss": 1.295253019809723,
    "cen_accuracy": 0.613375
  },
  "98": {
    "cen_loss": 1.3359873051643372,
    "cen_accuracy": 0.60225
  },
  "99": {
    "cen_loss": 1.316922538280487,
    "cen_accuracy": 0.60725
  },
  "100": {
    "cen_loss": 1.5603430004119874,
    "cen_accuracy": 0.591625
  },