{
  "0": {
    "cen_loss": 2.3027744300842286,
    "cen_accuracy": 0.1
  },
  "1": {
    "cen_loss": 2.3027744300842286,
    "cen_accuracy": 0.1
  },
  "2": {
    "cen_loss": 3.326875601577759,
    "cen_accuracy": 0.1
  },
  "3": {
    "cen_loss": 7.655035221099854,
    "cen_accuracy": 0.1
  },
  "4": {
    "cen_loss": 7.136364619445801,
    "cen_accuracy": 0.1
  },
  "5": {
    "cen_loss": 6.191152122116089,
    "cen_accuracy": 0.1004
  },
  "6": {
    "cen_loss": 6.991398096084595,
    "cen_accuracy": 0.1
  },
  "7": {
    "cen_loss": 6.558708027267456,
    "cen_accuracy": 0.107
  },
  "8": {
    "cen_loss": 6.422956598281861,
    "cen_accuracy": 0.1009
  },
  "9": {
    "cen_loss": 6.953564183425903,
    "cen_accuracy": 0.1023
  },
  "10": {
    "cen_loss": 5.543027721405029,
    "cen_accuracy": 0.1213
  },
  "11": {
    "cen_loss": 4.965175967407227,
    "cen_accuracy": 0.1422
  },
  "12": {
    "cen_loss": 3.6655205673217774,
    "cen_accuracy": 0.1692
  },
  "13": {
    "cen_loss": 3.2356820554733274,
    "cen_accuracy": 0.208
  },
  "14": {
    "cen_loss": 2.8608896646499633,
    "cen_accuracy": 0.2394
  },
  "15": {
    "cen_loss": 2.408414463806152,
    "cen_accuracy": 0.3087
  },
  "16": {
    "cen_loss": 1.9223331373214723,
    "cen_accuracy": 0.4058
  },
  "17": {
    "cen_loss": 1.7051602135658264,
    "cen_accuracy": 0.4537
  },
  "18": {
    "cen_loss": 1.5347349977493285,
    "cen_accuracy": 0.4944
  },
  "19": {
    "cen_loss": 1.3817224859237671,
    "cen_accuracy": 0.5391
  },
  "20": {
    "cen_loss": 1.4881616028785705,
    "cen_accuracy": 0.5259
  },
  "21": {
    "cen_loss": 1.431508304452896,
    "cen_accuracy": 0.547
  },
  "22": {
    "cen_loss": 1.1325567567110062,
    "cen_accuracy": 0.6267
  },
  "23": {
    "cen_loss": 1.1733403443813324,
    "cen_accuracy": 0.6155
  },
  "24": {
    "cen_loss": 1.057154380750656,
    "cen_accuracy": 0.6455
  },
  "25": {
    "cen_loss": 1.0699239614009857,
    "cen_accuracy": 0.6504
  },
  "26": {
    "cen_loss": 1.090280182814598,
    "cen_accuracy": 0.6493
  },
  "27": {
    "cen_loss": 1.0388513357162477,
    "cen_accuracy": 0.6568
  },
  "28": {
    "cen_loss": 1.046554084444046,
    "cen_accuracy": 0.6608
  },
  "29": {
    "cen_loss": 1.004440696835518,
    "cen_accuracy": 0.6723
  },
  "30": {
    "cen_loss": 1.0372627401351928,
    "cen_accuracy": 0.669
  },
  "31": {
    "cen_loss": 0.9934738999605179,
    "cen_accuracy": 0.6817
  },
  "32": {
    "cen_loss": 1.0066325152635573,
    "cen_accuracy": 0.679
  },
  "33": {
    "cen_loss": 1.0045717339515685,
    "cen_accuracy": 0.6789
  },
  "34": {
    "cen_loss": 0.976039296579361,
    "cen_accuracy": 0.689
  },
  "35": {
    "cen_loss": 0.966442002773285,
    "cen_accuracy": 0.6901
  },
  "36": {
    "cen_loss": 0.9374747384190559,
    "cen_accuracy": 0.7016
  },
  "37": {
    "cen_loss": 0.9296895799160003,
    "cen_accuracy": 0.7045
  },
  "38": {
    "cen_loss": 0.8967989753961563,
    "cen_accuracy": 0.7136
  },
  "39": {
    "cen_loss": 0.9597718785047531,
    "cen_accuracy": 0.6976
  },
  "40": {
    "cen_loss": 0.8808670963943005,
    "cen_accuracy": 0.7226
  },
  "41": {
    "cen_loss": 0.8842521982192993,
    "cen_accuracy": 0.7189
  },
  "42": {
    "cen_loss": 0.893675589632988,
    "cen_accuracy": 0.7224
  },
  "43": {
    "cen_loss": 0.8670767251312733,
    "cen_accuracy": 0.7292
  },
  "44": {
    "cen_loss": 0.893955136013031,
    "cen_accuracy": 0.7196
  },
  "45": {
    "cen_loss": 0.9241298373222351,
    "cen_accuracy": 0.718
  },
  "46": {
    "cen_loss": 0.8687295718789101,
    "cen_accuracy": 0.7265
  },
  "47": {
    "cen_loss": 0.8902386264801025,
    "cen_accuracy": 0.7182
  },
  "48": {
    "cen_loss": 0.9025285628557205,
    "cen_accuracy": 0.7158
  },
  "49": {
    "cen_loss": 0.8359587253570556,
    "cen_accuracy": 0.7308
  },
  "50": {
    "cen_loss": 0.8961853273510932,
    "cen_accuracy": 0.7257
  },
  "51": {
    "cen_loss": 0.8641166459918023,
    "cen_accuracy": 0.7324
  },
  "52": {
    "cen_loss": 0.8689691171050071,
    "cen_accuracy": 0.7305
  },
  "53": {
    "cen_loss": 0.8492273428559304,
    "cen_accuracy": 0.7342
  },
  "54": {
    "cen_loss": 0.8258047934532166,
    "cen_accuracy": 0.7448
  },
  "55": {
    "cen_loss": 0.8122471267461777,
    "cen_accuracy": 0.7443
  },
  "56": {
    "cen_loss": 0.848169088947773,
    "cen_accuracy": 0.7351
  },
  "57": {
    "cen_loss": 0.797678144955635,
    "cen_accuracy": 0.7455
  },
  "58": {
    "cen_loss": 0.8273230513572692,
    "cen_accuracy": 0.7475
  },
  "59": {
    "cen_loss": 0.8308959802150726,
    "cen_accuracy": 0.7466
  },
  "60": {
    "cen_loss": 0.8068161439538002,
    "cen_accuracy": 0.749
  },
  "61": {
    "cen_loss": 0.7967673011541366,
    "cen_accuracy": 0.7472
  },
  "62": {
    "cen_loss": 0.8206376367092133,
    "cen_accuracy": 0.747
  },
  "63": {
    "cen_loss": 0.8552581236958504,
    "cen_accuracy": 0.7423
  },
  "64": {
    "cen_loss": 0.8134050341010094,
    "cen_accuracy": 0.7523
  },
  "65": {
    "cen_loss": 0.792872913724184,
    "cen_accuracy": 0.7569
  },
  "66": {
    "cen_loss": 0.8187662658810616,
    "cen_accuracy": 0.7505
  },
  "67": {
    "cen_loss": 0.8018864302873612,
    "cen_accuracy": 0.7529
  },
  "68": {
    "cen_loss": 0.7961764088600874,
    "cen_accuracy": 0.7523
  },
  "69": {
    "cen_loss": 0.7845701955020428,
    "cen_accuracy": 0.7632
  },
  "70": {
    "cen_loss": 0.8219568033397198,
    "cen_accuracy": 0.7478
  },
  "71": {
    "cen_loss": 0.7898895113766193,
    "cen_accuracy": 0.7546
  },
  "72": {
    "cen_loss": 0.8193116342246533,
    "cen_accuracy": 0.7545
  },
  "73": {
    "cen_loss": 0.7848532125532627,
    "cen_accuracy": 0.7615
  },
  "74": {
    "cen_loss": 0.7867910341322422,
    "cen_accuracy": 0.7653
  },
  "75": {
    "cen_loss": 0.7969201522886753,
    "cen_accuracy": 0.7576
  },
  "76": {
    "cen_loss": 0.7765944649100304,
    "cen_accuracy": 0.7665
  },
  "77": {
    "cen_loss": 0.7746622545063495,
    "cen_accuracy": 0.7643
  },
  "78": {
    "cen_loss": 0.8256582964420318,
    "cen_accuracy": 0.759
  },
  "79": {
    "cen_loss": 0.7722318176031112,
    "cen_accuracy": 0.7657
  },
  "80": {
    "cen_loss": 0.7754198453903198,
    "cen_accuracy": 0.7623
  },
  "81": {
    "cen_loss": 0.7572396854281426,
    "cen_accuracy": 0.7679
  },
  "82": {
    "cen_loss": 0.7488072946250439,
    "cen_accuracy": 0.7713
  },
  "83": {
    "cen_loss": 0.753880043900013,
    "cen_accuracy": 0.7689
  },
  "84": {
    "cen_loss": 0.7574426257014275,
    "cen_accuracy": 0.7689
  },
  "85": {
    "cen_loss": 0.7544258397340775,
    "cen_accuracy": 0.7747
  },
  "86": {
    "cen_loss": 0.7627356479108334,
    "cen_accuracy": 0.7739
  },
  "87": {
    "cen_loss": 0.7911791909456253,
    "cen_accuracy": 0.7621
  },
  "88": {
    "cen_loss": 0.7752677832722664,
    "cen_accuracy": 0.7711
  },
  "89": {
    "cen_loss": 0.760388658773899,
    "cen_accuracy": 0.7707
  },
  "90": {
    "cen_loss": 0.7691739641129971,
    "cen_accuracy": 0.7717
  },
  "91": {
    "cen_loss": 0.750945653295517,
    "cen_accuracy": 0.7745
  },
  "92": {
    "cen_loss": 0.7733389032572507,
    "cen_accuracy": 0.7665
  },
  "93": {
    "cen_loss": 0.7548501881957054,
    "cen_accuracy": 0.7693
  },
  "94": {
    "cen_loss": 0.7835861553967,
    "cen_accuracy": 0.7631
  },
  "95": {
    "cen_loss": 0.7535477283596993,
    "cen_accuracy": 0.7747
  },
  "96": {
    "cen_loss": 0.7610521636664868,
    "cen_accuracy": 0.7721
  },
  "97": {
    "cen_loss": 0.7557648562073708,
    "cen_accuracy": 0.779
  },
  "98": {
    "cen_loss": 0.7526267049401999,
    "cen_accuracy": 0.773
  },
  "99": {
    "cen_loss": 0.7419799988329411,
    "cen_accuracy": 0.7768
  },
  "100": {
    "cen_loss": 0.7487470250010491,
    "cen_accuracy": 0.7735
  },
  "101": {
    "cen_loss": 0.7632951907813549,
    "cen_accuracy": 0.7751
  }
}