{
  "0": {
    "cen_loss": 2.3034822883605957,
    "cen_accuracy": 0.1055
  },
  "1": {
    "cen_loss": 2.3034822883605957,
    "cen_accuracy": 0.1055
  },
  "2": {
    "cen_loss": 2.0763168727874755,
    "cen_accuracy": 0.2721
  },
  "3": {
    "cen_loss": 1.6784856986999512,
    "cen_accuracy": 0.3836
  },
  "4": {
    "cen_loss": 1.6492305742263793,
    "cen_accuracy": 0.4267
  },
  "5": {
    "cen_loss": 1.6547493876457213,
    "cen_accuracy": 0.4345
  },
  "6": {
    "cen_loss": 1.677168613433838,
    "cen_accuracy": 0.4559
  },
  "7": {
    "cen_loss": 1.6314342079162598,
    "cen_accuracy": 0.455
  },
  "8": {
    "cen_loss": 1.6616259932518005,
    "cen_accuracy": 0.4539
  },
  "9": {
    "cen_loss": 1.7417013544082642,
    "cen_accuracy": 0.4788
  },
  "10": {
    "cen_loss": 1.7413158007621765,
    "cen_accuracy": 0.4788
  },
  "11": {
    "cen_loss": 1.7293404914855957,
    "cen_accuracy": 0.4736
  },
  "12": {
    "cen_loss": 1.7253334383010863,
    "cen_accuracy": 0.4833
  },
  "13": {
    "cen_loss": 1.6616521226882934,
    "cen_accuracy": 0.4786
  },
  "14": {
    "cen_loss": 1.6202868222236633,
    "cen_accuracy": 0.5093
  },
  "15": {
    "cen_loss": 1.629883081293106,
    "cen_accuracy": 0.5054
  },
  "16": {
    "cen_loss": 1.6803967246055602,
    "cen_accuracy": 0.4896
  },
  "17": {
    "cen_loss": 1.5959931196212769,
    "cen_accuracy": 0.5053
  },
  "18": {
    "cen_loss": 1.7089364483356475,
    "cen_accuracy": 0.5023
  },
  "19": {
    "cen_loss": 1.6733149510860443,
    "cen_accuracy": 0.5122
  },
  "20": {
    "cen_loss": 1.673315073108673,
    "cen_accuracy": 0.5122
  },
  "21": {
    "cen_loss": 1.7577067665100097,
    "cen_accuracy": 0.4977
  },
  "22": {
    "cen_loss": 1.6822718412399291,
    "cen_accuracy": 0.4959
  },
  "23": {
    "cen_loss": 1.6486703879356384,
    "cen_accuracy": 0.5158
  },
  "24": {
    "cen_loss": 1.7270242150306703,
    "cen_accuracy": 0.5092
  },
  "25": {
    "cen_loss": 1.8075752920150756,
    "cen_accuracy": 0.5116
  },
  "26": {
    "cen_loss": 1.6626272549152374,
    "cen_accuracy": 0.5261
  },
  "27": {
    "cen_loss": 1.689806673669815,
    "cen_accuracy": 0.5217
  },
  "28": {
    "cen_loss": 1.7366784818649292,
    "cen_accuracy": 0.5243
  },
  "29": {
    "cen_loss": 1.795090594291687,
    "cen_accuracy": 0.5238
  },
  "30": {
    "cen_loss": 1.7950905635356904,
    "cen_accuracy": 0.5238
  },
  "31": {
    "cen_loss": 1.7625594254493713,
    "cen_accuracy": 0.5212
  },
  "32": {
    "cen_loss": 1.7352965216636658,
    "cen_accuracy": 0.5187
  },
  "33": {
    "cen_loss": 1.7446094851493836,
    "cen_accuracy": 0.5239
  },
  "34": {
    "cen_loss": 1.7303484542846679,
    "cen_accuracy": 0.5256
  },
  "35": {
    "cen_loss": 1.5980529409885407,
    "cen_accuracy": 0.5299
  },
  "36": {
    "cen_loss": 1.6637722207069396,
    "cen_accuracy": 0.53
  },
  "37": {
    "cen_loss": 1.7087836534500123,
    "cen_accuracy": 0.5245
  },
  "38": {
    "cen_loss": 1.708892374944687,
    "cen_accuracy": 0.5229
  },
  "39": {
    "cen_loss": 1.6939045315742494,
    "cen_accuracy": 0.5342
  },
  "40": {
    "cen_loss": 1.6939044810295105,
    "cen_accuracy": 0.5342
  },
  "41": {
    "cen_loss": 1.794765554714203,
    "cen_accuracy": 0.5367
  },
  "42": {
    "cen_loss": 1.7499686601161957,
    "cen_accuracy": 0.5321
  },
  "43": {
    "cen_loss": 1.781460575246811,
    "cen_accuracy": 0.5276
  },
  "44": {
    "cen_loss": 1.6897853362083435,
    "cen_accuracy": 0.5338
  },
  "45": {
    "cen_loss": 1.6972231488227845,
    "cen_accuracy": 0.5338
  },
  "46": {
    "cen_loss": 1.7377099252223969,
    "cen_accuracy": 0.5347
  },
  "47": {
    "cen_loss": 1.6739976944446564,
    "cen_accuracy": 0.5356
  },
  "48": {
    "cen_loss": 1.679615830898285,
    "cen_accuracy": 0.5402
  },
  "49": {
    "cen_loss": 1.694927976322174,
    "cen_accuracy": 0.5428
  },
  "50": {
    "cen_loss": 1.6949280062675476,
    "cen_accuracy": 0.5428
  },
  "51": {
    "cen_loss": 1.8447822532653808,
    "cen_accuracy": 0.5371
  },
  "52": {
    "cen_loss": 1.6916927243709565,
    "cen_accuracy": 0.5464
  },
  "53": {
    "cen_loss": 1.7091532589912415,
    "cen_accuracy": 0.5411
  },
  "54": {
    "cen_loss": 1.7123530609369277,
    "cen_accuracy": 0.5449
  },
  "55": {
    "cen_loss": 1.7266560737133025,
    "cen_accuracy": 0.5508
  },
  "56": {
    "cen_loss": 1.684904170513153,
    "cen_accuracy": 0.5522
  },
  "57": {
    "cen_loss": 1.7013477349281312,
    "cen_accuracy": 0.5371
  },
  "58": {
    "cen_loss": 1.7671374468326568,
    "cen_accuracy": 0.5415
  },
  "59": {
    "cen_loss": 1.745214210510254,
    "cen_accuracy": 0.5438
  },
  "60": {
    "cen_loss": 1.7452142225265503,
    "cen_accuracy": 0.5438
  },
  "61": {
    "cen_loss": 1.744661093854904,
    "cen_accuracy": 0.5523
  },
  "62": {
    "cen_loss": 1.7196793417453766,
    "cen_accuracy": 0.5501
  },
  "63": {
    "cen_loss": 1.8593154176712037,
    "cen_accuracy": 0.5434
  },
  "64": {
    "cen_loss": 1.685706757068634,
    "cen_accuracy": 0.5571
  },
  "65": {
    "cen_loss": 1.7118145688056945,
    "cen_accuracy": 0.5579
  },
  "66": {
    "cen_loss": 1.720227271080017,
    "cen_accuracy": 0.5542
  },
  "67": {
    "cen_loss": 1.744824163866043,
    "cen_accuracy": 0.5486
  },
  "68": {
    "cen_loss": 1.9180320934295654,
    "cen_accuracy": 0.5436
  },
  "69": {
    "cen_loss": 1.7215802619934082,
    "cen_accuracy": 0.5465
  },
  "70": {
    "cen_loss": 1.7215801985263826,
    "cen_accuracy": 0.5465
  },
  "71": {
    "cen_loss": 1.6595116051673888,
    "cen_accuracy": 0.5608
  },
  "72": {
    "cen_loss": 1.747913760614395,
    "cen_accuracy": 0.5514
  },
  "73": {
    "cen_loss": 1.728562225961685,
    "cen_accuracy": 0.5468
  },
  "74": {
    "cen_loss": 1.747589674091339,
    "cen_accuracy": 0.5507
  },
  "75": {
    "cen_loss": 1.750451235961914,
    "cen_accuracy": 0.5478
  },
  "76": {
    "cen_loss": 1.8027362836837768,
    "cen_accuracy": 0.5359
  },
  "77": {
    "cen_loss": 1.7876306169033052,
    "cen_accuracy": 0.5409
  },
  "78": {
    "cen_loss": 1.7854742582321168,
    "cen_accuracy": 0.5435
  },
  "79": {
    "cen_loss": 1.7009023156166077,
    "cen_accuracy": 0.5517
  },
  "80": {
    "cen_loss": 1.7009022508621217,
    "cen_accuracy": 0.5517
  },
  "81": {
    "cen_loss": 1.8119652928352357,
    "cen_accuracy": 0.5409
  },
  "82": {
    "cen_loss": 1.7981607800006867,
    "cen_accuracy": 0.5561
  },
  "83": {
    "cen_loss": 1.7500265794754029,
    "cen_accuracy": 0.5515
  },
  "84": {
    "cen_loss": 1.755644548511505,
    "cen_accuracy": 0.5541
  },
  "85": {
    "cen_loss": 1.8252897908210755,
    "cen_accuracy": 0.5367
  },
  "86": {
    "cen_loss": 1.7860717777252197,
    "cen_accuracy": 0.5516
  },
  "87": {
    "cen_loss": 1.854140198135376,
    "cen_accuracy": 0.5508
  },
  "88": {
    "cen_loss": 1.7315761765480042,
    "cen_accuracy": 0.545
  },
  "89": {
    "cen_loss": 1.6878967474937439,
    "cen_accuracy": 0.5481
  },
  "90": {
    "cen_loss": 1.6878968380928039,
    "cen_accuracy": 0.5481
  },
  "91": {
    "cen_loss": 1.8237721321105957,
    "cen_accuracy": 0.5352
  },
  "92": {
    "cen_loss": 1.7191933526039123,
    "cen_accuracy": 0.5507
  },
  "93": {
    "cen_loss": 1.793271927022934,
    "cen_accuracy": 0.5566
  },
  "94": {
    "cen_loss": 1.8225022183179855,
    "cen_accuracy": 0.544
  },
  "95": {
    "cen_loss": 1.770390697836876,
    "cen_accuracy": 0.5476
  },
  "96": {
    "cen_loss": 1.8293023217201232,
    "cen_accuracy": 0.5389
  },
  "97": {
    "cen_loss": 1.7995226241111755,
    "cen_accuracy": 0.5415
  },
  "98": {
    "cen_loss": 1.83057648730278,
    "cen_accuracy": 0.5464
  },
  "99": {
    "cen_loss": 1.764674319410324,
    "cen_accuracy": 0.5544
  },
  "100": {
    "cen_loss": 1.7646742560386657,
    "cen_accuracy": 0.5544
  },
  "101": {
    "cen_loss": 1.7658895986557006,
    "cen_accuracy": 0.5523
  }
}