{
  "0": {
    "cen_loss": 2.3034822883605957,
    "cen_accuracy": 0.1055
  },
  "1": {
    "cen_loss": 2.3034822883605957,
    "cen_accuracy": 0.1055
  },
  "2": {
    "cen_loss": 2.3696081058502196,
    "cen_accuracy": 0.1
  },
  "3": {
    "cen_loss": 2.052443259048462,
    "cen_accuracy": 0.2766
  },
  "4": {
    "cen_loss": 2.1489495239257814,
    "cen_accuracy": 0.2679
  },
  "5": {
    "cen_loss": 1.9508574811935424,
    "cen_accuracy": 0.2882
  },
  "6": {
    "cen_loss": 1.8155725557327271,
    "cen_accuracy": 0.3554
  },
  "7": {
    "cen_loss": 2.75852993183136,
    "cen_accuracy": 0.278
  },
  "8": {
    "cen_loss": 1.932842487335205,
    "cen_accuracy": 0.3581
  },
  "9": {
    "cen_loss": 2.041277800655365,
    "cen_accuracy": 0.3726
  },
  "10": {
    "cen_loss": 2.0384571157455444,
    "cen_accuracy": 0.3728
  },
  "11": {
    "cen_loss": 1.862522982788086,
    "cen_accuracy": 0.3812
  },
  "12": {
    "cen_loss": 2.730871494102478,
    "cen_accuracy": 0.2676
  },
  "13": {
    "cen_loss": 2.3026309991836547,
    "cen_accuracy": 0.3087
  },
  "14": {
    "cen_loss": 2.6310957132339476,
    "cen_accuracy": 0.268
  },
  "15": {
    "cen_loss": 1.8213634366989135,
    "cen_accuracy": 0.4009
  },
  "16": {
    "cen_loss": 2.047661667251587,
    "cen_accuracy": 0.3691
  },
  "17": {
    "cen_loss": 2.102125499534607,
    "cen_accuracy": 0.3529
  },
  "18": {
    "cen_loss": 2.0729168177604675,
    "cen_accuracy": 0.3584
  },
  "19": {
    "cen_loss": 2.591983080291748,
    "cen_accuracy": 0.3586
  },
  "20": {
    "cen_loss": 2.591983146381378,
    "cen_accuracy": 0.3586
  },
  "21": {
    "cen_loss": 2.285407068824768,
    "cen_accuracy": 0.3755
  },
  "22": {
    "cen_loss": 2.2801991022109984,
    "cen_accuracy": 0.359
  },
  "23": {
    "cen_loss": 1.9157953848838807,
    "cen_accuracy": 0.3849
  },
  "24": {
    "cen_loss": 3.2183860570907594,
    "cen_accuracy": 0.3052
  },
  "25": {
    "cen_loss": 1.92131234292984,
    "cen_accuracy": 0.4148
  },
  "26": {
    "cen_loss": 2.1035837178230286,
    "cen_accuracy": 0.3877
  },
  "27": {
    "cen_loss": 2.0244985171318053,
    "cen_accuracy": 0.3997
  },
  "28": {
    "cen_loss": 2.512332196235657,
    "cen_accuracy": 0.3591
  },
  "29": {
    "cen_loss": 2.051681708717346,
    "cen_accuracy": 0.4001
  },
  "30": {
    "cen_loss": 2.0516817078590392,
    "cen_accuracy": 0.4001
  },
  "31": {
    "cen_loss": 2.3225866543769835,
    "cen_accuracy": 0.3995
  },
  "32": {
    "cen_loss": 2.0502391481399536,
    "cen_accuracy": 0.4184
  },
  "33": {
    "cen_loss": 2.072274354362488,
    "cen_accuracy": 0.3829
  },
  "34": {
    "cen_loss": 1.823013656425476,
    "cen_accuracy": 0.4414
  },
  "35": {
    "cen_loss": 2.0989129929542543,
    "cen_accuracy": 0.3764
  },
  "36": {
    "cen_loss": 2.5592878622055055,
    "cen_accuracy": 0.3495
  },
  "37": {
    "cen_loss": 2.597331337738037,
    "cen_accuracy": 0.3351
  },
  "38": {
    "cen_loss": 1.9644626404762269,
    "cen_accuracy": 0.4045
  },
  "39": {
    "cen_loss": 2.4036591112136843,
    "cen_accuracy": 0.3416
  },
  "40": {
    "cen_loss": 2.403659067726135,
    "cen_accuracy": 0.3416
  },
  "41": {
    "cen_loss": 2.0111956483840943,
    "cen_accuracy": 0.4109
  },
  "42": {
    "cen_loss": 1.931000873184204,
    "cen_accuracy": 0.4199
  },
  "43": {
    "cen_loss": 1.8528686443328857,
    "cen_accuracy": 0.4482
  },
  "44": {
    "cen_loss": 1.774042025756836,
    "cen_accuracy": 0.4493
  },
  "45": {
    "cen_loss": 2.306794493865967,
    "cen_accuracy": 0.3738
  },
  "46": {
    "cen_loss": 2.1472262471199035,
    "cen_accuracy": 0.4053
  },
  "47": {
    "cen_loss": 1.8475971070289612,
    "cen_accuracy": 0.4582
  },
  "48": {
    "cen_loss": 2.2834017048835755,
    "cen_accuracy": 0.4197
  },
  "49": {
    "cen_loss": 2.3128935220718385,
    "cen_accuracy": 0.393
  },
  "50": {
    "cen_loss": 2.3128935448646546,
    "cen_accuracy": 0.393
  },
  "51": {
    "cen_loss": 2.7317210693359373,
    "cen_accuracy": 0.3232
  },
  "52": {
    "cen_loss": 1.9846206016540526,
    "cen_accuracy": 0.4228
  },
  "53": {
    "cen_loss": 2.2246971254348753,
    "cen_accuracy": 0.3999
  },
  "54": {
    "cen_loss": 2.362643344402313,
    "cen_accuracy": 0.3705
  },
  "55": {
    "cen_loss": 2.2569599020957947,
    "cen_accuracy": 0.3752
  },
  "56": {
    "cen_loss": 2.044584983062744,
    "cen_accuracy": 0.3999
  },
  "57": {
    "cen_loss": 2.1456460144996643,
    "cen_accuracy": 0.4203
  },
  "58": {
    "cen_loss": 1.8240855212211609,
    "cen_accuracy": 0.4774
  },
  "59": {
    "cen_loss": 2.4183547895431516,
    "cen_accuracy": 0.3957
  },
  "60": {
    "cen_loss": 2.4183547986984255,
    "cen_accuracy": 0.3957
  },
  "61": {
    "cen_loss": 1.8939940667152404,
    "cen_accuracy": 0.4459
  },
  "62": {
    "cen_loss": 2.293623489379883,
    "cen_accuracy": 0.3815
  },
  "63": {
    "cen_loss": 2.150031487941742,
    "cen_accuracy": 0.4216
  },
  "64": {
    "cen_loss": 3.0685630701065065,
    "cen_accuracy": 0.3047
  },
  "65": {
    "cen_loss": 2.1062541079521178,
    "cen_accuracy": 0.4186
  },
  "66": {
    "cen_loss": 2.696482095718384,
    "cen_accuracy": 0.4042
  },
  "67": {
    "cen_loss": 2.0477839247703553,
    "cen_accuracy": 0.4397
  },
  "68": {
    "cen_loss": 2.8323913509368897,
    "cen_accuracy": 0.3716
  },
  "69": {
    "cen_loss": 2.2252644714355467,
    "cen_accuracy": 0.379
  },
  "70": {
    "cen_loss": 2.2252645394325254,
    "cen_accuracy": 0.379
  },
  "71": {
    "cen_loss": 1.8405208154678345,
    "cen_accuracy": 0.4657
  },
  "72": {
    "cen_loss": 2.0415368757247925,
    "cen_accuracy": 0.417
  },
  "73": {
    "cen_loss": 1.9254034441947938,
    "cen_accuracy": 0.4552
  },
  "74": {
    "cen_loss": 2.7231194778442385,
    "cen_accuracy": 0.3578
  },
  "75": {
    "cen_loss": 2.2710513816833497,
    "cen_accuracy": 0.4411
  },
  "76": {
    "cen_loss": 1.9761676783561706,
    "cen_accuracy": 0.4293
  },
  "77": {
    "cen_loss": 2.023129788017273,
    "cen_accuracy": 0.4383
  },
  "78": {
    "cen_loss": 1.8488088883399962,
    "cen_accuracy": 0.4416
  },
  "79": {
    "cen_loss": 2.0400335458755494,
    "cen_accuracy": 0.4405
  },
  "80": {
    "cen_loss": 2.040033463764191,
    "cen_accuracy": 0.4405
  },
  "81": {
    "cen_loss": 1.9640206482887268,
    "cen_accuracy": 0.4514
  },
  "82": {
    "cen_loss": 2.5750358410835266,
    "cen_accuracy": 0.3629
  },
  "83": {
    "cen_loss": 2.3754812814712523,
    "cen_accuracy": 0.3987
  },
  "84": {
    "cen_loss": 1.9577493195533753,
    "cen_accuracy": 0.4164
  },
  "85": {
    "cen_loss": 1.800829295539856,
    "cen_accuracy": 0.4658
  },
  "86": {
    "cen_loss": 1.8748410669326783,
    "cen_accuracy": 0.452
  },
  "87": {
    "cen_loss": 2.1408552302360535,
    "cen_accuracy": 0.4024
  },
  "88": {
    "cen_loss": 2.5120920571327208,
    "cen_accuracy": 0.4001
  },
  "89": {
    "cen_loss": 2.0484037384033202,
    "cen_accuracy": 0.4597
  },
  "90": {
    "cen_loss": 2.0484037611961363,
    "cen_accuracy": 0.4597
  },
  "91": {
    "cen_loss": 1.9231037664413453,
    "cen_accuracy": 0.4521
  },
  "92": {
    "cen_loss": 2.3077477905273436,
    "cen_accuracy": 0.393
  },
  "93": {
    "cen_loss": 2.4865345401763914,
    "cen_accuracy": 0.389
  },
  "94": {
    "cen_loss": 2.730754057407379,
    "cen_accuracy": 0.3932
  },
  "95": {
    "cen_loss": 2.346905117034912,
    "cen_accuracy": 0.4017
  },
  "96": {
    "cen_loss": 2.2413902148246767,
    "cen_accuracy": 0.4354
  },
  "97": {
    "cen_loss": 2.053672455501556,
    "cen_accuracy": 0.4599
  },
  "98": {
    "cen_loss": 2.8723945737838745,
    "cen_accuracy": 0.3337
  },
  "99": {
    "cen_loss": 2.419800705051422,
    "cen_accuracy": 0.3721
  },
  "100": {
    "cen_loss": 2.419800752162933,
    "cen_accuracy": 0.3721
  },
  "101": {
    "cen_loss": 2.4753656014442442,
    "cen_accuracy": 0.3714
  }
}