{
  "0": {
    "cen_loss": 2.30690788936615,
    "cen_accuracy": 0.10125
  },
  "1": {
    "cen_loss": 2.30690788936615,
    "cen_accuracy": 0.10125
  },
  "2": {
    "cen_loss": 2.195730984210968,
    "cen_accuracy": 0.199875
  },
  "3": {
    "cen_loss": 1.7608436753749848,
    "cen_accuracy": 0.353625
  },
  "4": {
    "cen_loss": 1.649246422290802,
    "cen_accuracy": 0.386375
  },
  "5": {
    "cen_loss": 1.5777263765335083,
    "cen_accuracy": 0.404
  },
  "6": {
    "cen_loss": 1.4897983565330506,
    "cen_accuracy": 0.453125
  },
  "7": {
    "cen_loss": 1.4464952938556672,
    "cen_accuracy": 0.46425
  },
  "8": {
    "cen_loss": 1.430345087170601,
    "cen_accuracy": 0.4855
  },
  "9": {
    "cen_loss": 1.4653983653783798,
    "cen_accuracy": 0.45575
  },
  "10": {
    "cen_loss": 1.4653507695198058,
    "cen_accuracy": 0.45575
  },
  "11": {
    "cen_loss": 1.355432213306427,
    "cen_accuracy": 0.508625
  },
  "12": {
    "cen_loss": 1.3401394616365432,
    "cen_accuracy": 0.516625
  },
  "13": {
    "cen_loss": 1.3326960450410843,
    "cen_accuracy": 0.516875
  },
  "14": {
    "cen_loss": 1.2731040971279144,
    "cen_accuracy": 0.548625
  },
  "15": {
    "cen_loss": 1.2866498124599457,
    "cen_accuracy": 0.54325
  },
  "16": {
    "cen_loss": 1.2844927002191544,
    "cen_accuracy": 0.5355
  }
}