{
  "0": {
    "cen_loss": 2.303444200515747,
    "cen_accuracy": 0.1
  },
  "1": {
    "cen_loss": 2.303444200515747,
    "cen_accuracy": 0.1
  },
  "2": {
    "cen_loss": 2.3861548767089844,
    "cen_accuracy": 0.109
  },
  "3": {
    "cen_loss": 2.1330488202571867,
    "cen_accuracy": 0.228625
  },
  "4": {
    "cen_loss": 2.111110853433609,
    "cen_accuracy": 0.293875
  },
  "5": {
    "cen_loss": 2.212276460647583,
    "cen_accuracy": 0.307875
  },
  "6": {
    "cen_loss": 2.111189555644989,
    "cen_accuracy": 0.306875
  },
  "7": {
    "cen_loss": 2.3988514235019682,
    "cen_accuracy": 0.298625
  },
  "8": {
    "cen_loss": 1.968020322561264,
    "cen_accuracy": 0.355125
  },
  "9": {
    "cen_loss": 1.8319637286663055,
    "cen_accuracy": 0.381375
  },
  "10": {
    "cen_loss": 1.8312312635183334,
    "cen_accuracy": 0.3815
  },
  "11": {
    "cen_loss": 2.5232802293300627,
    "cen_accuracy": 0.328125
  },
  "12": {
    "cen_loss": 2.564018247127533,
    "cen_accuracy": 0.283125
  },
  "13": {
    "cen_loss": 2.3321448011398314,
    "cen_accuracy": 0.284
  },
  "14": {
    "cen_loss": 3.0507889006137847,
    "cen_accuracy": 0.311375
  },
  "15": {
    "cen_loss": 2.63643395113945,
    "cen_accuracy": 0.332375
  },
  "16": {
    "cen_loss": 2.17974413728714,
    "cen_accuracy": 0.348
  },
  "17": {
    "cen_loss": 2.658335567951202,
    "cen_accuracy": 0.3125
  },
  "18": {
    "cen_loss": 1.948077699661255,
    "cen_accuracy": 0.399125
  },
  "19": {
    "cen_loss": 2.020204802393913,
    "cen_accuracy": 0.394875
  },
  "20": {
    "cen_loss": 2.020204726576805,
    "cen_accuracy": 0.394875
  },
  "21": {
    "cen_loss": 2.117988777041435,
    "cen_accuracy": 0.38
  },
  "22": {
    "cen_loss": 2.0971940816640853,
    "cen_accuracy": 0.378625
  },
  "23": {
    "cen_loss": 2.293810473918915,
    "cen_accuracy": 0.37575
  },
  "24": {
    "cen_loss": 2.798836302280426,
    "cen_accuracy": 0.3275
  },
  "25": {
    "cen_loss": 2.1295922193527224,
    "cen_accuracy": 0.3385
  },
  "26": {
    "cen_loss": 2.2197789232730867,
    "cen_accuracy": 0.365125
  },
  "27": {
    "cen_loss": 3.1303653757572176,
    "cen_accuracy": 0.313
  },
  "28": {
    "cen_loss": 1.74308946955204,
    "cen_accuracy": 0.43675
  },
  "29": {
    "cen_loss": 1.8371944724321365,
    "cen_accuracy": 0.4295
  },
  "30": {
    "cen_loss": 1.8371944531202316,
    "cen_accuracy": 0.4295
  },
  "31": {
    "cen_loss": 2.2665140783786772,
    "cen_accuracy": 0.38375
  },
  "32": {
    "cen_loss": 2.017640672802925,
    "cen_accuracy": 0.383125
  },
  "33": {
    "cen_loss": 2.7587061450481416,
    "cen_accuracy": 0.35
  },
  "34": {
    "cen_loss": 2.202338334083557,
    "cen_accuracy": 0.390875
  },
  "35": {
    "cen_loss": 2.3185751507282255,
    "cen_accuracy": 0.339125
  },
  "36": {
    "cen_loss": 2.8656443059444427,
    "cen_accuracy": 0.309125
  },
  "37": {
    "cen_loss": 1.9205947535037995,
    "cen_accuracy": 0.393125
  },
  "38": {
    "cen_loss": 1.852186011195183,
    "cen_accuracy": 0.423625
  },
  "39": {
    "cen_loss": 1.7982874060869216,
    "cen_accuracy": 0.4245
  },
  "40": {
    "cen_loss": 1.7982874450683595,
    "cen_accuracy": 0.4245
  },
  "41": {
    "cen_loss": 2.4320446763038635,
    "cen_accuracy": 0.3545
  },
  "42": {
    "cen_loss": 1.802104996085167,
    "cen_accuracy": 0.43475
  },
  "43": {
    "cen_loss": 2.0030834773778916,
    "cen_accuracy": 0.404375
  },
  "44": {
    "cen_loss": 2.335945524215698,
    "cen_accuracy": 0.37725
  },
  "45": {
    "cen_loss": 2.6643120408058167,
    "cen_accuracy": 0.364375
  },
  "46": {
    "cen_loss": 2.154857909679413,
    "cen_accuracy": 0.398875
  },
  "47": {
    "cen_loss": 2.7513153376579287,
    "cen_accuracy": 0.379
  },
  "48": {
    "cen_loss": 3.8873145627975463,
    "cen_accuracy": 0.30725
  },
  "49": {
    "cen_loss": 2.2959160031080246,
    "cen_accuracy": 0.33675
  },
  "50": {
    "cen_loss": 2.2959158396720887,
    "cen_accuracy": 0.33675
  },
  "51": {
    "cen_loss": 2.0629220579862593,
    "cen_accuracy": 0.3825
  },
  "52": {
    "cen_loss": 2.2198299931287764,
    "cen_accuracy": 0.39425
  },
  "53": {
    "cen_loss": 2.140147609949112,
    "cen_accuracy": 0.389
  },
  "54": {
    "cen_loss": 2.1118457021713257,
    "cen_accuracy": 0.386375
  },
  "55": {
    "cen_loss": 4.743517760276794,
    "cen_accuracy": 0.284375
  },
  "56": {
    "cen_loss": 2.6690253719091417,
    "cen_accuracy": 0.333625
  },
  "57": {
    "cen_loss": 2.326914325118065,
    "cen_accuracy": 0.38075
  },
  "58": {
    "cen_loss": 2.3985320990085603,
    "cen_accuracy": 0.360625
  },
  "59": {
    "cen_loss": 2.1937710041999816,
    "cen_accuracy": 0.407
  },
  "60": {
    "cen_loss": 2.193770926475525,
    "cen_accuracy": 0.407
  },
  "61": {
    "cen_loss": 2.849852308988571,
    "cen_accuracy": 0.344125
  },
  "62": {
    "cen_loss": 2.453660623550415,
    "cen_accuracy": 0.364125
  },
  "63": {
    "cen_loss": 2.1549490976333616,
    "cen_accuracy": 0.418625
  },
  "64": {
    "cen_loss": 2.0968002663850784,
    "cen_accuracy": 0.406125
  },
  "65": {
    "cen_loss": 3.749105666399002,
    "cen_accuracy": 0.307625
  },
  "66": {
    "cen_loss": 2.3014900913238527,
    "cen_accuracy": 0.35925
  },
  "67": {
    "cen_loss": 2.1549816246032716,
    "cen_accuracy": 0.39475
  },
  "68": {
    "cen_loss": 2.218751863718033,
    "cen_accuracy": 0.402375
  },
  "69": {
    "cen_loss": 2.4856991033554077,
    "cen_accuracy": 0.3745
  },
  "70": {
    "cen_loss": 2.4856987664699552,
    "cen_accuracy": 0.3745
  },
  "71": {
    "cen_loss": 2.848967569112778,
    "cen_accuracy": 0.3385
  },
  "72": {
    "cen_loss": 2.3542297570705415,
    "cen_accuracy": 0.34775
  },
  "73": {
    "cen_loss": 2.1700532575845717,
    "cen_accuracy": 0.3655
  },
  "74": {
    "cen_loss": 3.0232524631023407,
    "cen_accuracy": 0.30275
  },
  "75": {
    "cen_loss": 2.456022313117981,
    "cen_accuracy": 0.367875
  },
  "76": {
    "cen_loss": 2.143600661277771,
    "cen_accuracy": 0.401125
  },
  "77": {
    "cen_loss": 2.1292072355747225,
    "cen_accuracy": 0.4005
  },
  "78": {
    "cen_loss": 2.4080371762514114,
    "cen_accuracy": 0.371
  },
  "79": {
    "cen_loss": 2.3130326117277145,
    "cen_accuracy": 0.381125
  },
  "80": {
    "cen_loss": 2.3130325301885604,
    "cen_accuracy": 0.381125
  },
  "81": {
    "cen_loss": 2.0880716428756716,
    "cen_accuracy": 0.40675
  },
  "82": {
    "cen_loss": 2.3852438728809355,
    "cen_accuracy": 0.372625
  },
  "83": {
    "cen_loss": 2.546884950518608,
    "cen_accuracy": 0.364875
  },
  "84": {
    "cen_loss": 3.395685552120209,
    "cen_accuracy": 0.32775
  },
  "85": {
    "cen_loss": 2.7566341693401335,
    "cen_accuracy": 0.360875
  },
  "86": {
    "cen_loss": 2.6783908607959748,
    "cen_accuracy": 0.352125
  },
  "87": {
    "cen_loss": 2.3617750083208082,
    "cen_accuracy": 0.385625
  },
  "88": {
    "cen_loss": 2.095765851855278,
    "cen_accuracy": 0.40725
  },
  "89": {
    "cen_loss": 2.9097960189580916,
    "cen_accuracy": 0.357
  },
  "90": {
    "cen_loss": 2.9097961515188215,
    "cen_accuracy": 0.357
  },
  "91": {
    "cen_loss": 2.473059638381004,
    "cen_accuracy": 0.35725
  },
  "92": {
    "cen_loss": 2.705633322119713,
    "cen_accuracy": 0.351625
  },
  "93": {
    "cen_loss": 2.280385370373726,
    "cen_accuracy": 0.40075
  },
  "94": {
    "cen_loss": 2.526083955049515,
    "cen_accuracy": 0.34625
  },
  "95": {
    "cen_loss": 3.2100603358745574,
    "cen_accuracy": 0.32175
  },
  "96": {
    "cen_loss": 2.08264648103714,
    "cen_accuracy": 0.3765
  },
  "97": {
    "cen_loss": 2.235163608312607,
    "cen_accuracy": 0.400375
  },
  "98": {
    "cen_loss": 2.011145238518715,
    "cen_accuracy": 0.418875
  },
  "99": {
    "cen_loss": 2.16879907143116,
    "cen_accuracy": 0.40225
  },
  "100": {
    "cen_loss": 2.168799093604088,
    "cen_accuracy": 0.40225
  },
  "101": {
    "cen_loss": 2.0998804498910904,
    "cen_accuracy": 0.418625
  }
}