{
  "0": {
    "cen_loss": 2.302704164505005,
    "cen_accuracy": 0.101375
  },
  "1": {
    "cen_loss": 2.302704164505005,
    "cen_accuracy": 0.101375
  },
  "2": {
    "cen_loss": 2.440690631866455,
    "cen_accuracy": 0.09975
  },
  "3": {
    "cen_loss": 2.382166873931885,
    "cen_accuracy": 0.099375
  },
  "4": {
    "cen_loss": 2.4639254570007325,
    "cen_accuracy": 0.099
  },
  "5": {
    "cen_loss": 2.366385185241699,
    "cen_accuracy": 0.117
  },
  "6": {
    "cen_loss": 2.4042797622680663,
    "cen_accuracy": 0.10125
  },
  "7": {
    "cen_loss": 2.768297010421753,
    "cen_accuracy": 0.102375
  },
  "8": {
    "cen_loss": 2.70706369972229,
    "cen_accuracy": 0.10175
  },
  "9": {
    "cen_loss": 2.72182493019104,
    "cen_accuracy": 0.112375
  },
  "10": {
    "cen_loss": 2.49049250793457,
    "cen_accuracy": 0.2095
  },
  "11": {
    "cen_loss": 2.16532496547699,
    "cen_accuracy": 0.217125
  },
  "12": {
    "cen_loss": 2.451969249725342,
    "cen_accuracy": 0.179625
  },
  "13": {
    "cen_loss": 2.414479621887207,
    "cen_accuracy": 0.199625
  },
  "14": {
    "cen_loss": 2.8911819534301757,
    "cen_accuracy": 0.172875
  },
  "15": {
    "cen_loss": 2.2680547018051147,
    "cen_accuracy": 0.257375
  },
  "16": {
    "cen_loss": 1.881465895652771,
    "cen_accuracy": 0.31475
  },
  "17": {
    "cen_loss": 2.4624264211654663,
    "cen_accuracy": 0.279625
  },
  "18": {
    "cen_loss": 2.7132699604034425,
    "cen_accuracy": 0.23
  },
  "19": {
    "cen_loss": 1.772813449859619,
    "cen_accuracy": 0.371
  },
  "20": {
    "cen_loss": 1.9030533561706542,
    "cen_accuracy": 0.404875
  },
  "21": {
    "cen_loss": 1.9963739194869996,
    "cen_accuracy": 0.334
  },
  "22": {
    "cen_loss": 1.934347399711609,
    "cen_accuracy": 0.374
  },
  "23": {
    "cen_loss": 2.180242486000061,
    "cen_accuracy": 0.318375
  },
  "24": {
    "cen_loss": 2.040548391342163,
    "cen_accuracy": 0.3385
  },
  "25": {
    "cen_loss": 2.1992985925674438,
    "cen_accuracy": 0.3185
  },
  "26": {
    "cen_loss": 1.9527653150558473,
    "cen_accuracy": 0.32975
  },
  "27": {
    "cen_loss": 2.648441474914551,
    "cen_accuracy": 0.312875
  },
  "28": {
    "cen_loss": 2.102416452407837,
    "cen_accuracy": 0.318125
  },
  "29": {
    "cen_loss": 1.7066048412322998,
    "cen_accuracy": 0.3985
  },
  "30": {
    "cen_loss": 1.7149018125534057,
    "cen_accuracy": 0.42825
  },
  "31": {
    "cen_loss": 2.2726622095108033,
    "cen_accuracy": 0.3175
  },
  "32": {
    "cen_loss": 1.8423020162582397,
    "cen_accuracy": 0.349
  },
  "33": {
    "cen_loss": 1.774455304145813,
    "cen_accuracy": 0.402625
  },
  "34": {
    "cen_loss": 1.9731185188293456,
    "cen_accuracy": 0.373375
  },
  "35": {
    "cen_loss": 1.8039774951934815,
    "cen_accuracy": 0.393625
  },
  "36": {
    "cen_loss": 1.95428329372406,
    "cen_accuracy": 0.3765
  },
  "37": {
    "cen_loss": 2.0137034206390383,
    "cen_accuracy": 0.339875
  },
  "38": {
    "cen_loss": 1.892597758293152,
    "cen_accuracy": 0.387
  },
  "39": {
    "cen_loss": 1.8832513904571533,
    "cen_accuracy": 0.386625
  },
  "40": {
    "cen_loss": 1.951823239326477,
    "cen_accuracy": 0.414125
  },
  "41": {
    "cen_loss": 1.807839098930359,
    "cen_accuracy": 0.393875
  },
  "42": {
    "cen_loss": 2.217729813575745,
    "cen_accuracy": 0.34475
  },
  "43": {
    "cen_loss": 1.818531840324402,
    "cen_accuracy": 0.4025
  },
  "44": {
    "cen_loss": 1.7871610317230224,
    "cen_accuracy": 0.385375
  },
  "45": {
    "cen_loss": 1.9695829772949218,
    "cen_accuracy": 0.414125
  },
  "46": {
    "cen_loss": 2.028450944900513,
    "cen_accuracy": 0.385125
  },
  "47": {
    "cen_loss": 1.7134054822921754,
    "cen_accuracy": 0.42225
  },
  "48": {
    "cen_loss": 1.6719550819396973,
    "cen_accuracy": 0.42375
  },
  "49": {
    "cen_loss": 1.9606860895156861,
    "cen_accuracy": 0.371
  },
  "50": {
    "cen_loss": 2.0494800786972047,
    "cen_accuracy": 0.397375
  },
  "51": {
    "cen_loss": 1.8342782249450684,
    "cen_accuracy": 0.40525
  },
  "52": {
    "cen_loss": 1.7502541389465331,
    "cen_accuracy": 0.40125
  },
  "53": {
    "cen_loss": 1.9802072343826294,
    "cen_accuracy": 0.3835
  },
  "54": {
    "cen_loss": 1.8595390548706054,
    "cen_accuracy": 0.4175
  },
  "55": {
    "cen_loss": 1.9557228689193726,
    "cen_accuracy": 0.382
  },
  "56": {
    "cen_loss": 2.1268402280807495,
    "cen_accuracy": 0.369
  },
  "57": {
    "cen_loss": 1.9901794328689575,
    "cen_accuracy": 0.354875
  },
  "58": {
    "cen_loss": 1.671509641647339,
    "cen_accuracy": 0.434
  },
  "59": {
    "cen_loss": 2.3228065156936646,
    "cen_accuracy": 0.347375
  },
  "60": {
    "cen_loss": 2.7827659492492676,
    "cen_accuracy": 0.32475
  },
  "61": {
    "cen_loss": 1.5899084453582764,
    "cen_accuracy": 0.447875
  },
  "62": {
    "cen_loss": 1.8814858140945434,
    "cen_accuracy": 0.4165
  },
  "63": {
    "cen_loss": 1.727114930152893,
    "cen_accuracy": 0.437875
  },
  "64": {
    "cen_loss": 1.8656038799285888,
    "cen_accuracy": 0.415
  },
  "65": {
    "cen_loss": 1.7973867712020875,
    "cen_accuracy": 0.4135
  },
  "66": {
    "cen_loss": 1.640516402244568,
    "cen_accuracy": 0.447875
  },
  "67": {
    "cen_loss": 1.7043997068405152,
    "cen_accuracy": 0.46
  },
  "68": {
    "cen_loss": 1.8100328044891358,
    "cen_accuracy": 0.430625
  },
  "69": {
    "cen_loss": 1.7457170543670655,
    "cen_accuracy": 0.41725
  },
  "70": {
    "cen_loss": 1.7487283458709717,
    "cen_accuracy": 0.439875
  },
  "71": {
    "cen_loss": 1.7487283458709717,
    "cen_accuracy": 0.439875
  },
  "72": {
    "cen_loss": 1.7415997428894043,
    "cen_accuracy": 0.448
  },
  "73": {
    "cen_loss": 2.049691955566406,
    "cen_accuracy": 0.40625
  },
  "74": {
    "cen_loss": 1.6404600191116332,
    "cen_accuracy": 0.452125
  },
  "75": {
    "cen_loss": 1.553900918006897,
    "cen_accuracy": 0.48875
  },
  "76": {
    "cen_loss": 1.8432824897766114,
    "cen_accuracy": 0.4055
  },
  "77": {
    "cen_loss": 1.6792466821670533,
    "cen_accuracy": 0.484375
  },
  "78": {
    "cen_loss": 1.9281858367919922,
    "cen_accuracy": 0.394875
  },
  "79": {
    "cen_loss": 1.7937853240966797,
    "cen_accuracy": 0.441875
  },
  "80": {
    "cen_loss": 1.730599455833435,
    "cen_accuracy": 0.46525
  },
  "81": {
    "cen_loss": 2.0101222114562987,
    "cen_accuracy": 0.385625
  },
  "82": {
    "cen_loss": 1.92585946559906,
    "cen_accuracy": 0.396625
  },
  "83": {
    "cen_loss": 1.5737283191680909,
    "cen_accuracy": 0.481625
  },
  "84": {
    "cen_loss": 1.7615807466506959,
    "cen_accuracy": 0.433625
  },
  "85": {
    "cen_loss": 1.6870335254669189,
    "cen_accuracy": 0.44225
  },
  "86": {
    "cen_loss": 1.923790177345276,
    "cen_accuracy": 0.419875
  },
  "87": {
    "cen_loss": 1.5446698789596558,
    "cen_accuracy": 0.4715
  },
  "88": {
    "cen_loss": 1.8192851314544678,
    "cen_accuracy": 0.48425
  },
  "89": {
    "cen_loss": 1.5716355409622191,
    "cen_accuracy": 0.465875
  },
  "90": {
    "cen_loss": 1.689919493675232,
    "cen_accuracy": 0.471625
  },
  "91": {
    "cen_loss": 1.5729597253799439,
    "cen_accuracy": 0.492375
  },
  "92": {
    "cen_loss": 1.4093900871276857,
    "cen_accuracy": 0.5205
  },
  "93": {
    "cen_loss": 1.7600949897766114,
    "cen_accuracy": 0.41925
  },
  "94": {
    "cen_loss": 1.7691055688858033,
    "cen_accuracy": 0.428875
  },
  "95": {
    "cen_loss": 1.916508892059326,
    "cen_accuracy": 0.423125
  },
  "96": {
    "cen_loss": 1.6015448169708253,
    "cen_accuracy": 0.447125
  },
  "97": {
    "cen_loss": 1.755049662590027,
    "cen_accuracy": 0.433625
  },
  "98": {
    "cen_loss": 1.4798247184753417,
    "cen_accuracy": 0.521375
  },
  "99": {
    "cen_loss": 1.8099079370498656,
    "cen_accuracy": 0.399
  },
  "100": {
    "cen_loss": 1.708750096321106,
    "cen_accuracy": 0.432
  },
  "101": {
    "cen_loss": 1.7483650693893433,