{
  "0": {
    "cen_loss": 2.302672222518921,
    "cen_accuracy": 0.1
  },
  "1": {
    "cen_loss": 2.302672222518921,
    "cen_accuracy": 0.1
  },
  "2": {
    "cen_loss": 2.8234345096588136,
    "cen_accuracy": 0.1
  },
  "3": {
    "cen_loss": 2.884571011352539,
    "cen_accuracy": 0.0992
  },
  "4": {
    "cen_loss": 3.573628513336182,
    "cen_accuracy": 0.1
  },
  "5": {
    "cen_loss": 3.597156735610962,
    "cen_accuracy": 0.1146
  },
  "6": {
    "cen_loss": 7.422980987548828,
    "cen_accuracy": 0.1
  },
  "7": {
    "cen_loss": 6.465835598373413,
    "cen_accuracy": 0.1
  },
  "8": {
    "cen_loss": 4.495124606704712,
    "cen_accuracy": 0.1366
  },
  "9": {
    "cen_loss": 5.21093302268982,
    "cen_accuracy": 0.1193
  },
  "10": {
    "cen_loss": 4.800240512084961,
    "cen_accuracy": 0.1
  },
  "11": {
    "cen_loss": 4.302216008758545,
    "cen_accuracy": 0.1001
  },
  "12": {
    "cen_loss": 2.9446338802337646,
    "cen_accuracy": 0.1219
  },
  "13": {
    "cen_loss": 3.2530566860198973,
    "cen_accuracy": 0.1674
  },
  "14": {
    "cen_loss": 2.731716227912903,
    "cen_accuracy": 0.1814
  },
  "15": {
    "cen_loss": 2.630067688751221,
    "cen_accuracy": 0.1941
  },
  "16": {
    "cen_loss": 1.659157868385315,
    "cen_accuracy": 0.3765
  },
  "17": {
    "cen_loss": 2.157710590553284,
    "cen_accuracy": 0.254
  },
  "18": {
    "cen_loss": 2.194224398422241,
    "cen_accuracy": 0.2907
  },
  "19": {
    "cen_loss": 1.7289746524810792,
    "cen_accuracy": 0.371
  },
  "20": {
    "cen_loss": 1.5691289412498475,
    "cen_accuracy": 0.4377
  },
  "21": {
    "cen_loss": 1.6707759314537047,
    "cen_accuracy": 0.4358
  },
  "22": {
    "cen_loss": 1.957430055999756,
    "cen_accuracy": 0.375
  },
  "23": {
    "cen_loss": 1.390088217830658,
    "cen_accuracy": 0.5178
  },
  "24": {
    "cen_loss": 1.607875221347809,
    "cen_accuracy": 0.4238
  },
  "25": {
    "cen_loss": 1.3559677005767823,
    "cen_accuracy": 0.496
  },
  "26": {
    "cen_loss": 1.2829433777809143,
    "cen_accuracy": 0.5339
  },
  "27": {
    "cen_loss": 1.1813183869838715,
    "cen_accuracy": 0.5856
  },
  "28": {
    "cen_loss": 1.2107771181106568,
    "cen_accuracy": 0.5854
  },
  "29": {
    "cen_loss": 1.3321615957260131,
    "cen_accuracy": 0.5282
  },
  "30": {
    "cen_loss": 1.29588581032753,
    "cen_accuracy": 0.547
  },
  "31": {
    "cen_loss": 1.1307486665248871,
    "cen_accuracy": 0.5979
  },
  "32": {
    "cen_loss": 1.645529158592224,
    "cen_accuracy": 0.431
  },
  "33": {
    "cen_loss": 1.1744157321453095,
    "cen_accuracy": 0.5821
  },
  "34": {
    "cen_loss": 1.2616193753242493,
    "cen_accuracy": 0.5661
  },
  "35": {
    "cen_loss": 1.2265948913574218,
    "cen_accuracy": 0.5915
  },
  "36": {
    "cen_loss": 1.2131088881015777,
    "cen_accuracy": 0.5636
  },
  "37": {
    "cen_loss": 1.213294178390503,
    "cen_accuracy": 0.5824
  },
  "38": {
    "cen_loss": 1.3147262900352479,
    "cen_accuracy": 0.5385
  },
  "39": {
    "cen_loss": 1.4007843512058258,
    "cen_accuracy": 0.5179
  },
  "40": {
    "cen_loss": 1.2317805074691772,
    "cen_accuracy": 0.5811
  },
  "41": {
    "cen_loss": 1.3101123397350312,
    "cen_accuracy": 0.5547
  },
  "42": {
    "cen_loss": 1.1245272331237792,
    "cen_accuracy": 0.6094
  },
  "43": {
    "cen_loss": 1.133877603149414,
    "cen_accuracy": 0.6121
  },
  "44": {
    "cen_loss": 1.1364877307891845,
    "cen_accuracy": 0.5958
  },
  "45": {
    "cen_loss": 1.4319657220840454,
    "cen_accuracy": 0.5047
  },
  "46": {
    "cen_loss": 1.1100818605899812,
    "cen_accuracy": 0.5999
  },
  "47": {
    "cen_loss": 1.0063964834928512,
    "cen_accuracy": 0.6516
  },
  "48": {
    "cen_loss": 1.1153795517444611,
    "cen_accuracy": 0.6018
  },
  "49": {
    "cen_loss": 1.5519273568153382,
    "cen_accuracy": 0.5
  },
  "50": {
    "cen_loss": 1.1109881989955903,
    "cen_accuracy": 0.6068
  },
  "51": {
    "cen_loss": 1.0612197650909423,
    "cen_accuracy": 0.6482
  },
  "52": {
    "cen_loss": 1.2583893476963044,
    "cen_accuracy": 0.5637
  },
  "53": {
    "cen_loss": 1.0952608938694,
    "cen_accuracy": 0.6196
  },
  "54": {
    "cen_loss": 1.1859181828022003,
    "cen_accuracy": 0.5725
  },
  "55": {
    "cen_loss": 0.933335421705246,
    "cen_accuracy": 0.6722
  },
  "56": {
    "cen_loss": 1.1587678953170777,
    "cen_accuracy": 0.6145
  },
  "57": {
    "cen_loss": 1.0863383602142334,
    "cen_accuracy": 0.6218
  },
  "58": {
    "cen_loss": 1.0627566147327423,
    "cen_accuracy": 0.6382
  },
  "59": {
    "cen_loss": 1.08606744556427,
    "cen_accuracy": 0.6465
  },
  "60": {
    "cen_loss": 1.0287780801773072,
    "cen_accuracy": 0.6351
  },
  "61": {
    "cen_loss": 1.2601579721689224,
    "cen_accuracy": 0.5976
  },
  "62": {
    "cen_loss": 1.2000799264431,
    "cen_accuracy": 0.5836
  },
  "63": {
    "cen_loss": 1.0827235938072204,
    "cen_accuracy": 0.615
  },
  "64": {
    "cen_loss": 1.0481904125213624,
    "cen_accuracy": 0.6358
  },
  "65": {
    "cen_loss": 0.9780551553249359,
    "cen_accuracy": 0.6652
  },
  "66": {
    "cen_loss": 0.9546517337322236,
    "cen_accuracy": 0.6712
  },
  "67": {
    "cen_loss": 1.1082524634361266,
    "cen_accuracy": 0.6217
  },
  "68": {
    "cen_loss": 1.4071830622196198,
    "cen_accuracy": 0.5396
  },
  "69": {
    "cen_loss": 1.08714089179039,
    "cen_accuracy": 0.6239
  },
  "70": {
    "cen_loss": 0.9753472337722778,
    "cen_accuracy": 0.6586
  },
  "71": {
    "cen_loss": 0.9953892952680587,
    "cen_accuracy": 0.6587
  },
  "72": {
    "cen_loss": 0.9636639475345612,
    "cen_accuracy": 0.6571
  },
  "73": {
    "cen_loss": 1.1348396165847778,
    "cen_accuracy": 0.6207
  },
  "74": {
    "cen_loss": 0.9932691120624543,
    "cen_accuracy": 0.6599
  },
  "75": {
    "cen_loss": 1.2149942524909974,
    "cen_accuracy": 0.5908
  },
  "76": {
    "cen_loss": 0.9676402384757996,
    "cen_accuracy": 0.6695
  },
  "77": {
    "cen_loss": 1.015738277220726,
    "cen_accuracy": 0.6477
  },
  "78": {
    "cen_loss": 1.1386724040985108,
    "cen_accuracy": 0.6363
  },
  "79": {
    "cen_loss": 0.9889339413166046,
    "cen_accuracy": 0.655
  },
  "80": {
    "cen_loss": 1.0212868144035339,
    "cen_accuracy": 0.6351
  },
  "81": {
    "cen_loss": 1.1582791172981262,
    "cen_accuracy": 0.6031
  },
  "82": {
    "cen_loss": 1.0056238853454589,
    "cen_accuracy": 0.6438
  },
  "83": {
    "cen_loss": 1.0316398678779601,
    "cen_accuracy": 0.6534
  },
  "84": {
    "cen_loss": 0.9797581286430359,
    "cen_accuracy": 0.6543
  },
  "85": {
    "cen_loss": 0.9918967220783234,
    "cen_accuracy": 0.6544
  },
  "86": {
    "cen_loss": 1.0309355881690978,
    "cen_accuracy": 0.6405
  },
  "87": {
    "cen_loss": 1.0335314551830292,
    "cen_accuracy": 0.6567
  },
  "88": {
    "cen_loss": 1.0736795051574708,
    "cen_accuracy": 0.6267
  },
  "89": {
    "cen_loss": 1.3748264585494996,
    "cen_accuracy": 0.5549
  },
  "90": {
    "cen_loss": 0.9313816368579865,
    "cen_accuracy": 0.6814
  },
  "91": {
    "cen_loss": 1.001811103439331,
    "cen_accuracy": 0.6496
  },
  "92": {
    "cen_loss": 0.9421867733478546,
    "cen_accuracy": 0.674
  },
  "93": {
    "cen_loss": 0.94680800075531,
    "cen_accuracy": 0.6836
  },
  "94": {
    "cen_loss": 0.9869230010747909,
    "cen_accuracy": 0.6617
  },
  "95": {
    "cen_loss": 1.105861741065979,
    "cen_accuracy": 0.6198
  },
  "96": {
    "cen_loss": 1.1410664201736451,
    "cen_accuracy": 0.6095
  },
  "97": {
    "cen_loss": 1.1008445391654968,
    "cen_accuracy": 0.6427
  },
  "98": {
    "cen_loss": 0.9815118178844452,
    "cen_accuracy": 0.6554
  },
  "99": {
    "cen_loss": 1.2567031883239745,
    "cen_accuracy": 0.5978
  },
  "100": {
    "cen_loss": 0.9729845295906067,
    "cen_accuracy": 0.6678
  },
  "101": {
    "cen_loss": 0.9434774200439453,
    "cen_accuracy": 0.6821
  }
}