{
  "0": {
    "cen_loss": 2.302672222518921,
    "cen_accuracy": 0.1
  },
  "1": {
    "cen_loss": 2.302672222518921,
    "cen_accuracy": 0.1
  },
  "2": {
    "cen_loss": 2.98225974445343,
    "cen_accuracy": 0.0999
  },
  "3": {
    "cen_loss": 6.326557913589477,
    "cen_accuracy": 0.1
  },
  "4": {
    "cen_loss": 6.97854642944336,
    "cen_accuracy": 0.1
  },
  "5": {
    "cen_loss": 7.301795388031006,
    "cen_accuracy": 0.1
  },
  "6": {
    "cen_loss": 6.7111150241851805,
    "cen_accuracy": 0.1
  },
  "7": {
    "cen_loss": 6.660808493041992,
    "cen_accuracy": 0.1
  },
  "8": {
    "cen_loss": 7.934007015228271,
    "cen_accuracy": 0.1013
  },
  "9": {
    "cen_loss": 7.144298812866211,
    "cen_accuracy": 0.1012
  },
  "10": {
    "cen_loss": 5.973780258178711,
    "cen_accuracy": 0.1178
  },
  "11": {
    "cen_loss": 5.8981823738098145,
    "cen_accuracy": 0.1429
  },
  "12": {
    "cen_loss": 3.8182735733032227,
    "cen_accuracy": 0.1773
  },
  "13": {
    "cen_loss": 3.507345054244995,
    "cen_accuracy": 0.182
  },
  "14": {
    "cen_loss": 2.8102965343475343,
    "cen_accuracy": 0.2451
  },
  "15": {
    "cen_loss": 2.684350750923157,
    "cen_accuracy": 0.2669
  },
  "16": {
    "cen_loss": 2.0500783164024354,
    "cen_accuracy": 0.3727
  },
  "17": {
    "cen_loss": 1.6839600033760072,
    "cen_accuracy": 0.4592
  },
  "18": {
    "cen_loss": 1.5342118230819701,
    "cen_accuracy": 0.5037
  },
  "19": {
    "cen_loss": 1.3126161341667175,
    "cen_accuracy": 0.567
  },
  "20": {
    "cen_loss": 1.2057894070148467,
    "cen_accuracy": 0.6089
  },
  "21": {
    "cen_loss": 1.1355691834926604,
    "cen_accuracy": 0.6213
  },
  "22": {
    "cen_loss": 1.1724399331569673,
    "cen_accuracy": 0.6124
  },
  "23": {
    "cen_loss": 1.2599210201263429,
    "cen_accuracy": 0.5889
  },
  "24": {
    "cen_loss": 1.00582627825737,
    "cen_accuracy": 0.6694
  },
  "25": {
    "cen_loss": 1.0445843251228333,
    "cen_accuracy": 0.6556
  },
  "26": {
    "cen_loss": 1.0629493938922883,
    "cen_accuracy": 0.6567
  },
  "27": {
    "cen_loss": 1.0045202047348023,
    "cen_accuracy": 0.6689
  },
  "28": {
    "cen_loss": 0.9556687611341477,
    "cen_accuracy": 0.6878
  },
  "29": {
    "cen_loss": 1.0126073143482208,
    "cen_accuracy": 0.6745
  },
  "30": {
    "cen_loss": 0.9586957171440125,
    "cen_accuracy": 0.6894
  },
  "31": {
    "cen_loss": 1.0500817148447037,
    "cen_accuracy": 0.6696
  },
  "32": {
    "cen_loss": 0.9655600300312043,
    "cen_accuracy": 0.6916
  },
  "33": {
    "cen_loss": 0.9248530081987381,
    "cen_accuracy": 0.702
  },
  "34": {
    "cen_loss": 0.9463179488420487,
    "cen_accuracy": 0.7005
  },
  "35": {
    "cen_loss": 0.8961410435438156,
    "cen_accuracy": 0.7087
  },
  "36": {
    "cen_loss": 0.9212891991019249,
    "cen_accuracy": 0.7022
  },
  "37": {
    "cen_loss": 0.957043443441391,
    "cen_accuracy": 0.6979
  },
  "38": {
    "cen_loss": 0.9337133311986924,
    "cen_accuracy": 0.7054
  },
  "39": {
    "cen_loss": 0.908710159945488,
    "cen_accuracy": 0.7118
  },
  "40": {
    "cen_loss": 0.89931652302742,
    "cen_accuracy": 0.712
  },
  "41": {
    "cen_loss": 0.9069246628522873,
    "cen_accuracy": 0.7172
  },
  "42": {
    "cen_loss": 0.8636692900300026,
    "cen_accuracy": 0.729
  },
  "43": {
    "cen_loss": 0.8729495131254196,
    "cen_accuracy": 0.7312
  },
  "44": {
    "cen_loss": 0.9039775119543075,
    "cen_accuracy": 0.7274
  },
  "45": {
    "cen_loss": 0.8624082906246185,
    "cen_accuracy": 0.7327
  },
  "46": {
    "cen_loss": 0.86925667283535,
    "cen_accuracy": 0.73
  },
  "47": {
    "cen_loss": 0.8538392503738403,
    "cen_accuracy": 0.7331
  },
  "48": {
    "cen_loss": 0.8578815192818642,
    "cen_accuracy": 0.7317
  },
  "49": {
    "cen_loss": 0.9057054185271263,
    "cen_accuracy": 0.7183
  },
  "50": {
    "cen_loss": 0.808935107588768,
    "cen_accuracy": 0.7419
  },
  "51": {
    "cen_loss": 0.8708047386050224,
    "cen_accuracy": 0.7333
  },
  "52": {
    "cen_loss": 0.8587475494027138,
    "cen_accuracy": 0.7415
  },
  "53": {
    "cen_loss": 0.8411049523711205,
    "cen_accuracy": 0.7387
  },
  "54": {
    "cen_loss": 0.8294407228589058,
    "cen_accuracy": 0.7455
  },
  "55": {
    "cen_loss": 0.8291447699904442,
    "cen_accuracy": 0.7417
  },
  "56": {
    "cen_loss": 0.8065882211387158,
    "cen_accuracy": 0.7464
  },
  "57": {
    "cen_loss": 0.7976114964962006,
    "cen_accuracy": 0.7531
  },
  "58": {
    "cen_loss": 0.789735979795456,
    "cen_accuracy": 0.7553
  },
  "59": {
    "cen_loss": 0.8419406911492348,
    "cen_accuracy": 0.7427
  },
  "60": {
    "cen_loss": 0.828857549571991,
    "cen_accuracy": 0.741
  },
  "61": {
    "cen_loss": 0.8185268097400665,
    "cen_accuracy": 0.7517
  },
  "62": {
    "cen_loss": 0.793448053085804,
    "cen_accuracy": 0.7509
  },
  "63": {
    "cen_loss": 0.7856916519999504,
    "cen_accuracy": 0.7519
  },
  "64": {
    "cen_loss": 0.7767761077642441,
    "cen_accuracy": 0.7601
  },
  "65": {
    "cen_loss": 0.8590570371508598,
    "cen_accuracy": 0.7424
  },
  "66": {
    "cen_loss": 0.8412068718910217,
    "cen_accuracy": 0.7465
  },
  "67": {
    "cen_loss": 0.8223484073877334,
    "cen_accuracy": 0.7456
  },
  "68": {
    "cen_loss": 0.769606804394722,
    "cen_accuracy": 0.7627
  },
  "69": {
    "cen_loss": 0.7879928084373474,
    "cen_accuracy": 0.759
  },
  "70": {
    "cen_loss": 0.8062997225522995,
    "cen_accuracy": 0.7513
  },
  "71": {
    "cen_loss": 0.7656445574402809,
    "cen_accuracy": 0.7674
  },
  "72": {
    "cen_loss": 0.8326236489653588,
    "cen_accuracy": 0.7535
  },
  "73": {
    "cen_loss": 0.7644496300339699,
    "cen_accuracy": 0.7633
  },
  "74": {
    "cen_loss": 0.7937778817772865,
    "cen_accuracy": 0.7636
  },
  "75": {
    "cen_loss": 0.783530452299118,
    "cen_accuracy": 0.7653
  },
  "76": {
    "cen_loss": 0.7742704800724983,
    "cen_accuracy": 0.7664
  },
  "77": {
    "cen_loss": 0.7470407413959503,
    "cen_accuracy": 0.7672
  },
  "78": {
    "cen_loss": 0.760034084713459,
    "cen_accuracy": 0.7635
  },
  "79": {
    "cen_loss": 0.7664869851469993,
    "cen_accuracy": 0.7694
  },
  "80": {
    "cen_loss": 0.7532921584248543,
    "cen_accuracy": 0.7717
  },
  "81": {
    "cen_loss": 0.7806944746851922,
    "cen_accuracy": 0.7665
  },
  "82": {
    "cen_loss": 0.8154478211998939,
    "cen_accuracy": 0.7605
  },
  "83": {
    "cen_loss": 0.7680374834537506,
    "cen_accuracy": 0.7672
  },
  "84": {
    "cen_loss": 0.7812464857339859,
    "cen_accuracy": 0.7634
  },
  "85": {
    "cen_loss": 0.744303540301323,
    "cen_accuracy": 0.7722
  },
  "86": {
    "cen_loss": 0.7771326192259789,
    "cen_accuracy": 0.7666
  },
  "87": {
    "cen_loss": 0.7575264058470726,
    "cen_accuracy": 0.7696
  },
  "88": {
    "cen_loss": 0.77315205296278,
    "cen_accuracy": 0.7671
  },
  "89": {
    "cen_loss": 0.7336310486376285,
    "cen_accuracy": 0.7828
  },
  "90": {
    "cen_loss": 0.7705866342186928,
    "cen_accuracy": 0.7753
  },
  "91": {
    "cen_loss": 0.7620449414730072,
    "cen_accuracy": 0.775
  },
  "92": {
    "cen_loss": 0.8041476576447487,
    "cen_accuracy": 0.7673
  },
  "93": {
    "cen_loss": 0.7569338798105717,
    "cen_accuracy": 0.7724
  },
  "94": {
    "cen_loss": 0.7360838956177235,
    "cen_accuracy": 0.7787
  },
  "95": {
    "cen_loss": 0.7661610027074813,
    "cen_accuracy": 0.7684
  },
  "96": {
    "cen_loss": 0.7739956205874682,
    "cen_accuracy": 0.7703
  },
  "97": {
    "cen_loss": 0.7652822872400283,
    "cen_accuracy": 0.7758
  },
  "98": {
    "cen_loss": 0.7794767845630646,
    "cen_accuracy": 0.7656
  },
  "99": {
    "cen_loss": 0.7695469504475594,
    "cen_accuracy": 0.776
  },
  "100": {
    "cen_loss": 0.7324631317734719,
    "cen_accuracy": 0.7782
  },
  "101": {
    "cen_loss": 0.7574697830438614,
    "cen_accuracy": 0.7741
  }
}