{
  "2": {
    "total_mJ": 1609534457.7581856,
    "total_ceq": 120.70115136136292,
    "num_expired_thresh": 0,
    "num_depleted": 0,
    "num_transmited_bytes": 787312064
  },
  "3": {
    "total_mJ": 1568624389.2953622,
    "total_ceq": 117.25999304277505,
    "num_expired_thresh": 0,
    "num_depleted": 0,
    "num_transmited_bytes": 787312064
  },
  "4": {
    "total_mJ": 1759851855.2900538,
    "total_ceq": 130.9858754653789,
    "num_expired_thresh": 0,
    "num_depleted": 0,
    "num_transmited_bytes": 787312064
  },
  "5": {
    "total_mJ": 1619985872.9507804,
    "total_ceq": 120.22573796257711,
    "num_expired_thresh": 0,
    "num_depleted": 0,
    "num_transmited_bytes": 787312064
  },
  "6": {
    "total_mJ": 2573637470.420049,
    "total_ceq": 193.52029933108113,
    "num_expired_thresh": 0,
    "num_depleted": 0,
    "num_transmited_bytes": 787312064
  },
  "7": {
    "total_mJ": 1794571986.8143067,
    "total_ceq": 133.48849983140283,
    "num_expired_thresh": 0,
    "num_depleted": 0,
    "num_transmited_bytes": 787312064
  },
  "8": {
    "total_mJ": 2552800873.261752,
    "total_ceq": 193.2013116622143,
    "num_expired_thresh": 0,
    "num_depleted": 0,
    "num_transmited_bytes": 787312064
  },
  "9": {
    "total_mJ": 922322621.2778461,
    "total_ceq": 68.83318126505083,
    "num_expired_thresh": 0,
    "num_depleted": 0,
    "num_transmited_bytes": 787312064
  },
  "10": {
    "total_mJ": 1222838954.0195053,
    "total_ceq": 93.57074502006398,
    "num_expired_thresh": 0,
    "num_depleted": 0,
    "num_transmited_bytes": 787312064
  },
  "11": {
    "total_mJ": 2576846166.2647347,
    "total_ceq": 193.95730408277763,
    "num_expired_thresh": 0,
    "num_depleted": 0,
    "num_transmited_bytes": 787312064
  },
  "12": {
    "total_mJ": 3274495914.3866944,
    "total_ceq": 246.30120769546645,
    "num_expired_thresh": 0,
    "num_depleted": 0,
    "num_transmited_bytes": 787312064
  },
  "13": {
    "total_mJ": 3271881120.5531325,
    "total_ceq": 248.1032249173607,
    "num_expired_thresh": 0,
    "num_depleted": 0,
    "num_transmited_bytes": 787312064
  },
  "14": {
    "total_mJ": 1041059753.2849146,
    "total_ceq": 78.06921421186756,
    "num_expired_thresh": 0,
    "num_depleted": 0,
    "num_transmited_bytes": 787312064
  },
  "15": {
    "total_mJ": 1236177112.8072777,
    "total_ceq": 92.95857204449395,
    "num_expired_thresh": 0,
    "num_depleted": 0,
    "num_transmited_bytes": 787312064
  },
  "16": {
    "total_mJ": 1239320890.737096,
    "total_ceq": 94.20827169414329,
    "num_expired_thresh": 0,
    "num_depleted": 0,
    "num_transmited_bytes": 787312064
  },
  "17": {
    "total_mJ": 3289116072.1724014,
    "total_ceq": 249.27040698386563,
    "num_expired_thresh": 0,
    "num_depleted": 0,
    "num_transmited_bytes": 787312064
  },
  "18": {
    "total_mJ": 1219050013.9357512,
    "total_ceq": 91.37198413565254,
    "num_expired_thresh": 0,
    "num_depleted": 0,
    "num_transmited_bytes": 787312064
  },
  "19": {
    "total_mJ": 1569861542.492738,
    "total_ceq": 118.9197650569355,
    "num_expired_thresh": 0,
    "num_depleted": 0,
    "num_transmited_bytes": 787312064
  },
  "20": {
    "total_mJ": 984310611.7245536,
    "total_ceq": 73.42870841740168,
    "num_expired_thresh": 0,
    "num_depleted": 0,
    "num_transmited_bytes": 787312064
  },
  "21": {
    "total_mJ": 1244650421.1328845,
    "total_ceq": 92.98058897734182,
    "num_expired_thresh": 0,
    "num_depleted": 0,
    "num_transmited_bytes": 787312064
  },
  "22": {
    "total_mJ": 1611047380.7445257,
    "total_ceq": 120.77505582345309,
    "num_expired_thresh": 0,
    "num_depleted": 0,
    "num_transmited_bytes": 787312064
  },
  "23": {
    "total_mJ": 1228259426.4128413,
    "total_ceq": 92.55153391663603,
    "num_expired_thresh": 0,
    "num_depleted": 0,
    "num_transmited_bytes": 787312064
  },
  "24": {
    "total_mJ": 1474309064.1802096,
    "total_ceq": 111.5136646514118,
    "num_expired_thresh": 0,
    "num_depleted": 0,
    "num_transmited_bytes": 787312064
  },
  "25": {
    "total_mJ": 1792074877.6341174,
    "total_ceq": 133.70280085420353,
    "num_expired_thresh": 0,
    "num_depleted": 0,
    "num_transmited_bytes": 787312064
  },
  "26": {
    "total_mJ": 1621164908.9042985,
    "total_ceq": 119.74081898869703,
    "num_expired_thresh": 0,
    "num_depleted": 0,
    "num_transmited_bytes": 787312064
  },
  "27": {
    "total_mJ": 1194396568.432241,
    "total_ceq": 89.98974880701445,
    "num_expired_thresh": 0,
    "num_depleted": 0,
    "num_transmited_bytes": 787312064
  },
  "28": {
    "total_mJ": 1851928994.467978,
    "total_ceq": 138.07839078924377,
    "num_expired_thresh": 0,
    "num_depleted": 0,
    "num_transmited_bytes": 787312064
  },
  "29": {
    "total_mJ": 1637901258.7502031,
    "total_ceq": 124.81929470408652,
    "num_expired_thresh": 0,
    "num_depleted": 0,
    "num_transmited_bytes": 787312064
  },
  "30": {
    "total_mJ": 2105834379.7966704,
    "total_ceq": 159.67892998072207,
    "num_expired_thresh": 0,
    "num_depleted": 0,
    "num_transmited_bytes": 787312064
  },
  "31": {
    "total_mJ": 1797852925.5522325,
    "total_ceq": 135.08196037266453,
    "num_expired_thresh": 0,
    "num_depleted": 0,
    "num_transmited_bytes": 787312064
  },
  "32": {
    "total_mJ": 1782280889.2726989,
    "total_ceq": 132.91742017892875,
    "num_expired_thresh": 0,
    "num_depleted": 0,
    "num_transmited_bytes": 787312064
  },
  "33": {
    "total_mJ": 921632836.7555459,
    "total_ceq": 70.13428888652861,
    "num_expired_thresh": 0,
    "num_depleted": 0,
    "num_transmited_bytes": 787312064
  },
  "34": {
    "total_mJ": 2575059721.4877763,
    "total_ceq": 194.2698267817708,
    "num_expired_thresh": 0,
    "num_depleted": 0,
    "num_transmited_bytes": 787312064
  },
  "35": {
    "total_mJ": 1453858726.5651817,
    "total_ceq": 110.91818181529784,
    "num_expired_thresh": 0,
    "num_depleted": 0,
    "num_transmited_bytes": 787312064
  },
  "36": {
    "total_mJ": 3262723939.2339845,
    "total_ceq": 246.2769719016228,
    "num_expired_thresh": 0,
    "num_depleted": 0,
    "num_transmited_bytes": 787312064
  },
  "37": {
    "total_mJ": 966607415.6957242,
    "total_ceq": 72.6383470618604,
    "num_expired_thresh": 0,
    "num_depleted": 0,
    "num_transmited_bytes": 787312064
  },
  "38": {
    "total_mJ": 2547469532.9221673,
    "total_ceq": 193.52115659708912,
    "num_expired_thresh": 0,
    "num_depleted": 0,
    "num_transmited_bytes": 787312064
  },
  "39": {
    "total_mJ": 2106699280.5552723,
    "total_ceq": 158.1477518726979,
    "num_expired_thresh": 0,
    "num_depleted": 0,
    "num_transmited_bytes": 787312064
  },
  "40": {
    "total_mJ": 3258096289.475474,
    "total_ceq": 247.02523728158442,
    "num_expired_thresh": 0,
    "num_depleted": 0,
    "num_transmited_bytes": 787312064
  },
  "41": {
    "total_mJ": 923340895.623244,
    "total_ceq": 70.33125551726063,
    "num_expired_thresh": 0,
    "num_depleted": 0,
    "num_transmited_bytes": 787312064
  },
  "42": {
    "total_mJ": 2126989154.5695803,
    "total_ceq": 159.550775009341,
    "num_expired_thresh": 0,
    "num_depleted": 0,
    "num_transmited_bytes": 787312064
  },
  "43": {
    "total_mJ": 1825183283.2526476,
    "total_ceq": 138.2607516555409,
    "num_expired_thresh": 0,
    "num_depleted": 0,
    "num_transmited_bytes": 787312064
  },
  "44": {
    "total_mJ": 919129058.2666203,
    "total_ceq": 69.91423350365038,
    "num_expired_thresh": 0,
    "num_depleted": 0,
    "num_transmited_bytes": 787312064
  },
  "45": {
    "total_mJ": 2547851642.8553553,
    "total_ceq": 193.2933763891308,
    "num_expired_thresh": 0,
    "num_depleted": 0,
    "num_transmited_bytes": 787312064
  },
  "46": {
    "total_mJ": 2595198693.9374957,
    "total_ceq": 196.1636837745134,
    "num_expired_thresh": 0,
    "num_depleted": 0,
    "num_transmited_bytes": 787312064
  },