{
  "0": {
    "cen_loss": 2.3027744300842286,
    "cen_accuracy": 0.1
  },
  "1": {
    "cen_loss": 2.3027744300842286,
    "cen_accuracy": 0.1
  },
  "2": {
    "cen_loss": 4.183189401245118,
    "cen_accuracy": 0.1
  },
  "3": {
    "cen_loss": 4.383275036621094,
    "cen_accuracy": 0.1339
  },
  "4": {
    "cen_loss": 3.4427659030914306,
    "cen_accuracy": 0.1005
  },
  "5": {
    "cen_loss": 3.954213536453247,
    "cen_accuracy": 0.1004
  },
  "6": {
    "cen_loss": 5.0311882804870605,
    "cen_accuracy": 0.125
  },
  "7": {
    "cen_loss": 4.041961030960083,
    "cen_accuracy": 0.1653
  },
  "8": {
    "cen_loss": 2.881545898628235,
    "cen_accuracy": 0.1807
  },
  "9": {
    "cen_loss": 4.214809188079834,
    "cen_accuracy": 0.2126
  },
  "10": {
    "cen_loss": 2.7061890013694763,
    "cen_accuracy": 0.2708
  },
  "11": {
    "cen_loss": 4.746710188674927,
    "cen_accuracy": 0.1437
  },
  "12": {
    "cen_loss": 2.9713896978378296,
    "cen_accuracy": 0.2124
  },
  "13": {
    "cen_loss": 2.0788719430923464,
    "cen_accuracy": 0.275
  },
  "14": {
    "cen_loss": 3.7554295793533323,
    "cen_accuracy": 0.2321
  },
  "15": {
    "cen_loss": 2.3602959674835207,
    "cen_accuracy": 0.2802
  },
  "16": {
    "cen_loss": 3.2650865789413452,
    "cen_accuracy": 0.2637
  },
  "17": {
    "cen_loss": 2.658881154823303,
    "cen_accuracy": 0.2325
  },
  "18": {
    "cen_loss": 2.688848402404785,
    "cen_accuracy": 0.2164
  },
  "19": {
    "cen_loss": 2.983175542640686,
    "cen_accuracy": 0.2261
  },
  "20": {
    "cen_loss": 2.717579985046387,
    "cen_accuracy": 0.2151
  },
  "21": {
    "cen_loss": 3.1702150890350342,
    "cen_accuracy": 0.2527
  },
  "22": {
    "cen_loss": 2.96769771938324,
    "cen_accuracy": 0.2079
  },
  "23": {
    "cen_loss": 2.6450882806777956,
    "cen_accuracy": 0.3068
  },
  "24": {
    "cen_loss": 3.089498664855957,
    "cen_accuracy": 0.2928
  },
  "25": {
    "cen_loss": 2.1443875168800353,
    "cen_accuracy": 0.3847
  },
  "26": {
    "cen_loss": 2.245628330039978,
    "cen_accuracy": 0.3646
  },
  "27": {
    "cen_loss": 2.0065558539390564,
    "cen_accuracy": 0.3699
  },
  "28": {
    "cen_loss": 3.287088893890381,
    "cen_accuracy": 0.2233
  },
  "29": {
    "cen_loss": 2.8901603073120117,
    "cen_accuracy": 0.275
  },
  "30": {
    "cen_loss": 3.1160752237319946,
    "cen_accuracy": 0.2867
  },
  "31": {
    "cen_loss": 2.3238126890182493,
    "cen_accuracy": 0.3566
  },
  "32": {
    "cen_loss": 2.2079341864585875,
    "cen_accuracy": 0.3381
  },
  "33": {
    "cen_loss": 2.6844342262268066,
    "cen_accuracy": 0.2963
  },
  "34": {
    "cen_loss": 2.615331592178345,
    "cen_accuracy": 0.3083
  },
  "35": {
    "cen_loss": 1.740354226398468,
    "cen_accuracy": 0.4276
  },
  "36": {
    "cen_loss": 1.878845796585083,
    "cen_accuracy": 0.4131
  },
  "37": {
    "cen_loss": 1.9448071062088013,
    "cen_accuracy": 0.3597
  },
  "38": {
    "cen_loss": 2.132469020843506,
    "cen_accuracy": 0.3358
  },
  "39": {
    "cen_loss": 2.095963704776764,
    "cen_accuracy": 0.3844
  },
  "40": {
    "cen_loss": 2.530877843284607,
    "cen_accuracy": 0.3435
  },
  "41": {
    "cen_loss": 3.2122651189804077,
    "cen_accuracy": 0.2625
  },
  "42": {
    "cen_loss": 2.073456043243408,
    "cen_accuracy": 0.3677
  },
  "43": {
    "cen_loss": 1.6654973942756652,
    "cen_accuracy": 0.4675
  },
  "44": {
    "cen_loss": 2.053051549243927,
    "cen_accuracy": 0.4006
  },
  "45": {
    "cen_loss": 1.9995415347099303,
    "cen_accuracy": 0.421
  },
  "46": {
    "cen_loss": 1.510731552696228,
    "cen_accuracy": 0.5099
  },
  "47": {
    "cen_loss": 1.4464943920135498,
    "cen_accuracy": 0.4897
  },
  "48": {
    "cen_loss": 2.4344478902816773,
    "cen_accuracy": 0.3593
  },
  "49": {
    "cen_loss": 2.142008699131012,
    "cen_accuracy": 0.3862
  },
  "50": {
    "cen_loss": 2.224255174922943,
    "cen_accuracy": 0.3679
  },
  "51": {
    "cen_loss": 2.3552501457214357,
    "cen_accuracy": 0.312
  },
  "52": {
    "cen_loss": 1.3748154461860658,
    "cen_accuracy": 0.5225
  },
  "53": {
    "cen_loss": 1.4371449495315551,
    "cen_accuracy": 0.5146
  },
  "54": {
    "cen_loss": 1.397736062335968,
    "cen_accuracy": 0.5578
  },
  "55": {
    "cen_loss": 1.2812142798900603,
    "cen_accuracy": 0.5629
  },
  "56": {
    "cen_loss": 1.2953985936164856,
    "cen_accuracy": 0.5565
  },
  "57": {
    "cen_loss": 1.1913225929260254,
    "cen_accuracy": 0.5841
  },
  "58": {
    "cen_loss": 1.2959064518928527,
    "cen_accuracy": 0.5764
  },
  "59": {
    "cen_loss": 1.3706209558963776,
    "cen_accuracy": 0.5617
  },
  "60": {
    "cen_loss": 1.3464135199546814,
    "cen_accuracy": 0.5447
  },
  "61": {
    "cen_loss": 1.3603687301158904,
    "cen_accuracy": 0.5718
  },
  "62": {
    "cen_loss": 1.5217881362438201,
    "cen_accuracy": 0.5411
  },
  "63": {
    "cen_loss": 1.0755474993228913,
    "cen_accuracy": 0.623
  },
  "64": {
    "cen_loss": 1.3209648031711578,
    "cen_accuracy": 0.5764
  },
  "65": {
    "cen_loss": 1.5949994587898255,
    "cen_accuracy": 0.5342
  },
  "66": {
    "cen_loss": 1.2912148157119752,
    "cen_accuracy": 0.5932
  },
  "67": {
    "cen_loss": 1.197282051372528,
    "cen_accuracy": 0.5845
  },
  "68": {
    "cen_loss": 1.172785766363144,
    "cen_accuracy": 0.5965
  },
  "69": {
    "cen_loss": 1.1251971799373626,
    "cen_accuracy": 0.6151
  },
  "70": {
    "cen_loss": 1.3302377775669099,
    "cen_accuracy": 0.5906
  },
  "71": {
    "cen_loss": 1.1980580463409425,
    "cen_accuracy": 0.6003
  },
  "72": {
    "cen_loss": 1.5465904787063598,
    "cen_accuracy": 0.5345
  },
  "73": {
    "cen_loss": 1.3635725300312043,
    "cen_accuracy": 0.5845
  },
  "74": {
    "cen_loss": 1.0670860392570496,
    "cen_accuracy": 0.6388
  },
  "75": {
    "cen_loss": 1.1724548676252364,
    "cen_accuracy": 0.6029
  },
  "76": {
    "cen_loss": 1.1418352335453033,
    "cen_accuracy": 0.6078
  },
  "77": {
    "cen_loss": 1.2659051042556764,
    "cen_accuracy": 0.6173
  },
  "78": {
    "cen_loss": 1.2821571722507477,
    "cen_accuracy": 0.5851
  },
  "79": {
    "cen_loss": 1.2516757257938385,
    "cen_accuracy": 0.5793
  },
  "80": {
    "cen_loss": 1.18673825507164,
    "cen_accuracy": 0.6047
  },
  "81": {
    "cen_loss": 1.2801928030014038,
    "cen_accuracy": 0.5995
  },
  "82": {
    "cen_loss": 1.240574278831482,
    "cen_accuracy": 0.6071
  },
  "83": {
    "cen_loss": 1.099755771970749,
    "cen_accuracy": 0.6285
  },
  "84": {
    "cen_loss": 1.2493107528686525,
    "cen_accuracy": 0.5842
  },
  "85": {
    "cen_loss": 1.1166929575443267,
    "cen_accuracy": 0.6286
  },
  "86": {
    "cen_loss": 1.170002681207657,
    "cen_accuracy": 0.6097
  },
  "87": {
    "cen_loss": 1.0492838874340058,
    "cen_accuracy": 0.6405
  },
  "88": {
    "cen_loss": 1.093730555677414,
    "cen_accuracy": 0.6288
  },
  "89": {
    "cen_loss": 1.0441699063777923,
    "cen_accuracy": 0.6441
  },
  "90": {
    "cen_loss": 1.3338287510871887,
    "cen_accuracy": 0.5625
  },
  "91": {
    "cen_loss": 1.0945948823451996,
    "cen_accuracy": 0.6474
  },
  "92": {
    "cen_loss": 1.246728731584549,
    "cen_accuracy": 0.5812
  },
  "93": {
    "cen_loss": 1.0769908777236938,
    "cen_accuracy": 0.6348
  },
  "94": {
    "cen_loss": 1.3932925840854644,
    "cen_accuracy": 0.581
  },
  "95": {
    "cen_loss": 1.3386570410728456,
    "cen_accuracy": 0.6012
  },
  "96": {
    "cen_loss": 1.1070420632839202,
    "cen_accuracy": 0.6288
  },
  "97": {
    "cen_loss": 1.296007250738144,
    "cen_accuracy": 0.6033
  },
  "98": {
    "cen_loss": 1.1704792960166932,
    "cen_accuracy": 0.6134
  },
  "99": {
    "cen_loss": 1.3652731398105622,
    "cen_accuracy": 0.5895
  },
  "100": {
    "cen_loss": 1.1151507313728333,
    "cen_accuracy": 0.6142
  },
  "101": {
    "cen_loss": 1.1006750849246978,
    "cen_accuracy": 0.6253
  }
}