{
  "2": {
    "total_mJ": 1372246718.9589772,
    "total_ceq": 145.7439690294837,
    "num_expired_thresh": 0,
    "num_depleted": 0,
    "num_transmited_bytes": 429442944
  },
  "3": {
    "total_mJ": 785467088.546331,
    "total_ceq": 82.97963632693977,
    "num_expired_thresh": 0,
    "num_depleted": 0,
    "num_transmited_bytes": 429442944
  },
  "4": {
    "total_mJ": 1919806520.4631639,
    "total_ceq": 204.08137645773675,
    "num_expired_thresh": 0,
    "num_depleted": 0,
    "num_transmited_bytes": 429442944
  },
  "5": {
    "total_mJ": 1969662735.6654325,
    "total_ceq": 207.56267739275796,
    "num_expired_thresh": 0,
    "num_depleted": 0,
    "num_transmited_bytes": 429442944
  },
  "6": {
    "total_mJ": 1187666006.299325,
    "total_ceq": 126.0294749952363,
    "num_expired_thresh": 0,
    "num_depleted": 0,
    "num_transmited_bytes": 429442944
  },
  "7": {
    "total_mJ": 1902829573.4012008,
    "total_ceq": 201.7472619109894,
    "num_expired_thresh": 0,
    "num_depleted": 0,
    "num_transmited_bytes": 429442944
  },
  "8": {
    "total_mJ": 1047553569.2939936,
    "total_ceq": 111.13543494372193,
    "num_expired_thresh": 0,
    "num_depleted": 0,
    "num_transmited_bytes": 429442944
  },
  "9": {
    "total_mJ": 2040870966.288753,
    "total_ceq": 216.56607740349506,
    "num_expired_thresh": 0,
    "num_depleted": 0,
    "num_transmited_bytes": 429442944
  },
  "10": {
    "total_mJ": 848903782.9742,
    "total_ceq": 90.07652271801535,
    "num_expired_thresh": 0,
    "num_depleted": 0,
    "num_transmited_bytes": 429442944
  },
  "11": {
    "total_mJ": 1076612298.973836,
    "total_ceq": 113.3281967438533,
    "num_expired_thresh": 0,
    "num_depleted": 0,
    "num_transmited_bytes": 429442944
  },
  "12": {
    "total_mJ": 153246902.9063044,
    "total_ceq": 16.08098391151412,
    "num_expired_thresh": 0,
    "num_depleted": 0,
    "num_transmited_bytes": 429442944
  },
  "13": {
    "total_mJ": 1162825220.8009837,
    "total_ceq": 122.48983157001223,
    "num_expired_thresh": 0,
    "num_depleted": 0,
    "num_transmited_bytes": 429442944
  },
  "14": {
    "total_mJ": 871431330.9609008,
    "total_ceq": 91.94393278864631,
    "num_expired_thresh": 0,
    "num_depleted": 0,
    "num_transmited_bytes": 429442944
  },
  "15": {
    "total_mJ": 777040405.211155,
    "total_ceq": 82.0862509686106,
    "num_expired_thresh": 0,
    "num_depleted": 0,
    "num_transmited_bytes": 429442944
  },
  "16": {
    "total_mJ": 938672376.7915512,
    "total_ceq": 99.46455969732321,
    "num_expired_thresh": 0,
    "num_depleted": 0,
    "num_transmited_bytes": 429442944
  },
  "17": {
    "total_mJ": 1027730652.9473544,
    "total_ceq": 108.38636588935053,
    "num_expired_thresh": 0,
    "num_depleted": 0,
    "num_transmited_bytes": 429442944
  },
  "18": {
    "total_mJ": 1015116745.5566608,
    "total_ceq": 107.72358639079928,
    "num_expired_thresh": 0,
    "num_depleted": 0,
    "num_transmited_bytes": 429442944
  },
  "19": {
    "total_mJ": 747860974.2660613,
    "total_ceq": 79.68052346405365,
    "num_expired_thresh": 0,
    "num_depleted": 0,
    "num_transmited_bytes": 429442944
  },
  "20": {
    "total_mJ": 1007365928.419909,
    "total_ceq": 106.89116333152135,
    "num_expired_thresh": 0,
    "num_depleted": 0,
    "num_transmited_bytes": 429442944
  },
  "21": {
    "total_mJ": 854407528.3300717,
    "total_ceq": 90.09818341070195,
    "num_expired_thresh": 0,
    "num_depleted": 0,
    "num_transmited_bytes": 429442944
  },
  "22": {
    "total_mJ": 1955212187.3913527,
    "total_ceq": 206.63335374769702,
    "num_expired_thresh": 0,
    "num_depleted": 0,
    "num_transmited_bytes": 429442944
  },
  "23": {
    "total_mJ": 1679020352.8701596,
    "total_ceq": 177.24303801161554,
    "num_expired_thresh": 0,
    "num_depleted": 0,
    "num_transmited_bytes": 429442944
  },
  "24": {
    "total_mJ": 741144809.0035349,
    "total_ceq": 78.51053880251807,
    "num_expired_thresh": 0,
    "num_depleted": 0,
    "num_transmited_bytes": 429442944
  },
  "25": {
    "total_mJ": 1306094662.3377764,
    "total_ceq": 138.92797548183916,
    "num_expired_thresh": 0,
    "num_depleted": 0,
    "num_transmited_bytes": 429442944
  },
  "26": {
    "total_mJ": 2051527575.2851567,
    "total_ceq": 217.75392982622495,
    "num_expired_thresh": 0,
    "num_depleted": 0,
    "num_transmited_bytes": 429442944
  },
  "27": {
    "total_mJ": 1670216472.7867198,
    "total_ceq": 176.2263777099887,
    "num_expired_thresh": 0,
    "num_depleted": 0,
    "num_transmited_bytes": 429442944
  },
  "28": {
    "total_mJ": 1019657793.935151,
    "total_ceq": 107.5304150531627,
    "num_expired_thresh": 0,
    "num_depleted": 0,
    "num_transmited_bytes": 429442944
  },
  "29": {
    "total_mJ": 1905783187.0000196,
    "total_ceq": 202.27466977481413,
    "num_expired_thresh": 0,
    "num_depleted": 0,
    "num_transmited_bytes": 429442944
  },
  "30": {
    "total_mJ": 1679473249.797821,
    "total_ceq": 177.8581519804098,
    "num_expired_thresh": 0,
    "num_depleted": 0,
    "num_transmited_bytes": 429442944
  },
  "31": {
    "total_mJ": 1689493752.4062235,
    "total_ceq": 179.27335545414067,
    "num_expired_thresh": 0,
    "num_depleted": 0,
    "num_transmited_bytes": 429442944
  },
  "32": {
    "total_mJ": 1193155640.5038161,
    "total_ceq": 127.10876332675345,
    "num_expired_thresh": 0,
    "num_depleted": 0,
    "num_transmited_bytes": 429442944
  },
  "33": {
    "total_mJ": 1918934585.9288094,
    "total_ceq": 204.09850814486074,
    "num_expired_thresh": 0,
    "num_depleted": 0,
    "num_transmited_bytes": 429442944
  },
  "34": {
    "total_mJ": 2703896565.2318287,
    "total_ceq": 287.09772681917116,
    "num_expired_thresh": 0,
    "num_depleted": 0,
    "num_transmited_bytes": 429442944
  },
  "35": {
    "total_mJ": 1708554436.3933473,
    "total_ceq": 181.25049536534794,
    "num_expired_thresh": 0,
    "num_depleted": 0,
    "num_transmited_bytes": 429442944
  },
  "36": {
    "total_mJ": 848398912.9488738,
    "total_ceq": 89.3160811975649,
    "num_expired_thresh": 0,
    "num_depleted": 0,
    "num_transmited_bytes": 429442944
  },
  "37": {
    "total_mJ": 1038166188.2956905,
    "total_ceq": 110.2999038246526,
    "num_expired_thresh": 0,
    "num_depleted": 0,
    "num_transmited_bytes": 429442944
  },
  "38": {
    "total_mJ": 1188032408.703423,
    "total_ceq": 126.86595595633578,
    "num_expired_thresh": 0,
    "num_depleted": 0,
    "num_transmited_bytes": 429442944
  },
  "39": {
    "total_mJ": 1674834179.865423,
    "total_ceq": 176.91976919012106,
    "num_expired_thresh": 0,
    "num_depleted": 0,
    "num_transmited_bytes": 429442944
  },
  "40": {
    "total_mJ": 311805376.8685976,
    "total_ceq": 33.18162247195675,
    "num_expired_thresh": 0,
    "num_depleted": 0,
    "num_transmited_bytes": 429442944
  },
  "41": {
    "total_mJ": 1897471433.0778224,
    "total_ceq": 201.63352261776745,
    "num_expired_thresh": 0,
    "num_depleted": 0,
    "num_transmited_bytes": 429442944
  },
  "42": {
    "total_mJ": 1319058834.7139416,
    "total_ceq": 140.13274430409535,
    "num_expired_thresh": 0,
    "num_depleted": 0,
    "num_transmited_bytes": 429442944
  },
  "43": {
    "total_mJ": 1690458712.850055,
    "total_ceq": 179.40553065336297,
    "num_expired_thresh": 0,
    "num_depleted": 0,
    "num_transmited_bytes": 429442944
  },
  "44": {
    "total_mJ": 1413309480.1333637,
    "total_ceq": 150.76710781190525,
    "num_expired_thresh": 0,
    "num_depleted": 0,
    "num_transmited_bytes": 429442944
  },
  "45": {
    "total_mJ": 1691174154.5307143,
    "total_ceq": 179.1903121856058,
    "num_expired_thresh": 0,
    "num_depleted": 0,
    "num_transmited_bytes": 429442944
  },
  "46": {
    "total_mJ": 1714505634.6907172,
    "total_ceq": 182.27766169022786,
    "num_expired_thresh": 0,
    "num_depleted": 0,
    "num_transmited_bytes": 429442944
  },