{
  "0": {
    "cen_loss": 2.303392876815796,
    "cen_accuracy": 0.1
  },
  "1": {
    "cen_loss": 2.303392876815796,
    "cen_accuracy": 0.1
  },
  "2": {
    "cen_loss": 2.3517847801208496,
    "cen_accuracy": 0.1503
  },
  "3": {
    "cen_loss": 2.274319138145447,
    "cen_accuracy": 0.2145
  },
  "4": {
    "cen_loss": 2.1579010885238645,
    "cen_accuracy": 0.3098
  },
  "5": {
    "cen_loss": 2.160088221168518,
    "cen_accuracy": 0.2631
  },
  "6": {
    "cen_loss": 1.6404440985679627,
    "cen_accuracy": 0.4112
  },
  "7": {
    "cen_loss": 2.064517754268646,
    "cen_accuracy": 0.3338
  },
  "8": {
    "cen_loss": 1.8726250562667848,
    "cen_accuracy": 0.3645
  },
  "9": {
    "cen_loss": 2.4059864470481873,
    "cen_accuracy": 0.3256
  },
  "10": {
    "cen_loss": 2.4027847010612486,
    "cen_accuracy": 0.3259
  },
  "11": {
    "cen_loss": 2.322486476325989,
    "cen_accuracy": 0.2848
  },
  "12": {
    "cen_loss": 2.3513425882339476,
    "cen_accuracy": 0.2991
  },
  "13": {
    "cen_loss": 2.0140321058273316,
    "cen_accuracy": 0.3684
  },
  "14": {
    "cen_loss": 2.249453931427002,
    "cen_accuracy": 0.3323
  },
  "15": {
    "cen_loss": 2.5932373373031616,
    "cen_accuracy": 0.3388
  },
  "16": {
    "cen_loss": 2.211114204597473,
    "cen_accuracy": 0.3426
  },
  "17": {
    "cen_loss": 2.0898773230552674,
    "cen_accuracy": 0.3778
  },
  "18": {
    "cen_loss": 2.702808557319641,
    "cen_accuracy": 0.3253
  },
  "19": {
    "cen_loss": 3.136818314552307,
    "cen_accuracy": 0.3143
  },
  "20": {
    "cen_loss": 3.136818260192871,
    "cen_accuracy": 0.3143
  },
  "21": {
    "cen_loss": 2.20471143283844,
    "cen_accuracy": 0.3236
  },
  "22": {
    "cen_loss": 3.5479661085128784,
    "cen_accuracy": 0.2898
  },
  "23": {
    "cen_loss": 3.0138233451843264,
    "cen_accuracy": 0.3211
  },
  "24": {
    "cen_loss": 1.9320300137519837,
    "cen_accuracy": 0.4028
  },
  "25": {
    "cen_loss": 2.9783862705230715,
    "cen_accuracy": 0.3329
  },
  "26": {
    "cen_loss": 2.7406009148597716,
    "cen_accuracy": 0.3344
  },
  "27": {
    "cen_loss": 2.157394165992737,
    "cen_accuracy": 0.3558
  },
  "28": {
    "cen_loss": 2.2385578887939452,
    "cen_accuracy": 0.3653
  },
  "29": {
    "cen_loss": 2.6380009229660035,
    "cen_accuracy": 0.3365
  },
  "30": {
    "cen_loss": 2.638000909233093,
    "cen_accuracy": 0.3365
  },
  "31": {
    "cen_loss": 2.4201718250274658,
    "cen_accuracy": 0.3794
  },
  "32": {
    "cen_loss": 1.9258511301994323,
    "cen_accuracy": 0.4314
  },
  "33": {
    "cen_loss": 2.3786548364639284,
    "cen_accuracy": 0.3562
  },
  "34": {
    "cen_loss": 1.9841555908203126,
    "cen_accuracy": 0.3876
  },
  "35": {
    "cen_loss": 1.7731931347846985,
    "cen_accuracy": 0.4348
  },
  "36": {
    "cen_loss": 2.690601477050781,
    "cen_accuracy": 0.3488
  },
  "37": {
    "cen_loss": 2.1287164275169372,
    "cen_accuracy": 0.4089
  },
  "38": {
    "cen_loss": 2.6574743169784547,
    "cen_accuracy": 0.3189
  },
  "39": {
    "cen_loss": 1.679415923500061,
    "cen_accuracy": 0.4712
  },
  "40": {
    "cen_loss": 1.679415916633606,
    "cen_accuracy": 0.4712
  },
  "41": {
    "cen_loss": 2.3240968534469606,
    "cen_accuracy": 0.3883
  },
  "42": {
    "cen_loss": 1.9440247853279113,
    "cen_accuracy": 0.4003
  },
  "43": {
    "cen_loss": 2.88139332485199,
    "cen_accuracy": 0.3151
  },
  "44": {
    "cen_loss": 2.7870042987823487,
    "cen_accuracy": 0.35
  },
  "45": {
    "cen_loss": 2.0344270945549012,
    "cen_accuracy": 0.3954
  },
  "46": {
    "cen_loss": 2.2696075756072998,
    "cen_accuracy": 0.3756
  },
  "47": {
    "cen_loss": 1.9527173089027405,
    "cen_accuracy": 0.4295
  },
  "48": {
    "cen_loss": 2.2724792978286743,
    "cen_accuracy": 0.3822
  },
  "49": {
    "cen_loss": 2.4207417339324953,
    "cen_accuracy": 0.3846
  },
  "50": {
    "cen_loss": 2.420741718864441,
    "cen_accuracy": 0.3846
  },
  "51": {
    "cen_loss": 2.19702335357666,
    "cen_accuracy": 0.4093
  },
  "52": {
    "cen_loss": 3.0171159872055053,
    "cen_accuracy": 0.3404
  },
  "53": {
    "cen_loss": 2.397711611175537,
    "cen_accuracy": 0.3424
  },
  "54": {
    "cen_loss": 2.5241229998588564,
    "cen_accuracy": 0.3517
  },
  "55": {
    "cen_loss": 2.570306858253479,
    "cen_accuracy": 0.3721
  },
  "56": {
    "cen_loss": 3.7913870697021483,
    "cen_accuracy": 0.2973
  },
  "57": {
    "cen_loss": 3.1587717334747314,
    "cen_accuracy": 0.3111
  },
  "58": {
    "cen_loss": 2.6216103548049925,
    "cen_accuracy": 0.3128
  },
  "59": {
    "cen_loss": 1.9674512603759766,
    "cen_accuracy": 0.4014
  },
  "60": {
    "cen_loss": 1.967451238822937,
    "cen_accuracy": 0.4014
  },
  "61": {
    "cen_loss": 2.0719115386009217,
    "cen_accuracy": 0.3938
  },
  "62": {
    "cen_loss": 2.200637137508392,
    "cen_accuracy": 0.3921
  },
  "63": {
    "cen_loss": 1.9403934510231018,
    "cen_accuracy": 0.4349
  },
  "64": {
    "cen_loss": 2.3801955307006835,
    "cen_accuracy": 0.3948
  },
  "65": {
    "cen_loss": 1.909928946685791,
    "cen_accuracy": 0.4395
  },
  "66": {
    "cen_loss": 3.091879016494751,
    "cen_accuracy": 0.3453
  },
  "67": {
    "cen_loss": 2.8682460306167603,
    "cen_accuracy": 0.3638
  },
  "68": {
    "cen_loss": 2.5202889896392824,
    "cen_accuracy": 0.3785
  },
  "69": {
    "cen_loss": 3.196533479499817,
    "cen_accuracy": 0.3472
  },
  "70": {
    "cen_loss": 3.1965334688186644,
    "cen_accuracy": 0.3472
  },
  "71": {
    "cen_loss": 2.941561841583252,
    "cen_accuracy": 0.3251
  },
  "72": {
    "cen_loss": 2.581494766044617,
    "cen_accuracy": 0.3457
  },
  "73": {
    "cen_loss": 1.8219553782463074,
    "cen_accuracy": 0.4383
  },
  "74": {
    "cen_loss": 2.216210049533844,
    "cen_accuracy": 0.4151
  },
  "75": {
    "cen_loss": 2.4599992864608766,
    "cen_accuracy": 0.3629
  },
  "76": {
    "cen_loss": 1.8908853302955628,
    "cen_accuracy": 0.4528
  },
  "77": {
    "cen_loss": 2.6016976915359495,
    "cen_accuracy": 0.377
  },
  "78": {
    "cen_loss": 2.2818707611083986,
    "cen_accuracy": 0.3881
  },
  "79": {
    "cen_loss": 2.204161305141449,
    "cen_accuracy": 0.3775
  },
  "80": {
    "cen_loss": 2.204161287784576,
    "cen_accuracy": 0.3775
  },
  "81": {
    "cen_loss": 2.615058431148529,
    "cen_accuracy": 0.3769
  },
  "82": {
    "cen_loss": 2.1385666266441343,
    "cen_accuracy": 0.422
  },
  "83": {
    "cen_loss": 2.3760321555137636,
    "cen_accuracy": 0.4097
  },
  "84": {
    "cen_loss": 2.167225956249237,
    "cen_accuracy": 0.4016
  },
  "85": {
    "cen_loss": 2.6812148621559144,
    "cen_accuracy": 0.3588
  },
  "86": {
    "cen_loss": 2.196899261665344,
    "cen_accuracy": 0.4105
  },
  "87": {
    "cen_loss": 2.6526716220855713,
    "cen_accuracy": 0.3384
  },
  "88": {
    "cen_loss": 2.48339485206604,
    "cen_accuracy": 0.3856
  },
  "89": {
    "cen_loss": 1.9313539076805115,
    "cen_accuracy": 0.4397
  },
  "90": {
    "cen_loss": 1.9313539385795593,
    "cen_accuracy": 0.4397
  },
  "91": {
    "cen_loss": 1.9097184745788574,
    "cen_accuracy": 0.4446
  },
  "92": {
    "cen_loss": 1.9365806497573852,
    "cen_accuracy": 0.44
  },
  "93": {
    "cen_loss": 2.020055750274658,
    "cen_accuracy": 0.4275
  },
  "94": {
    "cen_loss": 3.271007642173767,
    "cen_accuracy": 0.3476
  },
  "95": {
    "cen_loss": 2.4696653705596923,
    "cen_accuracy": 0.3807
  },
  "96": {
    "cen_loss": 1.996224503993988,
    "cen_accuracy": 0.4219
  },
  "97": {
    "cen_loss": 1.9251587644577026,
    "cen_accuracy": 0.4436
  },
  "98": {
    "cen_loss": 1.9560646256446839,
    "cen_accuracy": 0.4518
  },
  "99": {
    "cen_loss": 2.245942119312286,
    "cen_accuracy": 0.4126
  },
  "100": {
    "cen_loss": 2.2459420996665953,
    "cen_accuracy": 0.4126
  },
  "101": {
    "cen_loss": 2.5131755628585815,
    "cen_accuracy": 0.3562
  }
}