{
  "0": {
    "cen_loss": 2.3027744300842286,
    "cen_accuracy": 0.1
  },
  "1": {
    "cen_loss": 2.3027744300842286,
    "cen_accuracy": 0.1
  },
  "2": {
    "cen_loss": 2.4281170989990235,
    "cen_accuracy": 0.1
  },
  "3": {
    "cen_loss": 3.0830092784881593,
    "cen_accuracy": 0.1
  },
  "4": {
    "cen_loss": 3.332981563949585,
    "cen_accuracy": 0.1
  },
  "5": {
    "cen_loss": 4.196193762207031,
    "cen_accuracy": 0.1
  },
  "6": {
    "cen_loss": 5.005139093017578,
    "cen_accuracy": 0.1
  },
  "7": {
    "cen_loss": 3.6061526092529297,
    "cen_accuracy": 0.1015
  },
  "8": {
    "cen_loss": 3.828079718399048,
    "cen_accuracy": 0.101
  },
  "9": {
    "cen_loss": 5.068727516174317,
    "cen_accuracy": 0.1
  },
  "10": {
    "cen_loss": 3.109814986228943,
    "cen_accuracy": 0.3115
  },
  "11": {
    "cen_loss": 4.0744421035766605,
    "cen_accuracy": 0.1001
  },
  "12": {
    "cen_loss": 2.8279750707626343,
    "cen_accuracy": 0.2146
  },
  "13": {
    "cen_loss": 2.685187322807312,
    "cen_accuracy": 0.1668
  },
  "14": {
    "cen_loss": 2.2482283224105837,
    "cen_accuracy": 0.2752
  },
  "15": {
    "cen_loss": 1.6644942702293395,
    "cen_accuracy": 0.4263
  },
  "16": {
    "cen_loss": 1.9319259031295777,
    "cen_accuracy": 0.4119
  },
  "17": {
    "cen_loss": 1.4203258618354797,
    "cen_accuracy": 0.4988
  },
  "18": {
    "cen_loss": 1.6179365488052369,
    "cen_accuracy": 0.4777
  },
  "19": {
    "cen_loss": 1.7945671264648437,
    "cen_accuracy": 0.5015
  },
  "20": {
    "cen_loss": 1.7709729949474335,
    "cen_accuracy": 0.5703
  },
  "21": {
    "cen_loss": 1.236442888021469,
    "cen_accuracy": 0.5553
  },
  "22": {
    "cen_loss": 1.478026241540909,
    "cen_accuracy": 0.5194
  },
  "23": {
    "cen_loss": 1.6388686747550965,
    "cen_accuracy": 0.4509
  },
  "24": {
    "cen_loss": 1.2601377957344055,
    "cen_accuracy": 0.558
  },
  "25": {
    "cen_loss": 1.188108504152298,
    "cen_accuracy": 0.5813
  },
  "26": {
    "cen_loss": 1.295980517578125,
    "cen_accuracy": 0.554
  },
  "27": {
    "cen_loss": 1.6485416440963745,
    "cen_accuracy": 0.5154
  },
  "28": {
    "cen_loss": 1.1843127290725708,
    "cen_accuracy": 0.5847
  },
  "29": {
    "cen_loss": 1.1930735564947128,
    "cen_accuracy": 0.5824
  },
  "30": {
    "cen_loss": 1.1949837570667268,
    "cen_accuracy": 0.597
  },
  "31": {
    "cen_loss": 1.2256217400550842,
    "cen_accuracy": 0.6127
  },
  "32": {
    "cen_loss": 1.2389586797237395,
    "cen_accuracy": 0.568
  },
  "33": {
    "cen_loss": 1.199216445016861,
    "cen_accuracy": 0.5847
  },
  "34": {
    "cen_loss": 1.5829570612907409,
    "cen_accuracy": 0.5024
  },
  "35": {
    "cen_loss": 1.3426644186019898,
    "cen_accuracy": 0.5544
  },
  "36": {
    "cen_loss": 1.2214324815750122,
    "cen_accuracy": 0.5558
  },
  "37": {
    "cen_loss": 1.2530210031986238,
    "cen_accuracy": 0.5527
  },
  "38": {
    "cen_loss": 0.9823116108179092,
    "cen_accuracy": 0.6703
  },
  "39": {
    "cen_loss": 1.0679688755512238,
    "cen_accuracy": 0.6504
  },
  "40": {
    "cen_loss": 1.162120602941513,
    "cen_accuracy": 0.6466
  },
  "41": {
    "cen_loss": 1.164862450313568,
    "cen_accuracy": 0.6149
  },
  "42": {
    "cen_loss": 1.0482071258544923,
    "cen_accuracy": 0.6344
  },
  "43": {
    "cen_loss": 1.2531628861904145,
    "cen_accuracy": 0.6006
  },
  "44": {
    "cen_loss": 1.0080607683897018,
    "cen_accuracy": 0.6512
  },
  "45": {
    "cen_loss": 1.0002770922422408,
    "cen_accuracy": 0.6927
  },
  "46": {
    "cen_loss": 0.9074318536996842,
    "cen_accuracy": 0.687
  },
  "47": {
    "cen_loss": 0.9365556649446487,
    "cen_accuracy": 0.6813
  },
  "48": {
    "cen_loss": 1.1507585225343704,
    "cen_accuracy": 0.6265
  },
  "49": {
    "cen_loss": 0.9340132620811462,
    "cen_accuracy": 0.6676
  },
  "50": {
    "cen_loss": 0.9386205367565155,
    "cen_accuracy": 0.6762
  },
  "51": {
    "cen_loss": 1.1805787087440491,
    "cen_accuracy": 0.5967
  },
  "52": {
    "cen_loss": 1.2643352678775788,
    "cen_accuracy": 0.5863
  },
  "53": {
    "cen_loss": 1.0672787402153014,
    "cen_accuracy": 0.6397
  },
  "54": {
    "cen_loss": 0.9174176228284836,
    "cen_accuracy": 0.6764
  },
  "55": {
    "cen_loss": 1.2046526333332062,
    "cen_accuracy": 0.6364
  },
  "56": {
    "cen_loss": 0.9657353750944138,
    "cen_accuracy": 0.6737
  },
  "57": {
    "cen_loss": 0.8837830559968949,
    "cen_accuracy": 0.6937
  },
  "58": {
    "cen_loss": 0.8580531497001648,
    "cen_accuracy": 0.7082
  },
  "59": {
    "cen_loss": 1.0618254682540893,
    "cen_accuracy": 0.6428
  },
  "60": {
    "cen_loss": 1.329629746556282,
    "cen_accuracy": 0.6024
  },
  "61": {
    "cen_loss": 1.3130928702354432,
    "cen_accuracy": 0.641
  },
  "62": {
    "cen_loss": 0.8154173340082168,
    "cen_accuracy": 0.7136
  },
  "63": {
    "cen_loss": 0.9462241151571273,
    "cen_accuracy": 0.6725
  },
  "64": {
    "cen_loss": 1.182769379377365,
    "cen_accuracy": 0.6277
  },
  "65": {
    "cen_loss": 1.1001845871686935,
    "cen_accuracy": 0.6689
  },
  "66": {
    "cen_loss": 0.9633781887531281,
    "cen_accuracy": 0.6502
  },
  "67": {
    "cen_loss": 1.0055824020147324,
    "cen_accuracy": 0.6671
  },
  "68": {
    "cen_loss": 0.8254346002340317,
    "cen_accuracy": 0.7112
  },
  "69": {
    "cen_loss": 0.8422583447694778,
    "cen_accuracy": 0.7133
  },
  "70": {
    "cen_loss": 1.0957887189388276,
    "cen_accuracy": 0.669
  },
  "71": {
    "cen_loss": 0.7291085690975189,
    "cen_accuracy": 0.7436
  },
  "72": {
    "cen_loss": 0.7845615830421447,
    "cen_accuracy": 0.7238
  },
  "73": {
    "cen_loss": 0.7696867602586747,
    "cen_accuracy": 0.7391
  },
  "74": {
    "cen_loss": 0.7922738699674606,
    "cen_accuracy": 0.7267
  },
  "75": {
    "cen_loss": 0.7718070091724396,
    "cen_accuracy": 0.7288
  },
  "76": {
    "cen_loss": 0.9759939561724663,
    "cen_accuracy": 0.6972
  },
  "77": {
    "cen_loss": 0.9685337934494018,
    "cen_accuracy": 0.6624
  },
  "78": {
    "cen_loss": 0.8219152378201484,
    "cen_accuracy": 0.7297
  },
  "79": {
    "cen_loss": 0.9880190109491348,
    "cen_accuracy": 0.6807
  },
  "80": {
    "cen_loss": 1.0454544473469258,
    "cen_accuracy": 0.6719
  },
  "81": {
    "cen_loss": 1.7181492506027223,
    "cen_accuracy": 0.4538
  },
  "82": {
    "cen_loss": 1.1716644921302795,
    "cen_accuracy": 0.6897
  },
  "83": {
    "cen_loss": 1.0274965234041213,
    "cen_accuracy": 0.6921
  },
  "84": {
    "cen_loss": 1.0399943808078767,
    "cen_accuracy": 0.6541
  },
  "85": {
    "cen_loss": 0.7809481895446777,
    "cen_accuracy": 0.7293
  },
  "86": {
    "cen_loss": 0.8328647539138794,
    "cen_accuracy": 0.7231
  },
  "87": {
    "cen_loss": 0.8939521959662438,
    "cen_accuracy": 0.7097
  },
  "88": {
    "cen_loss": 0.8411511087656021,
    "cen_accuracy": 0.7043
  },
  "89": {
    "cen_loss": 0.9565269384980202,
    "cen_accuracy": 0.6929
  },
  "90": {
    "cen_loss": 1.0920935310363769,
    "cen_accuracy": 0.667
  },
  "91": {
    "cen_loss": 0.9387834830522537,
    "cen_accuracy": 0.6995
  },
  "92": {
    "cen_loss": 1.0723011001110077,
    "cen_accuracy": 0.6399
  },
  "93": {
    "cen_loss": 0.9604107825279236,
    "cen_accuracy": 0.6961
  },
  "94": {
    "cen_loss": 0.8159004414796829,
    "cen_accuracy": 0.7106
  },
  "95": {
    "cen_loss": 0.9134090827941894,
    "cen_accuracy": 0.6874
  },
  "96": {
    "cen_loss": 0.8129732681274414,
    "cen_accuracy": 0.7165
  },
  "97": {
    "cen_loss": 0.8060993696451187,
    "cen_accuracy": 0.7278
  },
  "98": {
    "cen_loss": 0.8896763265132904,
    "cen_accuracy": 0.7133
  },
  "99": {
    "cen_loss": 0.9950775653839111,
    "cen_accuracy": 0.642
  },
  "100": {
    "cen_loss": 1.2548530207157136,
    "cen_accuracy": 0.5849
  },
  "101": {
    "cen_loss": 0.8521615262746811,
    "cen_accuracy": 0.7203
  },
  "102": {
    "cen_loss": 1.0668531432151795,
    "cen_accuracy": 0.64
  },