{
  "0": {
    "cen_loss": 2.303392876815796,
    "cen_accuracy": 0.1
  },
  "1": {
    "cen_loss": 2.303392876815796,
    "cen_accuracy": 0.1
  },
  "2": {
    "cen_loss": 2.059710754394531,
    "cen_accuracy": 0.2463
  },
  "3": {
    "cen_loss": 1.6384930636405945,
    "cen_accuracy": 0.4035
  },
  "4": {
    "cen_loss": 1.6068313454627992,
    "cen_accuracy": 0.4327
  },
  "5": {
    "cen_loss": 1.5470034854412078,
    "cen_accuracy": 0.4677
  },
  "6": {
    "cen_loss": 1.5951307940483093,
    "cen_accuracy": 0.4609
  },
  "7": {
    "cen_loss": 1.5382738278388977,
    "cen_accuracy": 0.4845
  },
  "8": {
    "cen_loss": 1.5759553159713746,
    "cen_accuracy": 0.4816
  },
  "9": {
    "cen_loss": 1.6188824842453002,
    "cen_accuracy": 0.4895
  },
  "10": {
    "cen_loss": 1.6184896154403687,
    "cen_accuracy": 0.4894
  },
  "11": {
    "cen_loss": 1.5995407364845275,
    "cen_accuracy": 0.482
  },
  "12": {
    "cen_loss": 1.5727018374919892,
    "cen_accuracy": 0.4918
  },
  "13": {
    "cen_loss": 1.5970503237724305,
    "cen_accuracy": 0.4969
  },
  "14": {
    "cen_loss": 1.5821308559417724,
    "cen_accuracy": 0.5047
  },
  "15": {
    "cen_loss": 1.5791177337169646,
    "cen_accuracy": 0.516
  },
  "16": {
    "cen_loss": 1.5812232799530028,
    "cen_accuracy": 0.5176
  },
  "17": {
    "cen_loss": 1.5328865231513977,
    "cen_accuracy": 0.5209
  },
  "18": {
    "cen_loss": 1.5485411752700806,
    "cen_accuracy": 0.5219
  },
  "19": {
    "cen_loss": 1.54376904630661,
    "cen_accuracy": 0.5257
  },
  "20": {
    "cen_loss": 1.5437690602302552,
    "cen_accuracy": 0.5257
  },
  "21": {
    "cen_loss": 1.530357606649399,
    "cen_accuracy": 0.5248
  },
  "22": {
    "cen_loss": 1.5670100255966186,
    "cen_accuracy": 0.5342
  },
  "23": {
    "cen_loss": 1.5580498766422273,
    "cen_accuracy": 0.5381
  },
  "24": {
    "cen_loss": 1.5619077737808227,
    "cen_accuracy": 0.536
  },
  "25": {
    "cen_loss": 1.6414805083751678,
    "cen_accuracy": 0.5167
  },
  "26": {
    "cen_loss": 1.5612041140079498,
    "cen_accuracy": 0.5381
  },
  "27": {
    "cen_loss": 1.5583944039821624,
    "cen_accuracy": 0.528
  },
  "28": {
    "cen_loss": 1.5753985257148744,
    "cen_accuracy": 0.5388
  },
  "29": {
    "cen_loss": 1.6036887239933013,
    "cen_accuracy": 0.5413
  },
  "30": {
    "cen_loss": 1.6036887192726135,
    "cen_accuracy": 0.5413
  },
  "31": {
    "cen_loss": 1.6054967863082885,
    "cen_accuracy": 0.5495
  },
  "32": {
    "cen_loss": 1.622123103761673,
    "cen_accuracy": 0.5414
  },
  "33": {
    "cen_loss": 1.583784835910797,
    "cen_accuracy": 0.5563
  },
  "34": {
    "cen_loss": 1.5524818335056305,
    "cen_accuracy": 0.551
  },
  "35": {
    "cen_loss": 1.5929998055934906,
    "cen_accuracy": 0.5539
  },
  "36": {
    "cen_loss": 1.6214969120025635,
    "cen_accuracy": 0.5386
  },
  "37": {
    "cen_loss": 1.5779469208717347,
    "cen_accuracy": 0.5441
  },
  "38": {
    "cen_loss": 1.6217552688598633,
    "cen_accuracy": 0.5518
  },
  "39": {
    "cen_loss": 1.6832781353473663,
    "cen_accuracy": 0.5508
  },
  "40": {
    "cen_loss": 1.6832781220436097,
    "cen_accuracy": 0.5508
  },
  "41": {
    "cen_loss": 1.5925934478759765,
    "cen_accuracy": 0.5569
  },
  "42": {
    "cen_loss": 1.5822747420310974,
    "cen_accuracy": 0.5593
  },
  "43": {
    "cen_loss": 1.6585905536174774,
    "cen_accuracy": 0.5414
  },
  "44": {
    "cen_loss": 1.5820825678348542,
    "cen_accuracy": 0.5571
  },
  "45": {
    "cen_loss": 1.6108700872421264,
    "cen_accuracy": 0.5536
  },
  "46": {
    "cen_loss": 1.6364164725780488,
    "cen_accuracy": 0.5402
  },
  "47": {
    "cen_loss": 1.6213821563720703,
    "cen_accuracy": 0.5506
  },
  "48": {
    "cen_loss": 1.6277696026802062,
    "cen_accuracy": 0.5521
  },
  "49": {
    "cen_loss": 1.678454658460617,
    "cen_accuracy": 0.5494
  },
  "50": {
    "cen_loss": 1.6784546355724335,
    "cen_accuracy": 0.5494
  },
  "51": {
    "cen_loss": 1.7166618598937988,
    "cen_accuracy": 0.5523
  },
  "52": {
    "cen_loss": 1.6090646927833556,
    "cen_accuracy": 0.5514
  },
  "53": {
    "cen_loss": 1.607150098848343,
    "cen_accuracy": 0.5577
  },
  "54": {
    "cen_loss": 1.6130304686546326,
    "cen_accuracy": 0.5537
  },
  "55": {
    "cen_loss": 1.6461916892528534,
    "cen_accuracy": 0.5494
  },
  "56": {
    "cen_loss": 1.603136065530777,
    "cen_accuracy": 0.556
  },
  "57": {
    "cen_loss": 1.60297442779541,
    "cen_accuracy": 0.5584
  },
  "58": {
    "cen_loss": 1.5997543154239655,
    "cen_accuracy": 0.5629
  },
  "59": {
    "cen_loss": 1.6473862286567689,
    "cen_accuracy": 0.5593
  },
  "60": {
    "cen_loss": 1.647386240720749,
    "cen_accuracy": 0.5593
  },
  "61": {
    "cen_loss": 1.5770937522411346,
    "cen_accuracy": 0.569
  },
  "62": {
    "cen_loss": 1.5479579033374786,
    "cen_accuracy": 0.571
  },
  "63": {
    "cen_loss": 1.6383919650554657,
    "cen_accuracy": 0.5626
  },
  "64": {
    "cen_loss": 1.6385992999076844,
    "cen_accuracy": 0.5478
  },
  "65": {
    "cen_loss": 1.6169933323383332,
    "cen_accuracy": 0.5619
  },
  "66": {
    "cen_loss": 1.6597907052993774,
    "cen_accuracy": 0.5571
  },
  "67": {
    "cen_loss": 1.6111012391090394,
    "cen_accuracy": 0.562
  },
  "68": {
    "cen_loss": 1.6666778860092164,
    "cen_accuracy": 0.565
  },
  "69": {
    "cen_loss": 1.5774030099868774,
    "cen_accuracy": 0.5637
  },
  "70": {
    "cen_loss": 1.5774030158996581,
    "cen_accuracy": 0.5637
  },
  "71": {
    "cen_loss": 1.6117572048664093,
    "cen_accuracy": 0.5643
  },
  "72": {
    "cen_loss": 1.58015856757164,
    "cen_accuracy": 0.5661
  },
  "73": {
    "cen_loss": 1.6169787165164948,
    "cen_accuracy": 0.5625
  },
  "74": {
    "cen_loss": 1.623500137758255,
    "cen_accuracy": 0.5695
  },
  "75": {
    "cen_loss": 1.6368748817443848,
    "cen_accuracy": 0.5726
  },
  "76": {
    "cen_loss": 1.6333291683673858,
    "cen_accuracy": 0.5662
  },
  "77": {
    "cen_loss": 1.6381010756492616,
    "cen_accuracy": 0.5657
  },
  "78": {
    "cen_loss": 1.6350442202091218,
    "cen_accuracy": 0.5735
  },
  "79": {
    "cen_loss": 1.6133407879829407,
    "cen_accuracy": 0.5649
  },
  "80": {
    "cen_loss": 1.6133408102512359,
    "cen_accuracy": 0.5649
  },
  "81": {
    "cen_loss": 1.6465348960399628,
    "cen_accuracy": 0.5654
  },
  "82": {
    "cen_loss": 1.6571089839935302,
    "cen_accuracy": 0.5642
  },
  "83": {
    "cen_loss": 1.6695288319349288,
    "cen_accuracy": 0.5653
  },
  "84": {
    "cen_loss": 1.6921100572586059,
    "cen_accuracy": 0.5652
  },
  "85": {
    "cen_loss": 1.701346365070343,
    "cen_accuracy": 0.5624
  },
  "86": {
    "cen_loss": 1.6568557826280594,
    "cen_accuracy": 0.5676
  },
  "87": {
    "cen_loss": 1.677186926794052,
    "cen_accuracy": 0.5574
  },
  "88": {
    "cen_loss": 1.656724980735779,
    "cen_accuracy": 0.5698
  },
  "89": {
    "cen_loss": 1.6377811923503875,
    "cen_accuracy": 0.5651
  },
  "90": {
    "cen_loss": 1.637781203699112,
    "cen_accuracy": 0.5651
  },
  "91": {
    "cen_loss": 1.7020112415790558,
    "cen_accuracy": 0.5623
  },
  "92": {
    "cen_loss": 1.6078316605567933,
    "cen_accuracy": 0.5729
  },
  "93": {
    "cen_loss": 1.6769107390880584,
    "cen_accuracy": 0.5662
  },
  "94": {
    "cen_loss": 1.6397936791419983,
    "cen_accuracy": 0.5674
  },
  "95": {
    "cen_loss": 1.7106454772472381,
    "cen_accuracy": 0.5684
  },
  "96": {
    "cen_loss": 1.6351941268444061,
    "cen_accuracy": 0.5707
  },
  "97": {
    "cen_loss": 1.7550152196407318,
    "cen_accuracy": 0.5626
  },
  "98": {
    "cen_loss": 1.6180226861476898,
    "cen_accuracy": 0.5643
  },
  "99": {
    "cen_loss": 1.6878630507469177,
    "cen_accuracy": 0.5606
  },
  "100": {
    "cen_loss": 1.6878630422592162,
    "cen_accuracy": 0.5606
  },
  "101": {
    "cen_loss": 1.7129494316101075,
    "cen_accuracy": 0.5613
  }
}