{
  "0": {
    "cen_loss": 2.3027744300842286,
    "cen_accuracy": 0.1
  },
  "1": {
    "cen_loss": 2.3027744300842286,
    "cen_accuracy": 0.1
  },
  "2": {
    "cen_loss": 2.9202587982177732,
    "cen_accuracy": 0.1
  },
  "3": {
    "cen_loss": 3.4437710594177244,
    "cen_accuracy": 0.1
  },
  "4": {
    "cen_loss": 3.5729111431121825,
    "cen_accuracy": 0.1001
  },
  "5": {
    "cen_loss": 9.652160229492187,
    "cen_accuracy": 0.1
  },
  "6": {
    "cen_loss": 3.3042217653274535,
    "cen_accuracy": 0.115
  },
  "7": {
    "cen_loss": 3.3467869956970215,
    "cen_accuracy": 0.1869
  },
  "8": {
    "cen_loss": 8.893688780975342,
    "cen_accuracy": 0.1
  },
  "9": {
    "cen_loss": 4.577366791915893,
    "cen_accuracy": 0.1
  },
  "10": {
    "cen_loss": 4.9607773853302,
    "cen_accuracy": 0.1
  },
  "11": {
    "cen_loss": 3.803109674835205,
    "cen_accuracy": 0.2471
  },
  "12": {
    "cen_loss": 2.988892209625244,
    "cen_accuracy": 0.2097
  },
  "13": {
    "cen_loss": 2.8575891262054443,
    "cen_accuracy": 0.2799
  },
  "14": {
    "cen_loss": 4.092594233703613,
    "cen_accuracy": 0.1549
  },
  "15": {
    "cen_loss": 2.348488991355896,
    "cen_accuracy": 0.3606
  },
  "16": {
    "cen_loss": 3.299973311042786,
    "cen_accuracy": 0.1879
  },
  "17": {
    "cen_loss": 4.397155300521851,
    "cen_accuracy": 0.1775
  },
  "18": {
    "cen_loss": 2.552358568572998,
    "cen_accuracy": 0.3476
  },
  "19": {
    "cen_loss": 2.478068630886078,
    "cen_accuracy": 0.3909
  },
  "20": {
    "cen_loss": 2.4241980951309205,
    "cen_accuracy": 0.3809
  },
  "21": {
    "cen_loss": 2.2781529693603515,
    "cen_accuracy": 0.311
  },
  "22": {
    "cen_loss": 2.371471074104309,
    "cen_accuracy": 0.3773
  },
  "23": {
    "cen_loss": 2.190709671497345,
    "cen_accuracy": 0.3798
  },
  "24": {
    "cen_loss": 3.1311820600509646,
    "cen_accuracy": 0.2843
  },
  "25": {
    "cen_loss": 1.8008508784294128,
    "cen_accuracy": 0.3982
  },
  "26": {
    "cen_loss": 2.597267350196838,
    "cen_accuracy": 0.2731
  },
  "27": {
    "cen_loss": 3.0839705444335936,
    "cen_accuracy": 0.2873
  },
  "28": {
    "cen_loss": 2.0462668022155763,
    "cen_accuracy": 0.4249
  },
  "29": {
    "cen_loss": 2.3375063919067385,
    "cen_accuracy": 0.3721
  },
  "30": {
    "cen_loss": 2.4319751925468447,
    "cen_accuracy": 0.3946
  },
  "31": {
    "cen_loss": 2.1527806349754335,
    "cen_accuracy": 0.4304
  },
  "32": {
    "cen_loss": 2.640650654220581,
    "cen_accuracy": 0.3646
  },
  "33": {
    "cen_loss": 2.90165276184082,
    "cen_accuracy": 0.38
  },
  "34": {
    "cen_loss": 3.7201673839569094,
    "cen_accuracy": 0.2269
  },
  "35": {
    "cen_loss": 3.6076234308242796,
    "cen_accuracy": 0.2314
  },
  "36": {
    "cen_loss": 2.395352066230774,
    "cen_accuracy": 0.3683
  },
  "37": {
    "cen_loss": 2.4717328976631165,
    "cen_accuracy": 0.3504
  },
  "38": {
    "cen_loss": 3.0755287313461306,
    "cen_accuracy": 0.2216
  },
  "39": {
    "cen_loss": 2.6975438034057615,
    "cen_accuracy": 0.2789
  },
  "40": {
    "cen_loss": 2.966734348487854,
    "cen_accuracy": 0.2689
  },
  "41": {
    "cen_loss": 2.2592108518600464,
    "cen_accuracy": 0.3052
  },
  "42": {
    "cen_loss": 2.26846121673584,
    "cen_accuracy": 0.413
  },
  "43": {
    "cen_loss": 2.560985341453552,
    "cen_accuracy": 0.3277
  },
  "44": {
    "cen_loss": 2.765910832595825,
    "cen_accuracy": 0.317
  },
  "45": {
    "cen_loss": 1.4951168787956237,
    "cen_accuracy": 0.5126
  },
  "46": {
    "cen_loss": 3.662082731437683,
    "cen_accuracy": 0.3923
  },
  "47": {
    "cen_loss": 1.796709782886505,
    "cen_accuracy": 0.4939
  },
  "48": {
    "cen_loss": 1.2992984174728393,
    "cen_accuracy": 0.5592
  },
  "49": {
    "cen_loss": 2.354227117061615,
    "cen_accuracy": 0.3659
  },
  "50": {
    "cen_loss": 3.2702538547515867,
    "cen_accuracy": 0.3218
  },
  "51": {
    "cen_loss": 2.707714891433716,
    "cen_accuracy": 0.3189
  },
  "52": {
    "cen_loss": 2.029586963558197,
    "cen_accuracy": 0.4195
  },
  "53": {
    "cen_loss": 1.3509127591609955,
    "cen_accuracy": 0.5412
  },
  "54": {
    "cen_loss": 1.605563653087616,
    "cen_accuracy": 0.5127
  },
  "55": {
    "cen_loss": 1.61243461933136,
    "cen_accuracy": 0.5156
  },
  "56": {
    "cen_loss": 1.6184286025047303,
    "cen_accuracy": 0.5312
  },
  "57": {
    "cen_loss": 3.776338021659851,
    "cen_accuracy": 0.3343
  },
  "58": {
    "cen_loss": 1.5777023020744323,
    "cen_accuracy": 0.4913
  },
  "59": {
    "cen_loss": 2.262624945831299,
    "cen_accuracy": 0.4172
  },
  "60": {
    "cen_loss": 3.1043682800292967,
    "cen_accuracy": 0.359
  },
  "61": {
    "cen_loss": 2.7982010375976563,
    "cen_accuracy": 0.2425
  },
  "62": {
    "cen_loss": 1.7546861387252808,
    "cen_accuracy": 0.4436
  },
  "63": {
    "cen_loss": 3.3090525285720824,
    "cen_accuracy": 0.2326
  },
  "64": {
    "cen_loss": 1.8885468605041504,
    "cen_accuracy": 0.3564
  },
  "65": {
    "cen_loss": 1.5548963508605957,
    "cen_accuracy": 0.4622
  },
  "66": {
    "cen_loss": 1.8740180709838867,
    "cen_accuracy": 0.4221
  },
  "67": {
    "cen_loss": 2.282220447444916,
    "cen_accuracy": 0.3898
  },
  "68": {
    "cen_loss": 1.416792516899109,
    "cen_accuracy": 0.52
  },
  "69": {
    "cen_loss": 1.8847118180274964,
    "cen_accuracy": 0.4251
  },
  "70": {
    "cen_loss": 2.346251242733002,
    "cen_accuracy": 0.3765
  },
  "71": {
    "cen_loss": 2.0163979714393614,
    "cen_accuracy": 0.4397
  },
  "72": {
    "cen_loss": 2.0052587735652923,
    "cen_accuracy": 0.5073
  },
  "73": {
    "cen_loss": 2.530590118789673,
    "cen_accuracy": 0.4571
  },
  "74": {
    "cen_loss": 3.077100295829773,
    "cen_accuracy": 0.3763
  },
  "75": {
    "cen_loss": 1.6079704105377197,
    "cen_accuracy": 0.5249
  },
  "76": {
    "cen_loss": 1.823495797252655,
    "cen_accuracy": 0.5158
  },
  "77": {
    "cen_loss": 1.3357583326816558,
    "cen_accuracy": 0.53
  },
  "78": {
    "cen_loss": 1.510569015312195,
    "cen_accuracy": 0.5117
  },
  "79": {
    "cen_loss": 1.2448170704364776,
    "cen_accuracy": 0.5461
  },
  "80": {
    "cen_loss": 1.475333818769455,
    "cen_accuracy": 0.4837
  },
  "81": {
    "cen_loss": 1.499030553150177,
    "cen_accuracy": 0.5277
  },
  "82": {
    "cen_loss": 1.6204736928462982,
    "cen_accuracy": 0.5209
  },
  "83": {
    "cen_loss": 1.4987172781944276,
    "cen_accuracy": 0.5231
  },
  "84": {
    "cen_loss": 1.7180617218971252,
    "cen_accuracy": 0.4847
  },
  "85": {
    "cen_loss": 1.8729261796951293,
    "cen_accuracy": 0.5007
  },
  "86": {
    "cen_loss": 1.5954458978652954,
    "cen_accuracy": 0.5666
  },
  "87": {
    "cen_loss": 2.5295784642219545,
    "cen_accuracy": 0.4637
  },
  "88": {
    "cen_loss": 1.7305725697517396,
    "cen_accuracy": 0.5398
  },
  "89": {
    "cen_loss": 1.2757955506324767,
    "cen_accuracy": 0.5908
  },
  "90": {
    "cen_loss": 1.4908352314949036,
    "cen_accuracy": 0.5674
  },
  "91": {
    "cen_loss": 1.5578003273010255,
    "cen_accuracy": 0.5192
  },
  "92": {
    "cen_loss": 1.391380441713333,
    "cen_accuracy": 0.5804
  },
  "93": {
    "cen_loss": 1.5606493339538574,
    "cen_accuracy": 0.5057
  },
  "94": {
    "cen_loss": 2.1098174481868743,
    "cen_accuracy": 0.5166
  },
  "95": {
    "cen_loss": 1.6642957574844361,
    "cen_accuracy": 0.5388
  },
  "96": {
    "cen_loss": 2.613076069355011,
    "cen_accuracy": 0.4189
  },
  "97": {
    "cen_loss": 1.6879589103698731,
    "cen_accuracy": 0.473
  },
  "98": {
    "cen_loss": 2.995953467655182,
    "cen_accuracy": 0.3524
  },
  "99": {
    "cen_loss": 4.103752302551269,
    "cen_accuracy": 0.2172
  },
  "100": {
    "cen_loss": 5.593413185119629,
    "cen_accuracy": 0.1659
  },
  "101": {
    "cen_loss": 1.5046003871917724,
    "cen_accuracy": 0.5147
  },
  "102": {
    "cen_loss": 1.3451338090419769,
    "cen_accuracy": 0.5407
  },
  "103": {
    "cen_loss": 1.5577285578727722,