{
  "0": {
    "cen_loss": 2.30270415186882,
    "cen_accuracy": 0.101375
  },
  "1": {
    "cen_loss": 2.30270415186882,
    "cen_accuracy": 0.101375
  },
  "2": {
    "cen_loss": 2.4314969654083254,
    "cen_accuracy": 0.100875
  },
  "3": {
    "cen_loss": 2.3804373401403427,
    "cen_accuracy": 0.10125
  },
  "4": {
    "cen_loss": 2.384166881322861,
    "cen_accuracy": 0.09975
  },
  "5": {
    "cen_loss": 2.3850599818229674,
    "cen_accuracy": 0.10475
  },
  "6": {
    "cen_loss": 2.3178493175506594,
    "cen_accuracy": 0.097875
  },
  "7": {
    "cen_loss": 2.35321214389801,
    "cen_accuracy": 0.09675
  },
  "8": {
    "cen_loss": 2.398522366166115,
    "cen_accuracy": 0.101125
  },
  "9": {
    "cen_loss": 2.3363811609745024,
    "cen_accuracy": 0.098125
  },
  "10": {
    "cen_loss": 2.3189287781715393,
    "cen_accuracy": 0.128
  },
  "11": {
    "cen_loss": 2.4366705836057663,
    "cen_accuracy": 0.1
  },
  "12": {
    "cen_loss": 2.4106039342880248,
    "cen_accuracy": 0.10125
  },
  "13": {
    "cen_loss": 2.40876701939106,
    "cen_accuracy": 0.10125
  },
  "14": {
    "cen_loss": 2.4543347392082215,
    "cen_accuracy": 0.0995
  },
  "15": {
    "cen_loss": 2.367782410979271,
    "cen_accuracy": 0.085125
  },
  "16": {
    "cen_loss": 2.4187991416454313,
    "cen_accuracy": 0.098625
  },
  "17": {
    "cen_loss": 2.4210402814149856,
    "cen_accuracy": 0.093875
  },
  "18": {
    "cen_loss": 2.5463777050971985,
    "cen_accuracy": 0.0985
  },
  "19": {
    "cen_loss": 2.4924296082258226,
    "cen_accuracy": 0.09975
  },
  "20": {
    "cen_loss": 2.4253355224132536,
    "cen_accuracy": 0.104875
  },
  "21": {
    "cen_loss": 2.3508351325988768,
    "cen_accuracy": 0.10075
  },
  "22": {
    "cen_loss": 2.527923322439194,
    "cen_accuracy": 0.0995
  },
  "23": {
    "cen_loss": 2.4382614322900773,
    "cen_accuracy": 0.100875
  },
  "24": {
    "cen_loss": 2.364702366232872,
    "cen_accuracy": 0.101625
  },
  "25": {
    "cen_loss": 2.348345871090889,
    "cen_accuracy": 0.106875
  },
  "26": {
    "cen_loss": 2.4644174436330797,
    "cen_accuracy": 0.1005
  },
  "27": {
    "cen_loss": 2.4239584677219392,
    "cen_accuracy": 0.099375
  },
  "28": {
    "cen_loss": 2.4066654270887375,
    "cen_accuracy": 0.099625
  },
  "29": {
    "cen_loss": 2.5330678350925444,
    "cen_accuracy": 0.09975
  },
  "30": {
    "cen_loss": 2.5225229942798615,
    "cen_accuracy": 0.10725
  },
  "31": {
    "cen_loss": 2.4124254994392396,
    "cen_accuracy": 0.098625
  },
  "32": {
    "cen_loss": 2.29399404335022,
    "cen_accuracy": 0.1245
  },
  "33": {
    "cen_loss": 2.449084781527519,
    "cen_accuracy": 0.09875
  },
  "34": {
    "cen_loss": 2.3465121688842774,
    "cen_accuracy": 0.126375
  },
  "35": {
    "cen_loss": 2.386685558080673,
    "cen_accuracy": 0.097875
  },
  "36": {
    "cen_loss": 2.395078895688057,
    "cen_accuracy": 0.103625
  },
  "37": {
    "cen_loss": 2.3900450030565263,
    "cen_accuracy": 0.108125
  },
  "38": {
    "cen_loss": 2.506371559739113,
    "cen_accuracy": 0.1005
  },
  "39": {
    "cen_loss": 2.371014097452164,
    "cen_accuracy": 0.12375
  },
  "40": {
    "cen_loss": 2.321574686288834,
    "cen_accuracy": 0.1635
  },
  "41": {
    "cen_loss": 2.4713074345588684,
    "cen_accuracy": 0.101125
  },
  "42": {
    "cen_loss": 2.3463814141750334,
    "cen_accuracy": 0.110625
  },
  "43": {
    "cen_loss": 2.423097133278847,
    "cen_accuracy": 0.09975
  },
  "44": {
    "cen_loss": 2.4199800626039507,
    "cen_accuracy": 0.09875
  },
  "45": {
    "cen_loss": 2.4435563831329348,
    "cen_accuracy": 0.0985
  },
  "46": {
    "cen_loss": 2.4501677180528643,
    "cen_accuracy": 0.105125
  },
  "47": {
    "cen_loss": 2.522688194155693,
    "cen_accuracy": 0.109875
  },
  "48": {
    "cen_loss": 2.429394051671028,
    "cen_accuracy": 0.117875
  },
  "49": {
    "cen_loss": 2.276052453994751,
    "cen_accuracy": 0.12125
  },
  "50": {
    "cen_loss": 2.204642843723297,
    "cen_accuracy": 0.166625
  },
  "51": {
    "cen_loss": 2.4373000111579897,
    "cen_accuracy": 0.1165
  },
  "52": {
    "cen_loss": 2.7508460825681684,
    "cen_accuracy": 0.10175
  },
  "53": {
    "cen_loss": 2.2830704891681672,
    "cen_accuracy": 0.145125
  },
  "54": {
    "cen_loss": 2.8069832582473753,
    "cen_accuracy": 0.103125
  },
  "55": {
    "cen_loss": 2.5653071296215058,
    "cen_accuracy": 0.100875
  },
  "56": {
    "cen_loss": 2.577372361421585,
    "cen_accuracy": 0.10225
  },
  "57": {
    "cen_loss": 2.3271059753894807,
    "cen_accuracy": 0.154
  },
  "58": {
    "cen_loss": 2.361658399105072,
    "cen_accuracy": 0.100375
  },
  "59": {
    "cen_loss": 2.756380235671997,
    "cen_accuracy": 0.099
  },
  "60": {
    "cen_loss": 2.92714958357811,
    "cen_accuracy": 0.125125
  },
  "61": {
    "cen_loss": 2.750154174923897,
    "cen_accuracy": 0.10525
  },
  "62": {
    "cen_loss": 2.4576898406744005,
    "cen_accuracy": 0.101
  },
  "63": {
    "cen_loss": 2.529874710083008,
    "cen_accuracy": 0.100875
  },
  "64": {
    "cen_loss": 2.7746032559871674,
    "cen_accuracy": 0.120125
  },
  "65": {
    "cen_loss": 2.486882942557335,
    "cen_accuracy": 0.11175
  },
  "66": {
    "cen_loss": 2.5257512652873992,
    "cen_accuracy": 0.101125
  },
  "67": {
    "cen_loss": 2.8172733204364775,
    "cen_accuracy": 0.104875
  },
  "68": {
    "cen_loss": 2.763800235629082,
    "cen_accuracy": 0.10125
  },
  "69": {
    "cen_loss": 2.8486836675405502,
    "cen_accuracy": 0.100875
  },
  "70": {
    "cen_loss": 3.1307613869905473,
    "cen_accuracy": 0.111625
  },
  "71": {
    "cen_loss": 2.8137046846151352,
    "cen_accuracy": 0.1645
  },
  "72": {
    "cen_loss": 2.6304533737897873,
    "cen_accuracy": 0.117
  },
  "73": {
    "cen_loss": 3.260615610957146,
    "cen_accuracy": 0.126625
  },
  "74": {
    "cen_loss": 2.571013065934181,
    "cen_accuracy": 0.10575
  },
  "75": {
    "cen_loss": 2.441067895293236,
    "cen_accuracy": 0.101875
  },
  "76": {
    "cen_loss": 2.5053996764421465,
    "cen_accuracy": 0.118875
  },
  "77": {
    "cen_loss": 2.394774837732315,
    "cen_accuracy": 0.121
  },
  "78": {
    "cen_loss": 2.5379915347099304,
    "cen_accuracy": 0.196125
  },
  "79": {
    "cen_loss": 2.1225049537420273,
    "cen_accuracy": 0.192
  },
  "80": {
    "cen_loss": 2.0515470439195633,
    "cen_accuracy": 0.235625
  },
  "81": {
    "cen_loss": 2.2766934794187548,
    "cen_accuracy": 0.11475
  },
  "82": {
    "cen_loss": 2.3575746899843217,
    "cen_accuracy": 0.118875
  },
  "83": {
    "cen_loss": 2.348222803592682,
    "cen_accuracy": 0.2085
  },
  "84": {
    "cen_loss": 2.2717897918224335,
    "cen_accuracy": 0.181375
  },
  "85": {
    "cen_loss": 2.5453356630802153,
    "cen_accuracy": 0.1205
  },
  "86": {
    "cen_loss": 2.215689796209335,
    "cen_accuracy": 0.15925
  },
  "87": {
    "cen_loss": 2.4380114974975586,
    "cen_accuracy": 0.1535
  },
  "88": {
    "cen_loss": 2.393650157690048,
    "cen_accuracy": 0.166625
  },
  "89": {
    "cen_loss": 2.1793279247283937,
    "cen_accuracy": 0.22675
  },
  "90": {
    "cen_loss": 2.179262172818184,
    "cen_accuracy": 0.22725
  },
  "91": {
    "cen_loss": 2.179262172818184,
    "cen_accuracy": 0.22725
  },
  "92": {
    "cen_loss": 2.1830461151599883,
    "cen_accuracy": 0.219
  },
  "93": {
    "cen_loss": 2.11238871216774,
    "cen_accuracy": 0.253
  },
  "94": {
    "cen_loss": 2.201968683838844,
    "cen_accuracy": 0.1765
  },
  "95": {
    "cen_loss": 2.2458052146434784,
    "cen_accuracy": 0.21925
  },
  "96": {
    "cen_loss": 2.1100431598424914,
    "cen_accuracy": 0.22525
  },
  "97": {
    "cen_loss": 2.242781757354736,
    "cen_accuracy": 0.17625
  },
  "98": {
    "cen_loss": 2.1610980722904207,
    "cen_accuracy": 0.200625
  },
  "99": {
    "cen_loss": 2.127685232281685,
    "cen_accuracy": 0.126
  },
  "100": {
    "cen_loss": 2.048389451384544,
    "cen_accuracy": 0.18975
  },
  "101": {
    "cen_loss": 2.2878917920589448,