{
  "0": {
    "cen_loss": 2.303392876815796,
    "cen_accuracy": 0.1
  },
  "1": {
    "cen_loss": 2.303392876815796,
    "cen_accuracy": 0.1
  },
  "2": {
    "cen_loss": 2.088017493438721,
    "cen_accuracy": 0.2395
  },
  "3": {
    "cen_loss": 1.7207441083908082,
    "cen_accuracy": 0.3579
  },
  "4": {
    "cen_loss": 1.598787840270996,
    "cen_accuracy": 0.4309
  },
  "5": {
    "cen_loss": 1.596995785999298,
    "cen_accuracy": 0.4637
  },
  "6": {
    "cen_loss": 1.5878188006401062,
    "cen_accuracy": 0.4692
  },
  "7": {
    "cen_loss": 1.6374695293426513,
    "cen_accuracy": 0.461
  },
  "8": {
    "cen_loss": 1.6152171518325806,
    "cen_accuracy": 0.4774
  },
  "9": {
    "cen_loss": 1.5844142643928527,
    "cen_accuracy": 0.4831
  },
  "10": {
    "cen_loss": 1.5843578874588014,
    "cen_accuracy": 0.4831
  },
  "11": {
    "cen_loss": 1.6202930885314941,
    "cen_accuracy": 0.4795
  },
  "12": {
    "cen_loss": 1.61187682056427,
    "cen_accuracy": 0.4867
  },
  "13": {
    "cen_loss": 1.634457682132721,
    "cen_accuracy": 0.482
  },
  "14": {
    "cen_loss": 1.690589668893814,
    "cen_accuracy": 0.4864
  },
  "15": {
    "cen_loss": 1.7007311040878297,
    "cen_accuracy": 0.4835
  },
  "16": {
    "cen_loss": 1.7105668615341187,
    "cen_accuracy": 0.4898
  },
  "17": {
    "cen_loss": 1.7645602345466613,
    "cen_accuracy": 0.4729
  },
  "18": {
    "cen_loss": 1.6874305418014526,
    "cen_accuracy": 0.4909
  },
  "19": {
    "cen_loss": 1.6376235571861266,
    "cen_accuracy": 0.5018
  },
  "20": {
    "cen_loss": 1.6376235275268554,
    "cen_accuracy": 0.5018
  },
  "21": {
    "cen_loss": 1.6348533564567567,
    "cen_accuracy": 0.5108
  },
  "22": {
    "cen_loss": 1.7347622816085815,
    "cen_accuracy": 0.506
  },
  "23": {
    "cen_loss": 1.750613762283325,
    "cen_accuracy": 0.5116
  },
  "24": {
    "cen_loss": 1.6558929394721984,
    "cen_accuracy": 0.5104
  },
  "25": {
    "cen_loss": 1.6849807569503785,
    "cen_accuracy": 0.5203
  },
  "26": {
    "cen_loss": 1.6766390861511231,
    "cen_accuracy": 0.5199
  },
  "27": {
    "cen_loss": 1.734270383310318,
    "cen_accuracy": 0.5168
  },
  "28": {
    "cen_loss": 1.6812439193725586,
    "cen_accuracy": 0.5129
  },
  "29": {
    "cen_loss": 1.7070777493476867,
    "cen_accuracy": 0.5254
  },
  "30": {
    "cen_loss": 1.7070777576446534,
    "cen_accuracy": 0.5254
  },
  "31": {
    "cen_loss": 1.7192928574562072,
    "cen_accuracy": 0.5224
  },
  "32": {
    "cen_loss": 1.6254834932804108,
    "cen_accuracy": 0.5316
  },
  "33": {
    "cen_loss": 1.6826070624351501,
    "cen_accuracy": 0.5255
  },
  "34": {
    "cen_loss": 1.687892590904236,
    "cen_accuracy": 0.527
  },
  "35": {
    "cen_loss": 1.6816942502975465,
    "cen_accuracy": 0.5373
  },
  "36": {
    "cen_loss": 1.625685307621956,
    "cen_accuracy": 0.5389
  },
  "37": {
    "cen_loss": 1.655236511516571,
    "cen_accuracy": 0.539
  },
  "38": {
    "cen_loss": 1.6682628009796143,
    "cen_accuracy": 0.5356
  },
  "39": {
    "cen_loss": 1.7191144599437713,
    "cen_accuracy": 0.5399
  },
  "40": {
    "cen_loss": 1.7191144412517547,
    "cen_accuracy": 0.5399
  },
  "41": {
    "cen_loss": 1.6913966252803803,
    "cen_accuracy": 0.5389
  },
  "42": {
    "cen_loss": 1.672843863582611,
    "cen_accuracy": 0.5433
  },
  "43": {
    "cen_loss": 1.7131074758052827,
    "cen_accuracy": 0.5405
  },
  "44": {
    "cen_loss": 1.6655039338350297,
    "cen_accuracy": 0.5413
  },
  "45": {
    "cen_loss": 1.6899349061012268,
    "cen_accuracy": 0.5432
  },
  "46": {
    "cen_loss": 1.6979786469459535,
    "cen_accuracy": 0.5401
  },
  "47": {
    "cen_loss": 1.6859633908748626,
    "cen_accuracy": 0.5406
  },
  "48": {
    "cen_loss": 1.6249161831855774,
    "cen_accuracy": 0.5457
  },
  "49": {
    "cen_loss": 1.6898088230609893,
    "cen_accuracy": 0.5461
  },
  "50": {
    "cen_loss": 1.6898088397979736,
    "cen_accuracy": 0.5461
  },
  "51": {
    "cen_loss": 1.6816523641109467,
    "cen_accuracy": 0.5459
  },
  "52": {
    "cen_loss": 1.7334559706449508,
    "cen_accuracy": 0.5408
  },
  "53": {
    "cen_loss": 1.7064523890018464,
    "cen_accuracy": 0.544
  },
  "54": {
    "cen_loss": 1.6910000631809234,
    "cen_accuracy": 0.5418
  },
  "55": {
    "cen_loss": 1.7421538106203078,
    "cen_accuracy": 0.5419
  },
  "56": {
    "cen_loss": 1.6937124707937241,
    "cen_accuracy": 0.5431
  },
  "57": {
    "cen_loss": 1.6481821269989014,
    "cen_accuracy": 0.5494
  },
  "58": {
    "cen_loss": 1.6811019227981567,
    "cen_accuracy": 0.5545
  },
  "59": {
    "cen_loss": 1.7109345890045167,
    "cen_accuracy": 0.5505
  },
  "60": {
    "cen_loss": 1.7109345345497131,
    "cen_accuracy": 0.5505
  },
  "61": {
    "cen_loss": 1.6304423233509064,
    "cen_accuracy": 0.5547
  },
  "62": {
    "cen_loss": 1.7061391822338103,
    "cen_accuracy": 0.5508
  },
  "63": {
    "cen_loss": 1.7124455813407897,
    "cen_accuracy": 0.5524
  },
  "64": {
    "cen_loss": 1.6909438685417175,
    "cen_accuracy": 0.5546
  },
  "65": {
    "cen_loss": 1.7194019568443297,
    "cen_accuracy": 0.5483
  },
  "66": {
    "cen_loss": 1.6816173642158507,
    "cen_accuracy": 0.5539
  },
  "67": {
    "cen_loss": 1.6784875878810883,
    "cen_accuracy": 0.559
  },
  "68": {
    "cen_loss": 1.698587632894516,
    "cen_accuracy": 0.5521
  },
  "69": {
    "cen_loss": 1.7215530227661133,
    "cen_accuracy": 0.5548
  },
  "70": {
    "cen_loss": 1.7215530307769775,
    "cen_accuracy": 0.5548
  },
  "71": {
    "cen_loss": 1.69425935754776,
    "cen_accuracy": 0.5525
  },
  "72": {
    "cen_loss": 1.7090649833202363,
    "cen_accuracy": 0.5535
  },
  "73": {
    "cen_loss": 1.731252917766571,
    "cen_accuracy": 0.5509
  },
  "74": {
    "cen_loss": 1.6742254878520966,
    "cen_accuracy": 0.551
  },
  "75": {
    "cen_loss": 1.7662373774528504,
    "cen_accuracy": 0.5577
  },
  "76": {
    "cen_loss": 1.7256566856384277,
    "cen_accuracy": 0.5529
  },
  "77": {
    "cen_loss": 1.6758528434753417,
    "cen_accuracy": 0.5622
  },
  "78": {
    "cen_loss": 1.7009178564071654,
    "cen_accuracy": 0.5589
  },
  "79": {
    "cen_loss": 1.7066697259902954,
    "cen_accuracy": 0.563
  },
  "80": {
    "cen_loss": 1.7066697956085206,
    "cen_accuracy": 0.563
  },
  "81": {
    "cen_loss": 1.674426427078247,
    "cen_accuracy": 0.5543
  },
  "82": {
    "cen_loss": 1.6949416330337523,
    "cen_accuracy": 0.5453
  },
  "83": {
    "cen_loss": 1.722971086359024,
    "cen_accuracy": 0.5532
  },
  "84": {
    "cen_loss": 1.6827637620449065,
    "cen_accuracy": 0.5595
  },
  "85": {
    "cen_loss": 1.6597951979160308,
    "cen_accuracy": 0.5592
  },
  "86": {
    "cen_loss": 1.6807818286418914,
    "cen_accuracy": 0.5564
  },
  "87": {
    "cen_loss": 1.6790217164993286,
    "cen_accuracy": 0.5568
  },
  "88": {
    "cen_loss": 1.743529260635376,
    "cen_accuracy": 0.5502
  },
  "89": {
    "cen_loss": 1.6598189924716948,
    "cen_accuracy": 0.5574
  },
  "90": {
    "cen_loss": 1.659819041633606,
    "cen_accuracy": 0.5574
  },
  "91": {
    "cen_loss": 1.705583486676216,
    "cen_accuracy": 0.5641
  },
  "92": {
    "cen_loss": 1.7058581616401671,
    "cen_accuracy": 0.5587
  },
  "93": {
    "cen_loss": 1.6686876770019532,
    "cen_accuracy": 0.5559
  },
  "94": {
    "cen_loss": 1.6864867680549622,
    "cen_accuracy": 0.5576
  },
  "95": {
    "cen_loss": 1.7402538081169128,
    "cen_accuracy": 0.5621
  },
  "96": {
    "cen_loss": 1.736282424402237,
    "cen_accuracy": 0.5662
  },
  "97": {
    "cen_loss": 1.7366926381587982,
    "cen_accuracy": 0.5604
  },
  "98": {
    "cen_loss": 1.762062856554985,
    "cen_accuracy": 0.5636
  },
  "99": {
    "cen_loss": 1.6897228711605072,
    "cen_accuracy": 0.5652
  },
  "100": {
    "cen_loss": 1.689722864151001,
    "cen_accuracy": 0.5652
  },
  "101": {
    "cen_loss": 1.6961978718280792,
    "cen_accuracy": 0.5585
  }
}