{
  "0": {
    "cen_loss": 2.305413151931763,
    "cen_accuracy": 0.0978
  },
  "1": {
    "cen_loss": 2.305413151931763,
    "cen_accuracy": 0.0978
  },
  "2": {
    "cen_loss": 2.619957614135742,
    "cen_accuracy": 0.1074
  },
  "3": {
    "cen_loss": 2.3495429637908933,
    "cen_accuracy": 0.1299
  },
  "4": {
    "cen_loss": 2.0847296367645263,
    "cen_accuracy": 0.2615
  },
  "5": {
    "cen_loss": 2.0579199167251585,
    "cen_accuracy": 0.2543
  },
  "6": {
    "cen_loss": 1.8847663730621338,
    "cen_accuracy": 0.382
  },
  "7": {
    "cen_loss": 2.3892698139190673,
    "cen_accuracy": 0.3298
  },
  "8": {
    "cen_loss": 3.248422700881958,
    "cen_accuracy": 0.183
  },
  "9": {
    "cen_loss": 2.2112892795562744,
    "cen_accuracy": 0.3117
  },
  "10": {
    "cen_loss": 2.2063816968917846,
    "cen_accuracy": 0.312
  },
  "11": {
    "cen_loss": 2.3697160541534426,
    "cen_accuracy": 0.2819
  },
  "12": {
    "cen_loss": 1.9859556713104247,
    "cen_accuracy": 0.3451
  },
  "13": {
    "cen_loss": 2.1943452193260193,
    "cen_accuracy": 0.3432
  },
  "14": {
    "cen_loss": 1.744577184677124,
    "cen_accuracy": 0.422
  },
  "15": {
    "cen_loss": 1.7733089447021484,
    "cen_accuracy": 0.4161
  },
  "16": {
    "cen_loss": 2.101111744785309,
    "cen_accuracy": 0.3456
  },
  "17": {
    "cen_loss": 2.2993956020355224,
    "cen_accuracy": 0.3306
  },
  "18": {
    "cen_loss": 1.926809948348999,
    "cen_accuracy": 0.3872
  },
  "19": {
    "cen_loss": 1.7117325688362122,
    "cen_accuracy": 0.4313
  },
  "20": {
    "cen_loss": 1.711732562160492,
    "cen_accuracy": 0.4313
  },
  "21": {
    "cen_loss": 2.1584979778289797,
    "cen_accuracy": 0.3673
  },
  "22": {
    "cen_loss": 1.8910153373718261,
    "cen_accuracy": 0.427
  },
  "23": {
    "cen_loss": 1.8349645590782167,
    "cen_accuracy": 0.3863
  },
  "24": {
    "cen_loss": 1.9609734553337097,
    "cen_accuracy": 0.406
  },
  "25": {
    "cen_loss": 1.7769419796943664,
    "cen_accuracy": 0.4479
  },
  "26": {
    "cen_loss": 2.3019369616508483,
    "cen_accuracy": 0.38
  },
  "27": {
    "cen_loss": 2.4301339572906495,
    "cen_accuracy": 0.349
  },
  "28": {
    "cen_loss": 2.3938721954345703,
    "cen_accuracy": 0.3452
  },
  "29": {
    "cen_loss": 3.070654328918457,
    "cen_accuracy": 0.2601
  },
  "30": {
    "cen_loss": 3.0706543382644655,
    "cen_accuracy": 0.2601
  },
  "31": {
    "cen_loss": 2.0229631834983826,
    "cen_accuracy": 0.4066
  },
  "32": {
    "cen_loss": 2.3077184127807615,
    "cen_accuracy": 0.3153
  },
  "33": {
    "cen_loss": 1.9186150676727296,
    "cen_accuracy": 0.3939
  },
  "34": {
    "cen_loss": 1.8792528118133545,
    "cen_accuracy": 0.4189
  },
  "35": {
    "cen_loss": 1.9952139971733094,
    "cen_accuracy": 0.4435
  },
  "36": {
    "cen_loss": 2.2342916380882265,
    "cen_accuracy": 0.3904
  },
  "37": {
    "cen_loss": 2.125897667980194,
    "cen_accuracy": 0.4035
  },
  "38": {
    "cen_loss": 1.7300794872283936,
    "cen_accuracy": 0.4674
  },
  "39": {
    "cen_loss": 2.3475155331611632,
    "cen_accuracy": 0.3757
  },
  "40": {
    "cen_loss": 2.3475155550956726,
    "cen_accuracy": 0.3757
  },
  "41": {
    "cen_loss": 1.983449563407898,
    "cen_accuracy": 0.4088
  },
  "42": {
    "cen_loss": 2.0951640605926514,
    "cen_accuracy": 0.3908
  },
  "43": {
    "cen_loss": 3.121252179145813,
    "cen_accuracy": 0.3276
  },
  "44": {
    "cen_loss": 1.9209165798187255,
    "cen_accuracy": 0.4309
  },
  "45": {
    "cen_loss": 1.8647298299789428,
    "cen_accuracy": 0.4233
  },
  "46": {
    "cen_loss": 2.075167207622528,
    "cen_accuracy": 0.4131
  },
  "47": {
    "cen_loss": 2.312323795700073,
    "cen_accuracy": 0.3859
  },
  "48": {
    "cen_loss": 2.0769444855690002,
    "cen_accuracy": 0.3909
  },
  "49": {
    "cen_loss": 2.109326007080078,
    "cen_accuracy": 0.3887
  },
  "50": {
    "cen_loss": 2.1093259992599487,
    "cen_accuracy": 0.3887
  },
  "51": {
    "cen_loss": 2.0302592115402223,
    "cen_accuracy": 0.4107
  },
  "52": {
    "cen_loss": 2.2558077363967897,
    "cen_accuracy": 0.3758
  },
  "53": {
    "cen_loss": 2.4518003314971923,
    "cen_accuracy": 0.3634
  },
  "54": {
    "cen_loss": 3.057225526046753,
    "cen_accuracy": 0.3438
  },
  "55": {
    "cen_loss": 1.7342336555957794,
    "cen_accuracy": 0.4558
  },
  "56": {
    "cen_loss": 1.877495303249359,
    "cen_accuracy": 0.4342
  },
  "57": {
    "cen_loss": 2.1762358837127684,
    "cen_accuracy": 0.4088
  },
  "58": {
    "cen_loss": 2.262926069831848,
    "cen_accuracy": 0.3932
  },
  "59": {
    "cen_loss": 2.658576682281494,
    "cen_accuracy": 0.3412
  },
  "60": {
    "cen_loss": 2.658576654434204,
    "cen_accuracy": 0.3412
  },
  "61": {
    "cen_loss": 2.1358385492324827,
    "cen_accuracy": 0.4125
  },
  "62": {
    "cen_loss": 2.64720268163681,
    "cen_accuracy": 0.3787
  },
  "63": {
    "cen_loss": 2.1504928623199464,
    "cen_accuracy": 0.3968
  },
  "64": {
    "cen_loss": 2.410856863307953,
    "cen_accuracy": 0.368
  },
  "65": {
    "cen_loss": 2.200414045906067,
    "cen_accuracy": 0.3916
  },
  "66": {
    "cen_loss": 2.3066210064888,
    "cen_accuracy": 0.4104
  },
  "67": {
    "cen_loss": 2.735445015716553,
    "cen_accuracy": 0.3842
  },
  "68": {
    "cen_loss": 2.234282272529602,
    "cen_accuracy": 0.3556
  },
  "69": {
    "cen_loss": 2.1668330526351927,
    "cen_accuracy": 0.3951
  },
  "70": {
    "cen_loss": 2.166833049106598,
    "cen_accuracy": 0.3951
  },
  "71": {
    "cen_loss": 2.229594159793854,
    "cen_accuracy": 0.3782
  },
  "72": {
    "cen_loss": 2.0996430364608765,
    "cen_accuracy": 0.4395
  },
  "73": {
    "cen_loss": 1.9468578846931457,
    "cen_accuracy": 0.465
  },
  "74": {
    "cen_loss": 2.0943978708267212,
    "cen_accuracy": 0.4062
  },
  "75": {
    "cen_loss": 1.9277375356674193,
    "cen_accuracy": 0.4289
  },
  "76": {
    "cen_loss": 2.117236021232605,
    "cen_accuracy": 0.4052
  },
  "77": {
    "cen_loss": 1.909176584815979,
    "cen_accuracy": 0.4233
  },
  "78": {
    "cen_loss": 2.19585896692276,
    "cen_accuracy": 0.4363
  },
  "79": {
    "cen_loss": 2.533452621841431,
    "cen_accuracy": 0.3526
  },
  "80": {
    "cen_loss": 2.5334525926589966,
    "cen_accuracy": 0.3526
  },
  "81": {
    "cen_loss": 2.098995858478546,
    "cen_accuracy": 0.4076
  },
  "82": {
    "cen_loss": 2.14228852891922,
    "cen_accuracy": 0.4291
  },
  "83": {
    "cen_loss": 1.8399027720451355,
    "cen_accuracy": 0.4527
  },
  "84": {
    "cen_loss": 1.9194649804115296,
    "cen_accuracy": 0.4451
  },
  "85": {
    "cen_loss": 2.744525368690491,
    "cen_accuracy": 0.3468
  },
  "86": {
    "cen_loss": 2.2057687017440797,
    "cen_accuracy": 0.4154
  },
  "87": {
    "cen_loss": 1.9714381233215332,
    "cen_accuracy": 0.406
  },
  "88": {
    "cen_loss": 2.9781564927101134,
    "cen_accuracy": 0.3269
  },
  "89": {
    "cen_loss": 2.0387373889923097,
    "cen_accuracy": 0.4343
  },
  "90": {
    "cen_loss": 2.0387373825073243,
    "cen_accuracy": 0.4343
  },
  "91": {
    "cen_loss": 2.168678132343292,
    "cen_accuracy": 0.4387
  },
  "92": {
    "cen_loss": 2.225865426158905,
    "cen_accuracy": 0.4145
  },
  "93": {
    "cen_loss": 2.6642443280220034,
    "cen_accuracy": 0.4016
  },
  "94": {
    "cen_loss": 2.0484189184188843,
    "cen_accuracy": 0.4351
  },
  "95": {
    "cen_loss": 1.9786778455734253,
    "cen_accuracy": 0.4144
  },
  "96": {
    "cen_loss": 2.339333139896393,
    "cen_accuracy": 0.3848
  },
  "97": {
    "cen_loss": 2.2175329013824463,
    "cen_accuracy": 0.4058
  },
  "98": {
    "cen_loss": 1.8969623712539674,
    "cen_accuracy": 0.4354
  },
  "99": {
    "cen_loss": 2.3939523285865785,
    "cen_accuracy": 0.4158
  },
  "100": {
    "cen_loss": 2.393952381801605,
    "cen_accuracy": 0.4158
  },
  "101": {
    "cen_loss": 1.8614975869178771,
    "cen_accuracy": 0.4539
  }
}