{
  "0": {
    "cen_loss": 2.3027744300842286,
    "cen_accuracy": 0.1
  },
  "1": {
    "cen_loss": 2.3027744300842286,
    "cen_accuracy": 0.1
  },
  "2": {
    "cen_loss": 3.0687626148223877,
    "cen_accuracy": 0.1
  },
  "3": {
    "cen_loss": 6.625529734039307,
    "cen_accuracy": 0.1
  },
  "4": {
    "cen_loss": 3.457364482116699,
    "cen_accuracy": 0.1
  },
  "5": {
    "cen_loss": 2.589286657333374,
    "cen_accuracy": 0.1174
  },
  "6": {
    "cen_loss": 3.8836629222869874,
    "cen_accuracy": 0.1
  },
  "7": {
    "cen_loss": 4.158878490447998,
    "cen_accuracy": 0.1124
  },
  "8": {
    "cen_loss": 3.5461395542144776,
    "cen_accuracy": 0.1301
  },
  "9": {
    "cen_loss": 2.9977362037658692,
    "cen_accuracy": 0.2641
  },
  "10": {
    "cen_loss": 2.280304661273956,
    "cen_accuracy": 0.3863
  },
  "11": {
    "cen_loss": 2.631764084434509,
    "cen_accuracy": 0.2829
  },
  "12": {
    "cen_loss": 2.7123606773376463,
    "cen_accuracy": 0.261
  },
  "13": {
    "cen_loss": 1.8085506474494935,
    "cen_accuracy": 0.3634
  },
  "14": {
    "cen_loss": 1.9039235020637513,
    "cen_accuracy": 0.4258
  },
  "15": {
    "cen_loss": 3.635968204689026,
    "cen_accuracy": 0.2839
  },
  "16": {
    "cen_loss": 2.3597771123886107,
    "cen_accuracy": 0.3523
  },
  "17": {
    "cen_loss": 1.9894483308792115,
    "cen_accuracy": 0.4182
  },
  "18": {
    "cen_loss": 1.6964525152683259,
    "cen_accuracy": 0.4893
  },
  "19": {
    "cen_loss": 4.380448564910889,
    "cen_accuracy": 0.2152
  },
  "20": {
    "cen_loss": 4.397934772872925,
    "cen_accuracy": 0.2207
  },
  "21": {
    "cen_loss": 1.8791831212997436,
    "cen_accuracy": 0.3874
  },
  "22": {
    "cen_loss": 2.4928509426116943,
    "cen_accuracy": 0.3647
  },
  "23": {
    "cen_loss": 2.58474778881073,
    "cen_accuracy": 0.3212
  },
  "24": {
    "cen_loss": 2.036186944580078,
    "cen_accuracy": 0.3878
  },
  "25": {
    "cen_loss": 1.5972301781654359,
    "cen_accuracy": 0.4527
  },
  "26": {
    "cen_loss": 1.8434006574630737,
    "cen_accuracy": 0.449
  },
  "27": {
    "cen_loss": 1.385780992603302,
    "cen_accuracy": 0.4988
  },
  "28": {
    "cen_loss": 1.5822556217193604,
    "cen_accuracy": 0.523
  },
  "29": {
    "cen_loss": 1.7115599208831787,
    "cen_accuracy": 0.4787
  },
  "30": {
    "cen_loss": 2.4635085554122926,
    "cen_accuracy": 0.3942
  },
  "31": {
    "cen_loss": 1.5825116904258727,
    "cen_accuracy": 0.4871
  },
  "32": {
    "cen_loss": 1.77377057390213,
    "cen_accuracy": 0.5089
  },
  "33": {
    "cen_loss": 2.3267856340408324,
    "cen_accuracy": 0.3924
  },
  "34": {
    "cen_loss": 1.7549518896102905,
    "cen_accuracy": 0.4524
  },
  "35": {
    "cen_loss": 1.3500974321365355,
    "cen_accuracy": 0.5808
  },
  "36": {
    "cen_loss": 1.4357124855041503,
    "cen_accuracy": 0.5113
  },
  "37": {
    "cen_loss": 1.4184425627708435,
    "cen_accuracy": 0.4942
  },
  "38": {
    "cen_loss": 1.7649751403808593,
    "cen_accuracy": 0.5449
  },
  "39": {
    "cen_loss": 2.0557264375686644,
    "cen_accuracy": 0.463
  },
  "40": {
    "cen_loss": 2.4837350945472716,
    "cen_accuracy": 0.4591
  },
  "41": {
    "cen_loss": 1.3529898110389709,
    "cen_accuracy": 0.5384
  },
  "42": {
    "cen_loss": 1.1162167623996735,
    "cen_accuracy": 0.6459
  },
  "43": {
    "cen_loss": 1.3374011349678039,
    "cen_accuracy": 0.5565
  },
  "44": {
    "cen_loss": 1.2158002025604249,
    "cen_accuracy": 0.5904
  },
  "45": {
    "cen_loss": 2.1048465576171873,
    "cen_accuracy": 0.4396
  },
  "46": {
    "cen_loss": 1.8979543898582458,
    "cen_accuracy": 0.4976
  },
  "47": {
    "cen_loss": 1.3081238361358642,
    "cen_accuracy": 0.5775
  },
  "48": {
    "cen_loss": 1.183824290561676,
    "cen_accuracy": 0.5968
  },
  "49": {
    "cen_loss": 1.3825802262306213,
    "cen_accuracy": 0.5842
  },
  "50": {
    "cen_loss": 1.5344562372922896,
    "cen_accuracy": 0.5932
  },
  "51": {
    "cen_loss": 1.528999119281769,
    "cen_accuracy": 0.4928
  },
  "52": {
    "cen_loss": 1.1393392055034637,
    "cen_accuracy": 0.6322
  },
  "53": {
    "cen_loss": 1.2985586795806885,
    "cen_accuracy": 0.5753
  },
  "54": {
    "cen_loss": 1.244067291879654,
    "cen_accuracy": 0.6353
  },
  "55": {
    "cen_loss": 1.600818993282318,
    "cen_accuracy": 0.5353
  },
  "56": {
    "cen_loss": 1.3459777488708495,
    "cen_accuracy": 0.5759
  },
  "57": {
    "cen_loss": 1.456109662246704,
    "cen_accuracy": 0.5108
  },
  "58": {
    "cen_loss": 1.5202276401519776,
    "cen_accuracy": 0.5589
  },
  "59": {
    "cen_loss": 1.2085442425727844,
    "cen_accuracy": 0.6382
  },
  "60": {
    "cen_loss": 1.4193852495670318,
    "cen_accuracy": 0.6089
  },
  "61": {
    "cen_loss": 0.9316907910823822,
    "cen_accuracy": 0.6704
  },
  "62": {
    "cen_loss": 1.1473736419677734,
    "cen_accuracy": 0.627
  },
  "63": {
    "cen_loss": 0.9667518602848053,
    "cen_accuracy": 0.6575
  },
  "64": {
    "cen_loss": 0.9868380745649338,
    "cen_accuracy": 0.6624
  },
  "65": {
    "cen_loss": 1.329744148683548,
    "cen_accuracy": 0.6153
  },
  "66": {
    "cen_loss": 1.004882037115097,
    "cen_accuracy": 0.6452
  },
  "67": {
    "cen_loss": 1.1895798085212708,
    "cen_accuracy": 0.6327
  },
  "68": {
    "cen_loss": 0.9982205184936523,
    "cen_accuracy": 0.6464
  },
  "69": {
    "cen_loss": 1.087283165192604,
    "cen_accuracy": 0.6333
  },
  "70": {
    "cen_loss": 1.3377373225212097,
    "cen_accuracy": 0.5936
  },
  "71": {
    "cen_loss": 1.3059627490758896,
    "cen_accuracy": 0.6072
  },
  "72": {
    "cen_loss": 0.9045263994455337,
    "cen_accuracy": 0.6961
  },
  "73": {
    "cen_loss": 1.0461304153680802,
    "cen_accuracy": 0.6609
  },
  "74": {
    "cen_loss": 0.8540176652908326,
    "cen_accuracy": 0.7051
  },
  "75": {
    "cen_loss": 0.9890758248806,
    "cen_accuracy": 0.6777
  },
  "76": {
    "cen_loss": 1.639823188352585,
    "cen_accuracy": 0.5302
  },
  "77": {
    "cen_loss": 1.4987453251838685,
    "cen_accuracy": 0.5257
  },
  "78": {
    "cen_loss": 1.0996752818107605,
    "cen_accuracy": 0.6049
  },
  "79": {
    "cen_loss": 0.9348433262109757,
    "cen_accuracy": 0.6825
  },
  "80": {
    "cen_loss": 1.0403583987236023,
    "cen_accuracy": 0.6576
  },
  "81": {
    "cen_loss": 1.3265783556461335,
    "cen_accuracy": 0.575
  },
  "82": {
    "cen_loss": 1.4472502073287963,
    "cen_accuracy": 0.5621
  },
  "83": {
    "cen_loss": 1.3302500633239747,
    "cen_accuracy": 0.6042
  },
  "84": {
    "cen_loss": 1.2825900593996047,
    "cen_accuracy": 0.5972
  },
  "85": {
    "cen_loss": 1.699411761045456,
    "cen_accuracy": 0.4981
  },
  "86": {
    "cen_loss": 1.1939719562768936,
    "cen_accuracy": 0.607
  },
  "87": {
    "cen_loss": 0.7586552216768265,
    "cen_accuracy": 0.7401
  },
  "88": {
    "cen_loss": 0.8975215069532394,
    "cen_accuracy": 0.7008
  },
  "89": {
    "cen_loss": 1.0137254895687102,
    "cen_accuracy": 0.6617
  },
  "90": {
    "cen_loss": 1.1257445191860198,
    "cen_accuracy": 0.6339
  },
  "91": {
    "cen_loss": 1.2067477628707886,
    "cen_accuracy": 0.619
  },
  "92": {
    "cen_loss": 1.413723139834404,
    "cen_accuracy": 0.5729
  },
  "93": {
    "cen_loss": 1.3424526386737823,
    "cen_accuracy": 0.5545
  },
  "94": {
    "cen_loss": 1.1858476630210877,
    "cen_accuracy": 0.6612
  },
  "95": {
    "cen_loss": 1.1949746376037598,
    "cen_accuracy": 0.6263
  },
  "96": {
    "cen_loss": 1.0911646040439607,
    "cen_accuracy": 0.6328
  },
  "97": {
    "cen_loss": 0.9893343502283096,
    "cen_accuracy": 0.6645
  },
  "98": {
    "cen_loss": 1.2150775213956833,
    "cen_accuracy": 0.6243
  },
  "99": {
    "cen_loss": 1.3283590229034423,
    "cen_accuracy": 0.6105
  },
  "100": {
    "cen_loss": 1.4768187527656556,
    "cen_accuracy": 0.5885
  },
  "101": {
    "cen_loss": 0.9352945793628693,
    "cen_accuracy": 0.6941
  },
  "102": {
    "cen_loss": 0.9285001799345016,
    "cen_accuracy": 0.6985
  },