{
  "0": {
    "cen_loss": 2.305413151931763,
    "cen_accuracy": 0.0978
  },
  "1": {
    "cen_loss": 2.305413151931763,
    "cen_accuracy": 0.0978
  },
  "2": {
    "cen_loss": 2.4219882875442504,
    "cen_accuracy": 0.1
  },
  "3": {
    "cen_loss": 2.7515926845550536,
    "cen_accuracy": 0.1594
  },
  "4": {
    "cen_loss": 2.64253870010376,
    "cen_accuracy": 0.2004
  },
  "5": {
    "cen_loss": 2.951021217918396,
    "cen_accuracy": 0.2186
  },
  "6": {
    "cen_loss": 1.8402451816558838,
    "cen_accuracy": 0.3234
  },
  "7": {
    "cen_loss": 2.1283626543045044,
    "cen_accuracy": 0.2906
  },
  "8": {
    "cen_loss": 2.1564317378997804,
    "cen_accuracy": 0.3149
  },
  "9": {
    "cen_loss": 2.4936553550720215,
    "cen_accuracy": 0.2515
  },
  "10": {
    "cen_loss": 2.479716463279724,
    "cen_accuracy": 0.253
  },
  "11": {
    "cen_loss": 2.0372269662857057,
    "cen_accuracy": 0.3209
  },
  "12": {
    "cen_loss": 2.2373632276535034,
    "cen_accuracy": 0.3271
  },
  "13": {
    "cen_loss": 3.036226649284363,
    "cen_accuracy": 0.2787
  },
  "14": {
    "cen_loss": 2.0898721723556517,
    "cen_accuracy": 0.3313
  },
  "15": {
    "cen_loss": 2.2798484910964967,
    "cen_accuracy": 0.325
  },
  "16": {
    "cen_loss": 2.2244990080833436,
    "cen_accuracy": 0.3636
  },
  "17": {
    "cen_loss": 2.212263253593445,
    "cen_accuracy": 0.3184
  },
  "18": {
    "cen_loss": 2.201258720970154,
    "cen_accuracy": 0.3401
  },
  "19": {
    "cen_loss": 1.963712804889679,
    "cen_accuracy": 0.391
  },
  "20": {
    "cen_loss": 1.9637128226280212,
    "cen_accuracy": 0.391
  },
  "21": {
    "cen_loss": 3.782123310661316,
    "cen_accuracy": 0.2616
  },
  "22": {
    "cen_loss": 1.9249542375564574,
    "cen_accuracy": 0.4045
  },
  "23": {
    "cen_loss": 2.217330846309662,
    "cen_accuracy": 0.3738
  },
  "24": {
    "cen_loss": 1.9405552994728088,
    "cen_accuracy": 0.3833
  },
  "25": {
    "cen_loss": 1.8765246294021607,
    "cen_accuracy": 0.4243
  },
  "26": {
    "cen_loss": 2.0157745513916017,
    "cen_accuracy": 0.4131
  },
  "27": {
    "cen_loss": 2.4806721504211424,
    "cen_accuracy": 0.323
  },
  "28": {
    "cen_loss": 2.3494951040267944,
    "cen_accuracy": 0.3541
  },
  "29": {
    "cen_loss": 2.231573582267761,
    "cen_accuracy": 0.3811
  },
  "30": {
    "cen_loss": 2.23157354927063,
    "cen_accuracy": 0.3811
  },
  "31": {
    "cen_loss": 2.122885542201996,
    "cen_accuracy": 0.3869
  },
  "32": {
    "cen_loss": 2.0580411686897278,
    "cen_accuracy": 0.3833
  },
  "33": {
    "cen_loss": 1.876103173828125,
    "cen_accuracy": 0.4091
  },
  "34": {
    "cen_loss": 2.0493792695999145,
    "cen_accuracy": 0.3907
  },
  "35": {
    "cen_loss": 2.1438514833450317,
    "cen_accuracy": 0.4057
  },
  "36": {
    "cen_loss": 2.136376943874359,
    "cen_accuracy": 0.3707
  },
  "37": {
    "cen_loss": 1.9007710295677185,
    "cen_accuracy": 0.4176
  },
  "38": {
    "cen_loss": 2.841819285964966,
    "cen_accuracy": 0.3254
  },
  "39": {
    "cen_loss": 2.052866668128967,
    "cen_accuracy": 0.4
  },
  "40": {
    "cen_loss": 2.0528666779518128,
    "cen_accuracy": 0.4
  },
  "41": {
    "cen_loss": 1.9002516019821167,
    "cen_accuracy": 0.4186
  },
  "42": {
    "cen_loss": 2.1362494455337524,
    "cen_accuracy": 0.3838
  },
  "43": {
    "cen_loss": 2.1770579494476316,
    "cen_accuracy": 0.4053
  },
  "44": {
    "cen_loss": 1.9963582612991333,
    "cen_accuracy": 0.4101
  },
  "45": {
    "cen_loss": 1.9837305928230287,
    "cen_accuracy": 0.3876
  },
  "46": {
    "cen_loss": 1.9231502415657042,
    "cen_accuracy": 0.4379
  },
  "47": {
    "cen_loss": 2.045252067565918,
    "cen_accuracy": 0.3983
  },
  "48": {
    "cen_loss": 2.378442980480194,
    "cen_accuracy": 0.3704
  },
  "49": {
    "cen_loss": 1.8507829367637634,
    "cen_accuracy": 0.4266
  },
  "50": {
    "cen_loss": 1.8507829488754273,
    "cen_accuracy": 0.4266
  },
  "51": {
    "cen_loss": 3.222271956253052,
    "cen_accuracy": 0.3132
  },
  "52": {
    "cen_loss": 2.1194635739326477,
    "cen_accuracy": 0.4013
  },
  "53": {
    "cen_loss": 2.52428358297348,
    "cen_accuracy": 0.3497
  },
  "54": {
    "cen_loss": 2.1955375613212587,
    "cen_accuracy": 0.4275
  },
  "55": {
    "cen_loss": 2.5260230485916138,
    "cen_accuracy": 0.3404
  },
  "56": {
    "cen_loss": 2.449607772254944,
    "cen_accuracy": 0.3635
  },
  "57": {
    "cen_loss": 2.0800168579101563,
    "cen_accuracy": 0.3794
  },
  "58": {
    "cen_loss": 1.992665146446228,
    "cen_accuracy": 0.3988
  },
  "59": {
    "cen_loss": 1.9967030990600585,
    "cen_accuracy": 0.4398
  },
  "60": {
    "cen_loss": 1.9967030897140503,
    "cen_accuracy": 0.4398
  },
  "61": {
    "cen_loss": 2.1404151001930236,
    "cen_accuracy": 0.4366
  },
  "62": {
    "cen_loss": 1.9336385177612305,
    "cen_accuracy": 0.4382
  },
  "63": {
    "cen_loss": 1.9093334407806397,
    "cen_accuracy": 0.4141
  },
  "64": {
    "cen_loss": 2.2574453179359435,
    "cen_accuracy": 0.3999
  },
  "65": {
    "cen_loss": 1.9219606581687927,
    "cen_accuracy": 0.4453
  },
  "66": {
    "cen_loss": 2.320384092140198,
    "cen_accuracy": 0.3973
  },
  "67": {
    "cen_loss": 1.9764366302490235,
    "cen_accuracy": 0.4105
  },
  "68": {
    "cen_loss": 2.2330353735923767,
    "cen_accuracy": 0.4063
  },
  "69": {
    "cen_loss": 1.9009986035823823,
    "cen_accuracy": 0.4316
  },
  "70": {
    "cen_loss": 1.900998617553711,
    "cen_accuracy": 0.4316
  },
  "71": {
    "cen_loss": 2.093060452747345,
    "cen_accuracy": 0.4236
  },
  "72": {
    "cen_loss": 2.144080294704437,
    "cen_accuracy": 0.4262
  },
  "73": {
    "cen_loss": 2.5138956375122072,
    "cen_accuracy": 0.4004
  },
  "74": {
    "cen_loss": 2.2604174474716188,
    "cen_accuracy": 0.4034
  },
  "75": {
    "cen_loss": 2.8735943559646606,
    "cen_accuracy": 0.3452
  },
  "76": {
    "cen_loss": 2.1237365567207336,
    "cen_accuracy": 0.4101
  },
  "77": {
    "cen_loss": 2.709176990890503,
    "cen_accuracy": 0.402
  },
  "78": {
    "cen_loss": 1.7535985119819641,
    "cen_accuracy": 0.4338
  },
  "79": {
    "cen_loss": 2.738154265975952,
    "cen_accuracy": 0.3577
  },
  "80": {
    "cen_loss": 2.738154216194153,
    "cen_accuracy": 0.3577
  },
  "81": {
    "cen_loss": 2.823699613571167,
    "cen_accuracy": 0.3705
  },
  "82": {
    "cen_loss": 3.54300680103302,
    "cen_accuracy": 0.3167
  },
  "83": {
    "cen_loss": 1.8118801547050476,
    "cen_accuracy": 0.4353
  },
  "84": {
    "cen_loss": 2.1944351852416992,
    "cen_accuracy": 0.3804
  },
  "85": {
    "cen_loss": 3.20417119846344,
    "cen_accuracy": 0.3548
  },
  "86": {
    "cen_loss": 2.1569840953826906,
    "cen_accuracy": 0.4016
  },
  "87": {
    "cen_loss": 1.9117930529594422,
    "cen_accuracy": 0.4296
  },
  "88": {
    "cen_loss": 2.0306894815444947,
    "cen_accuracy": 0.4041
  },
  "89": {
    "cen_loss": 3.218664417076111,
    "cen_accuracy": 0.3076
  },
  "90": {
    "cen_loss": 3.2186645261764526,
    "cen_accuracy": 0.3076
  },
  "91": {
    "cen_loss": 2.2122340446472166,
    "cen_accuracy": 0.4289
  },
  "92": {
    "cen_loss": 2.4579234508514403,
    "cen_accuracy": 0.3962
  },
  "93": {
    "cen_loss": 2.6946873803138733,
    "cen_accuracy": 0.3942
  },
  "94": {
    "cen_loss": 2.8948230474472045,
    "cen_accuracy": 0.3426
  },
  "95": {
    "cen_loss": 2.200192668247223,
    "cen_accuracy": 0.4239
  },
  "96": {
    "cen_loss": 2.3279979349136353,
    "cen_accuracy": 0.3776
  },
  "97": {
    "cen_loss": 2.96943543510437,
    "cen_accuracy": 0.3503
  },
  "98": {
    "cen_loss": 2.056566296577454,
    "cen_accuracy": 0.4011
  },
  "99": {
    "cen_loss": 2.5666000400543214,
    "cen_accuracy": 0.381
  },
  "100": {
    "cen_loss": 2.56660010061264,
    "cen_accuracy": 0.381
  },
  "101": {
    "cen_loss": 2.185682965087891,
    "cen_accuracy": 0.4107
  }
}