{
  "0": {
    "cen_loss": 2.303392876815796,
    "cen_accuracy": 0.1
  },
  "1": {
    "cen_loss": 2.303392876815796,
    "cen_accuracy": 0.1
  },
  "2": {
    "cen_loss": 2.5313479183197023,
    "cen_accuracy": 0.1981
  },
  "3": {
    "cen_loss": 2.133395666694641,
    "cen_accuracy": 0.2751
  },
  "4": {
    "cen_loss": 2.5283293857574463,
    "cen_accuracy": 0.2278
  },
  "5": {
    "cen_loss": 1.9817681493759156,
    "cen_accuracy": 0.2687
  },
  "6": {
    "cen_loss": 2.017659324645996,
    "cen_accuracy": 0.287
  },
  "7": {
    "cen_loss": 2.4132389308929443,
    "cen_accuracy": 0.2755
  },
  "8": {
    "cen_loss": 2.6163305097579954,
    "cen_accuracy": 0.2751
  },
  "9": {
    "cen_loss": 2.5628275672912597,
    "cen_accuracy": 0.2284
  },
  "10": {
    "cen_loss": 2.5546315837860107,
    "cen_accuracy": 0.2284
  },
  "11": {
    "cen_loss": 1.962251580619812,
    "cen_accuracy": 0.3111
  },
  "12": {
    "cen_loss": 1.8636619948387145,
    "cen_accuracy": 0.346
  },
  "13": {
    "cen_loss": 2.216340997505188,
    "cen_accuracy": 0.3163
  },
  "14": {
    "cen_loss": 1.808366407585144,
    "cen_accuracy": 0.3362
  },
  "15": {
    "cen_loss": 1.7288899494171142,
    "cen_accuracy": 0.3918
  },
  "16": {
    "cen_loss": 2.257953356361389,
    "cen_accuracy": 0.304
  },
  "17": {
    "cen_loss": 1.953946546936035,
    "cen_accuracy": 0.3539
  },
  "18": {
    "cen_loss": 1.8062426927566528,
    "cen_accuracy": 0.3605
  },
  "19": {
    "cen_loss": 1.9639344512939454,
    "cen_accuracy": 0.3678
  },
  "20": {
    "cen_loss": 1.9639344957351685,
    "cen_accuracy": 0.3678
  },
  "21": {
    "cen_loss": 2.2240874320983886,
    "cen_accuracy": 0.3468
  },
  "22": {
    "cen_loss": 1.7345725573539734,
    "cen_accuracy": 0.4228
  },
  "23": {
    "cen_loss": 1.7934710561752318,
    "cen_accuracy": 0.4015
  },
  "24": {
    "cen_loss": 2.323405844306946,
    "cen_accuracy": 0.3443
  },
  "25": {
    "cen_loss": 2.0264624105453493,
    "cen_accuracy": 0.3664
  },
  "26": {
    "cen_loss": 1.9512963433265686,
    "cen_accuracy": 0.3476
  },
  "27": {
    "cen_loss": 1.9603621294021607,
    "cen_accuracy": 0.3793
  },
  "28": {
    "cen_loss": 1.6673799193382264,
    "cen_accuracy": 0.4166
  },
  "29": {
    "cen_loss": 2.12473824634552,
    "cen_accuracy": 0.3857
  },
  "30": {
    "cen_loss": 2.124738261127472,
    "cen_accuracy": 0.3857
  },
  "31": {
    "cen_loss": 1.986722825908661,
    "cen_accuracy": 0.359
  },
  "32": {
    "cen_loss": 1.5751626688480378,
    "cen_accuracy": 0.4605
  },
  "33": {
    "cen_loss": 1.6877389831542968,
    "cen_accuracy": 0.4294
  },
  "34": {
    "cen_loss": 1.8208288427352906,
    "cen_accuracy": 0.4203
  },
  "35": {
    "cen_loss": 2.1310978562355043,
    "cen_accuracy": 0.3829
  },
  "36": {
    "cen_loss": 1.9085451519966126,
    "cen_accuracy": 0.3994
  },
  "37": {
    "cen_loss": 1.9769630778312683,
    "cen_accuracy": 0.4066
  },
  "38": {
    "cen_loss": 1.8705242802619935,
    "cen_accuracy": 0.4397
  },
  "39": {
    "cen_loss": 2.235107292175293,
    "cen_accuracy": 0.3494
  },
  "40": {
    "cen_loss": 2.2351072635650633,
    "cen_accuracy": 0.3494
  },
  "41": {
    "cen_loss": 1.8997558699607848,
    "cen_accuracy": 0.4219
  },
  "42": {
    "cen_loss": 1.9537211420059204,
    "cen_accuracy": 0.4077
  },
  "43": {
    "cen_loss": 1.7820402004241944,
    "cen_accuracy": 0.4401
  },
  "44": {
    "cen_loss": 1.9423646270751953,
    "cen_accuracy": 0.3975
  },
  "45": {
    "cen_loss": 2.247998781013489,
    "cen_accuracy": 0.3585
  },
  "46": {
    "cen_loss": 1.9059508067131044,
    "cen_accuracy": 0.4132
  },
  "47": {
    "cen_loss": 2.1168509895324705,
    "cen_accuracy": 0.3921
  },
  "48": {
    "cen_loss": 1.9389062178611756,
    "cen_accuracy": 0.3966
  },
  "49": {
    "cen_loss": 1.727767564201355,
    "cen_accuracy": 0.4413
  },
  "50": {
    "cen_loss": 1.7277675861358643,
    "cen_accuracy": 0.4413
  },
  "51": {
    "cen_loss": 1.9495915479660033,
    "cen_accuracy": 0.4162
  },
  "52": {
    "cen_loss": 1.7333278507232666,
    "cen_accuracy": 0.4304
  },
  "53": {
    "cen_loss": 1.6347599654197693,
    "cen_accuracy": 0.4765
  },
  "54": {
    "cen_loss": 2.2200158851623537,
    "cen_accuracy": 0.3698
  },
  "55": {
    "cen_loss": 1.6709437631607056,
    "cen_accuracy": 0.4626
  },
  "56": {
    "cen_loss": 1.5627434366226196,
    "cen_accuracy": 0.4873
  },
  "57": {
    "cen_loss": 1.620782871246338,
    "cen_accuracy": 0.4782
  },
  "58": {
    "cen_loss": 1.7715566555023194,
    "cen_accuracy": 0.4495
  },
  "59": {
    "cen_loss": 1.7275212029457092,
    "cen_accuracy": 0.4574
  },
  "60": {
    "cen_loss": 1.7275211831092834,
    "cen_accuracy": 0.4574
  },
  "61": {
    "cen_loss": 1.9114728359222413,
    "cen_accuracy": 0.4305
  },
  "62": {
    "cen_loss": 1.7568064098358154,
    "cen_accuracy": 0.4399
  },
  "63": {
    "cen_loss": 2.2149084436416624,
    "cen_accuracy": 0.3565
  },
  "64": {
    "cen_loss": 2.6025486513137817,
    "cen_accuracy": 0.3498
  },
  "65": {
    "cen_loss": 1.6657275336265565,
    "cen_accuracy": 0.4583
  },
  "66": {
    "cen_loss": 2.1748760789871215,
    "cen_accuracy": 0.3941
  },
  "67": {
    "cen_loss": 1.811461643218994,
    "cen_accuracy": 0.444
  },
  "68": {
    "cen_loss": 2.023908099079132,
    "cen_accuracy": 0.4291
  },
  "69": {
    "cen_loss": 2.092940484333038,
    "cen_accuracy": 0.4068
  },
  "70": {
    "cen_loss": 2.0929405027389527,
    "cen_accuracy": 0.4068
  },
  "71": {
    "cen_loss": 1.6236520051002503,
    "cen_accuracy": 0.4525
  },
  "72": {
    "cen_loss": 1.6607475410461425,
    "cen_accuracy": 0.4547
  },
  "73": {
    "cen_loss": 1.774612942314148,
    "cen_accuracy": 0.4564
  },
  "74": {
    "cen_loss": 1.6263675776481628,
    "cen_accuracy": 0.4778
  },
  "75": {
    "cen_loss": 3.172797243309021,
    "cen_accuracy": 0.291
  },
  "76": {
    "cen_loss": 1.9102418319702148,
    "cen_accuracy": 0.4161
  },
  "77": {
    "cen_loss": 2.01247069606781,
    "cen_accuracy": 0.4136
  },
  "78": {
    "cen_loss": 2.0036298488616944,
    "cen_accuracy": 0.3829
  },
  "79": {
    "cen_loss": 1.923752059364319,
    "cen_accuracy": 0.4392
  },
  "80": {
    "cen_loss": 1.9237520573616027,
    "cen_accuracy": 0.4392
  },
  "81": {
    "cen_loss": 1.7856937684059142,
    "cen_accuracy": 0.4511
  },
  "82": {
    "cen_loss": 1.9306058376312256,
    "cen_accuracy": 0.413
  },
  "83": {
    "cen_loss": 1.7794960065841674,
    "cen_accuracy": 0.4454
  },
  "84": {
    "cen_loss": 2.150985389137268,
    "cen_accuracy": 0.4175
  },
  "85": {
    "cen_loss": 1.7358695158958435,
    "cen_accuracy": 0.468
  },
  "86": {
    "cen_loss": 1.7686816805839538,
    "cen_accuracy": 0.4576
  },
  "87": {
    "cen_loss": 1.9639063128471375,
    "cen_accuracy": 0.4282
  },
  "88": {
    "cen_loss": 1.935810720348358,
    "cen_accuracy": 0.4304
  },
  "89": {
    "cen_loss": 1.991935457611084,
    "cen_accuracy": 0.4508
  },
  "90": {
    "cen_loss": 1.9919354652404786,
    "cen_accuracy": 0.4508
  },
  "91": {
    "cen_loss": 1.8622645840644836,
    "cen_accuracy": 0.4546
  },
  "92": {
    "cen_loss": 2.1703316890716553,
    "cen_accuracy": 0.3909
  },
  "93": {
    "cen_loss": 1.7150848268508911,
    "cen_accuracy": 0.4637
  },
  "94": {
    "cen_loss": 2.042006743335724,
    "cen_accuracy": 0.4144
  },
  "95": {
    "cen_loss": 1.6671265624523164,
    "cen_accuracy": 0.4992
  },
  "96": {
    "cen_loss": 2.1527799529075624,
    "cen_accuracy": 0.3901
  },
  "97": {
    "cen_loss": 1.7379263615608216,
    "cen_accuracy": 0.4448
  },
  "98": {
    "cen_loss": 2.125194759273529,
    "cen_accuracy": 0.4109
  },
  "99": {
    "cen_loss": 1.7913903626441956,
    "cen_accuracy": 0.4593
  },
  "100": {
    "cen_loss": 1.7913903605461121,
    "cen_accuracy": 0.4593
  },
  "101": {
    "cen_loss": 1.6464976621627807,
    "cen_accuracy": 0.4954
  },
  "102": {
    "cen_loss": 1.546191870212555,
    "cen_accuracy": 0.5028
  },