{
  "2": {
    "total_mJ": 1105200765.3309014,
    "total_ceq": 85.2341769867737,
    "num_expired_thresh": 0,
    "num_depleted": 0,
    "num_transmited_bytes": 1503050304
  },
  "3": {
    "total_mJ": 1111727602.4160383,
    "total_ceq": 88.08114366460633,
    "num_expired_thresh": 0,
    "num_depleted": 0,
    "num_transmited_bytes": 1503050304
  },
  "4": {
    "total_mJ": 1216911470.883205,
    "total_ceq": 94.29900418450757,
    "num_expired_thresh": 0,
    "num_depleted": 0,
    "num_transmited_bytes": 1503050304
  },
  "5": {
    "total_mJ": 1229723769.6524646,
    "total_ceq": 95.15068205865781,
    "num_expired_thresh": 0,
    "num_depleted": 0,
    "num_transmited_bytes": 1503050304
  },
  "6": {
    "total_mJ": 1007265424.8780527,
    "total_ceq": 79.6101602053943,
    "num_expired_thresh": 0,
    "num_depleted": 0,
    "num_transmited_bytes": 1503050304
  },
  "7": {
    "total_mJ": 1085879768.3697014,
    "total_ceq": 83.8823668934745,
    "num_expired_thresh": 0,
    "num_depleted": 0,
    "num_transmited_bytes": 1503050304
  },
  "8": {
    "total_mJ": 1081799517.3333726,
    "total_ceq": 81.92071448785569,
    "num_expired_thresh": 0,
    "num_depleted": 0,
    "num_transmited_bytes": 1503050304
  },
  "9": {
    "total_mJ": 1345819366.1016953,
    "total_ceq": 105.23197870435244,
    "num_expired_thresh": 0,
    "num_depleted": 0,
    "num_transmited_bytes": 1503050304
  },
  "10": {
    "total_mJ": 974980460.1677746,
    "total_ceq": 75.66541463565721,
    "num_expired_thresh": 0,
    "num_depleted": 0,
    "num_transmited_bytes": 1503050304
  },
  "11": {
    "total_mJ": 1085714980.7405677,
    "total_ceq": 83.5489725595868,
    "num_expired_thresh": 0,
    "num_depleted": 0,
    "num_transmited_bytes": 1503050304
  },
  "12": {
    "total_mJ": 1231041569.5177698,
    "total_ceq": 95.64216028356442,
    "num_expired_thresh": 0,
    "num_depleted": 0,
    "num_transmited_bytes": 1503050304
  },
  "13": {
    "total_mJ": 962267423.5960997,
    "total_ceq": 75.22217824968641,
    "num_expired_thresh": 0,
    "num_depleted": 0,
    "num_transmited_bytes": 1503050304
  },
  "14": {
    "total_mJ": 1221758555.3369515,
    "total_ceq": 93.70759105076986,
    "num_expired_thresh": 0,
    "num_depleted": 0,
    "num_transmited_bytes": 1503050304
  },
  "15": {
    "total_mJ": 1243926437.4760358,
    "total_ceq": 98.55225724017524,
    "num_expired_thresh": 0,
    "num_depleted": 0,
    "num_transmited_bytes": 1503050304
  },
  "16": {
    "total_mJ": 1329509400.6656451,
    "total_ceq": 103.43023293440265,
    "num_expired_thresh": 0,
    "num_depleted": 0,
    "num_transmited_bytes": 1503050304
  },
  "17": {
    "total_mJ": 1264079538.3698266,
    "total_ceq": 98.00255636065562,
    "num_expired_thresh": 0,
    "num_depleted": 0,
    "num_transmited_bytes": 1503050304
  },
  "18": {
    "total_mJ": 953408022.65565,
    "total_ceq": 73.27045843852211,
    "num_expired_thresh": 0,
    "num_depleted": 0,
    "num_transmited_bytes": 1503050304
  },
  "19": {
    "total_mJ": 918978821.0824025,
    "total_ceq": 70.10179366403875,
    "num_expired_thresh": 0,
    "num_depleted": 0,
    "num_transmited_bytes": 1503050304
  },
  "20": {
    "total_mJ": 1104724114.4955215,
    "total_ceq": 86.16609333291721,
    "num_expired_thresh": 0,
    "num_depleted": 0,
    "num_transmited_bytes": 1503050304
  },
  "21": {
    "total_mJ": 1233306498.334963,
    "total_ceq": 94.59524341105079,
    "num_expired_thresh": 0,
    "num_depleted": 0,
    "num_transmited_bytes": 1503050304
  },
  "22": {
    "total_mJ": 1105079532.9272585,
    "total_ceq": 87.24109716208666,
    "num_expired_thresh": 0,
    "num_depleted": 0,
    "num_transmited_bytes": 1503050304
  },
  "23": {
    "total_mJ": 959098996.3249873,
    "total_ceq": 74.6269088029059,
    "num_expired_thresh": 0,
    "num_depleted": 0,
    "num_transmited_bytes": 1503050304
  },
  "24": {
    "total_mJ": 1346754250.744699,
    "total_ceq": 104.68563254669787,
    "num_expired_thresh": 0,
    "num_depleted": 0,
    "num_transmited_bytes": 1503050304
  },
  "25": {
    "total_mJ": 1358030698.2454958,
    "total_ceq": 108.33898050089218,
    "num_expired_thresh": 0,
    "num_depleted": 0,
    "num_transmited_bytes": 1503050304
  },
  "26": {
    "total_mJ": 1218987503.8600082,
    "total_ceq": 95.6264276345042,
    "num_expired_thresh": 0,
    "num_depleted": 0,
    "num_transmited_bytes": 1503050304
  },
  "27": {
    "total_mJ": 1237674919.2310102,
    "total_ceq": 94.60573591100218,
    "num_expired_thresh": 0,
    "num_depleted": 0,
    "num_transmited_bytes": 1503050304
  },
  "28": {
    "total_mJ": 1096111520.8033001,
    "total_ceq": 82.922645353218,
    "num_expired_thresh": 0,
    "num_depleted": 0,
    "num_transmited_bytes": 1503050304
  },
  "29": {
    "total_mJ": 1342224476.1059175,
    "total_ceq": 104.58562410632268,
    "num_expired_thresh": 0,
    "num_depleted": 0,
    "num_transmited_bytes": 1503050304
  },
  "30": {
    "total_mJ": 1115815897.470451,
    "total_ceq": 86.38445898138012,
    "num_expired_thresh": 0,
    "num_depleted": 0,
    "num_transmited_bytes": 1503050304
  },
  "31": {
    "total_mJ": 1237950148.7353456,
    "total_ceq": 96.04958700224138,
    "num_expired_thresh": 0,
    "num_depleted": 0,
    "num_transmited_bytes": 1503050304
  },
  "32": {
    "total_mJ": 1309362650.037658,
    "total_ceq": 99.35377538850463,
    "num_expired_thresh": 0,
    "num_depleted": 0,
    "num_transmited_bytes": 1503050304
  },
  "33": {
    "total_mJ": 1211694309.2477202,
    "total_ceq": 91.77951464831914,
    "num_expired_thresh": 0,
    "num_depleted": 0,
    "num_transmited_bytes": 1503050304
  },
  "34": {
    "total_mJ": 1249480473.5466392,
    "total_ceq": 97.73219476344956,
    "num_expired_thresh": 0,
    "num_depleted": 0,
    "num_transmited_bytes": 1503050304
  },
  "35": {
    "total_mJ": 1070406118.3682626,
    "total_ceq": 82.30169967509121,
    "num_expired_thresh": 0,
    "num_depleted": 0,
    "num_transmited_bytes": 1503050304
  },
  "36": {
    "total_mJ": 1338367901.47458,
    "total_ceq": 102.8372479687615,
    "num_expired_thresh": 0,
    "num_depleted": 0,
    "num_transmited_bytes": 1503050304
  },
  "37": {
    "total_mJ": 1105188949.636646,
    "total_ceq": 85.78701484514491,
    "num_expired_thresh": 0,
    "num_depleted": 0,
    "num_transmited_bytes": 1503050304
  },
  "38": {
    "total_mJ": 1333696842.6925747,
    "total_ceq": 103.6498470048298,
    "num_expired_thresh": 0,
    "num_depleted": 0,
    "num_transmited_bytes": 1503050304
  },
  "39": {
    "total_mJ": 1197212576.313244,
    "total_ceq": 91.31889276234895,
    "num_expired_thresh": 0,
    "num_depleted": 0,
    "num_transmited_bytes": 1503050304
  },
  "40": {
    "total_mJ": 1335269020.5860314,
    "total_ceq": 102.98869756076682,
    "num_expired_thresh": 0,
    "num_depleted": 0,
    "num_transmited_bytes": 1503050304
  },
  "41": {
    "total_mJ": 1084696749.028033,
    "total_ceq": 82.24161616568409,
    "num_expired_thresh": 0,
    "num_depleted": 0,
    "num_transmited_bytes": 1503050304
  },
  "42": {
    "total_mJ": 1093365616.7193792,
    "total_ceq": 84.88928231613376,
    "num_expired_thresh": 0,
    "num_depleted": 0,
    "num_transmited_bytes": 1503050304
  },
  "43": {
    "total_mJ": 1236552191.167977,
    "total_ceq": 94.96071119020418,
    "num_expired_thresh": 0,
    "num_depleted": 0,
    "num_transmited_bytes": 1503050304
  },
  "44": {
    "total_mJ": 1318418216.1581693,
    "total_ceq": 102.83853752671288,
    "num_expired_thresh": 0,
    "num_depleted": 0,
    "num_transmited_bytes": 1503050304
  },
  "45": {
    "total_mJ": 1362108504.7545378,
    "total_ceq": 106.19941057325845,
    "num_expired_thresh": 0,
    "num_depleted": 0,
    "num_transmited_bytes": 1503050304
  },
  "46": {
    "total_mJ": 1347868121.0396307,
    "total_ceq": 104.43757522353407,
    "num_expired_thresh": 0,
    "num_depleted": 0,
    "num_transmited_bytes": 1503050304
  },