{
  "0": {
    "cen_loss": 2.305413151931763,
    "cen_accuracy": 0.0978
  },
  "1": {
    "cen_loss": 2.305413151931763,
    "cen_accuracy": 0.0978
  },
  "2": {
    "cen_loss": 2.312139451980591,
    "cen_accuracy": 0.1167
  },
  "3": {
    "cen_loss": 2.543820704460144,
    "cen_accuracy": 0.1823
  },
  "4": {
    "cen_loss": 3.090618737030029,
    "cen_accuracy": 0.2511
  },
  "5": {
    "cen_loss": 2.5535534225463867,
    "cen_accuracy": 0.2039
  },
  "6": {
    "cen_loss": 2.324809259414673,
    "cen_accuracy": 0.1787
  },
  "7": {
    "cen_loss": 2.510976914405823,
    "cen_accuracy": 0.2879
  },
  "8": {
    "cen_loss": 2.10449462184906,
    "cen_accuracy": 0.2996
  },
  "9": {
    "cen_loss": 2.072554907989502,
    "cen_accuracy": 0.3428
  },
  "10": {
    "cen_loss": 2.069275091743469,
    "cen_accuracy": 0.3435
  },
  "11": {
    "cen_loss": 2.186666535949707,
    "cen_accuracy": 0.3484
  },
  "12": {
    "cen_loss": 1.7537484336853026,
    "cen_accuracy": 0.3799
  },
  "13": {
    "cen_loss": 1.8761112149238586,
    "cen_accuracy": 0.3688
  },
  "14": {
    "cen_loss": 2.0305930908203127,
    "cen_accuracy": 0.3804
  },
  "15": {
    "cen_loss": 2.106067302417755,
    "cen_accuracy": 0.3469
  },
  "16": {
    "cen_loss": 2.624131842041016,
    "cen_accuracy": 0.326
  },
  "17": {
    "cen_loss": 2.5677542189598084,
    "cen_accuracy": 0.3269
  },
  "18": {
    "cen_loss": 3.460687589454651,
    "cen_accuracy": 0.2894
  },
  "19": {
    "cen_loss": 1.9447892515182494,
    "cen_accuracy": 0.3658
  },
  "20": {
    "cen_loss": 1.9447892148017882,
    "cen_accuracy": 0.3658
  },
  "21": {
    "cen_loss": 2.4901961819648744,
    "cen_accuracy": 0.352
  },
  "22": {
    "cen_loss": 2.5658528306007384,
    "cen_accuracy": 0.3691
  },
  "23": {
    "cen_loss": 2.1562448001861574,
    "cen_accuracy": 0.3662
  },
  "24": {
    "cen_loss": 2.465984560585022,
    "cen_accuracy": 0.3259
  },
  "25": {
    "cen_loss": 2.003073838710785,
    "cen_accuracy": 0.3938
  },
  "26": {
    "cen_loss": 2.8405367647171023,
    "cen_accuracy": 0.3053
  },
  "27": {
    "cen_loss": 2.87387631816864,
    "cen_accuracy": 0.2652
  },
  "28": {
    "cen_loss": 2.0309870597839357,
    "cen_accuracy": 0.4023
  },
  "29": {
    "cen_loss": 1.9876982909202576,
    "cen_accuracy": 0.396
  },
  "30": {
    "cen_loss": 1.987698258972168,
    "cen_accuracy": 0.396
  },
  "31": {
    "cen_loss": 1.9304529169082643,
    "cen_accuracy": 0.3779
  },
  "32": {
    "cen_loss": 2.219766517162323,
    "cen_accuracy": 0.3645
  },
  "33": {
    "cen_loss": 1.9682644654273986,
    "cen_accuracy": 0.3975
  },
  "34": {
    "cen_loss": 3.1306629541397095,
    "cen_accuracy": 0.2966
  },
  "35": {
    "cen_loss": 2.8938133407592774,
    "cen_accuracy": 0.2748
  },
  "36": {
    "cen_loss": 1.73720069026947,
    "cen_accuracy": 0.4463
  },
  "37": {
    "cen_loss": 2.3983272152900694,
    "cen_accuracy": 0.3762
  },
  "38": {
    "cen_loss": 2.042379246330261,
    "cen_accuracy": 0.3871
  },
  "39": {
    "cen_loss": 2.2803718667984008,
    "cen_accuracy": 0.419
  },
  "40": {
    "cen_loss": 2.280371996021271,
    "cen_accuracy": 0.419
  },
  "41": {
    "cen_loss": 2.2824318382263185,
    "cen_accuracy": 0.3633
  },
  "42": {
    "cen_loss": 2.033892056846619,
    "cen_accuracy": 0.3841
  },
  "43": {
    "cen_loss": 2.1146511180877687,
    "cen_accuracy": 0.4159
  },
  "44": {
    "cen_loss": 1.8125751324653625,
    "cen_accuracy": 0.439
  },
  "45": {
    "cen_loss": 1.8860504534721374,
    "cen_accuracy": 0.4436
  },
  "46": {
    "cen_loss": 2.3812825941085816,
    "cen_accuracy": 0.3999
  },
  "47": {
    "cen_loss": 2.5879870653152466,
    "cen_accuracy": 0.3676
  },
  "48": {
    "cen_loss": 1.717107448196411,
    "cen_accuracy": 0.4433
  },
  "49": {
    "cen_loss": 1.9067235976219177,
    "cen_accuracy": 0.4407
  },
  "50": {
    "cen_loss": 1.9067237857818604,
    "cen_accuracy": 0.4407
  },
  "51": {
    "cen_loss": 1.9485432175636292,
    "cen_accuracy": 0.4355
  },
  "52": {
    "cen_loss": 1.8504710324287414,
    "cen_accuracy": 0.4193
  },
  "53": {
    "cen_loss": 1.7088374908447266,
    "cen_accuracy": 0.4511
  },
  "54": {
    "cen_loss": 2.3257786195755004,
    "cen_accuracy": 0.3678
  },
  "55": {
    "cen_loss": 2.0332076156616212,
    "cen_accuracy": 0.4114
  },
  "56": {
    "cen_loss": 2.4384047059059144,
    "cen_accuracy": 0.4013
  },
  "57": {
    "cen_loss": 1.9128758672714234,
    "cen_accuracy": 0.4149
  },
  "58": {
    "cen_loss": 2.183740097141266,
    "cen_accuracy": 0.4123
  },
  "59": {
    "cen_loss": 2.28470719165802,
    "cen_accuracy": 0.3705
  },
  "60": {
    "cen_loss": 2.28470719165802,
    "cen_accuracy": 0.3705
  },
  "61": {
    "cen_loss": 1.8057376070976257,
    "cen_accuracy": 0.4511
  },
  "62": {
    "cen_loss": 2.1237372027397154,
    "cen_accuracy": 0.3938
  },
  "63": {
    "cen_loss": 2.086461552810669,
    "cen_accuracy": 0.42
  },
  "64": {
    "cen_loss": 2.736306981086731,
    "cen_accuracy": 0.3241
  },
  "65": {
    "cen_loss": 1.862174575805664,
    "cen_accuracy": 0.4388
  },
  "66": {
    "cen_loss": 1.903616279029846,
    "cen_accuracy": 0.4405
  },
  "67": {
    "cen_loss": 2.308857395172119,
    "cen_accuracy": 0.409
  },
  "68": {
    "cen_loss": 3.1433261569976807,
    "cen_accuracy": 0.3418
  },
  "69": {
    "cen_loss": 2.5490236872673036,
    "cen_accuracy": 0.3823
  },
  "70": {
    "cen_loss": 2.549023429298401,
    "cen_accuracy": 0.3823
  },
  "71": {
    "cen_loss": 2.27668443813324,
    "cen_accuracy": 0.3592
  },
  "72": {
    "cen_loss": 2.106882752609253,
    "cen_accuracy": 0.3987
  },
  "73": {
    "cen_loss": 2.382385850048065,
    "cen_accuracy": 0.3501
  },
  "74": {
    "cen_loss": 3.009310399532318,
    "cen_accuracy": 0.3803
  },
  "75": {
    "cen_loss": 2.7491168268203734,
    "cen_accuracy": 0.3652
  },
  "76": {
    "cen_loss": 2.426988806819916,
    "cen_accuracy": 0.4098
  },
  "77": {
    "cen_loss": 2.0512175627708435,
    "cen_accuracy": 0.4005
  },
  "78": {
    "cen_loss": 2.9346639822006226,
    "cen_accuracy": 0.3564
  },
  "79": {
    "cen_loss": 4.002308399963379,
    "cen_accuracy": 0.2735
  },
  "80": {
    "cen_loss": 4.002308108329773,
    "cen_accuracy": 0.2735
  },
  "81": {
    "cen_loss": 2.2669215900421142,
    "cen_accuracy": 0.38
  },
  "82": {
    "cen_loss": 1.7711773509025575,
    "cen_accuracy": 0.4428
  },
  "83": {
    "cen_loss": 1.8797693631649017,
    "cen_accuracy": 0.4343
  },
  "84": {
    "cen_loss": 2.2138283091545103,
    "cen_accuracy": 0.4118
  },
  "85": {
    "cen_loss": 2.4827225704193117,
    "cen_accuracy": 0.4131
  },
  "86": {
    "cen_loss": 2.0919750416755676,
    "cen_accuracy": 0.4149
  },
  "87": {
    "cen_loss": 2.438620204925537,
    "cen_accuracy": 0.3776
  },
  "88": {
    "cen_loss": 2.5476807646751403,
    "cen_accuracy": 0.3461
  },
  "89": {
    "cen_loss": 1.9676566501617432,
    "cen_accuracy": 0.4283
  },
  "90": {
    "cen_loss": 1.967656482219696,
    "cen_accuracy": 0.4283
  },
  "91": {
    "cen_loss": 3.080143388748169,
    "cen_accuracy": 0.3637
  },
  "92": {
    "cen_loss": 1.953044385433197,
    "cen_accuracy": 0.4089
  },
  "93": {
    "cen_loss": 2.0534406728744505,
    "cen_accuracy": 0.4351
  },
  "94": {
    "cen_loss": 1.998534101676941,
    "cen_accuracy": 0.4041
  },
  "95": {
    "cen_loss": 2.2232159885406495,
    "cen_accuracy": 0.3855
  },
  "96": {
    "cen_loss": 1.920138852405548,
    "cen_accuracy": 0.4423
  },
  "97": {
    "cen_loss": 1.8492933848381043,
    "cen_accuracy": 0.4565
  },
  "98": {
    "cen_loss": 1.812263674545288,
    "cen_accuracy": 0.4578
  },
  "99": {
    "cen_loss": 1.86176396484375,
    "cen_accuracy": 0.449
  },
  "100": {
    "cen_loss": 1.8617640357017518,
    "cen_accuracy": 0.449
  },
  "101": {
    "cen_loss": 1.8079680924415589,
    "cen_accuracy": 0.4517
  }
}