{
  "0": {
    "cen_loss": 2.302672222518921,
    "cen_accuracy": 0.1
  },
  "1": {
    "cen_loss": 2.302672222518921,
    "cen_accuracy": 0.1
  },
  "2": {
    "cen_loss": 2.667175441360474,
    "cen_accuracy": 0.1
  },
  "3": {
    "cen_loss": 5.403927043151856,
    "cen_accuracy": 0.1
  },
  "4": {
    "cen_loss": 5.724423117446899,
    "cen_accuracy": 0.1
  },
  "5": {
    "cen_loss": 6.909858189392089,
    "cen_accuracy": 0.1
  },
  "6": {
    "cen_loss": 5.5583250606536865,
    "cen_accuracy": 0.1
  },
  "7": {
    "cen_loss": 5.2094416984558105,
    "cen_accuracy": 0.1
  },
  "8": {
    "cen_loss": 4.566121879577636,
    "cen_accuracy": 0.1
  },
  "9": {
    "cen_loss": 5.7923560733795165,
    "cen_accuracy": 0.1
  },
  "10": {
    "cen_loss": 5.439491874694824,
    "cen_accuracy": 0.1
  },
  "11": {
    "cen_loss": 6.180153183364868,
    "cen_accuracy": 0.1
  },
  "12": {
    "cen_loss": 5.649471911239624,
    "cen_accuracy": 0.1135
  },
  "13": {
    "cen_loss": 4.969359075164795,
    "cen_accuracy": 0.0998
  },
  "14": {
    "cen_loss": 4.048068469619751,
    "cen_accuracy": 0.1355
  },
  "15": {
    "cen_loss": 3.5985583950042725,
    "cen_accuracy": 0.1824
  },
  "16": {
    "cen_loss": 2.7923431497573854,
    "cen_accuracy": 0.2315
  },
  "17": {
    "cen_loss": 3.1937718969345092,
    "cen_accuracy": 0.189
  },
  "18": {
    "cen_loss": 2.6629256288528445,
    "cen_accuracy": 0.2425
  },
  "19": {
    "cen_loss": 1.9048373462677002,
    "cen_accuracy": 0.3514
  },
  "20": {
    "cen_loss": 1.665472904586792,
    "cen_accuracy": 0.4282
  },
  "21": {
    "cen_loss": 1.6044907747268677,
    "cen_accuracy": 0.4422
  },
  "22": {
    "cen_loss": 1.2089854938983917,
    "cen_accuracy": 0.5786
  },
  "23": {
    "cen_loss": 1.1801406730651856,
    "cen_accuracy": 0.5854
  },
  "24": {
    "cen_loss": 1.0765787939548492,
    "cen_accuracy": 0.6273
  },
  "25": {
    "cen_loss": 1.2899807779312134,
    "cen_accuracy": 0.5601
  },
  "26": {
    "cen_loss": 1.3953937863349914,
    "cen_accuracy": 0.5358
  },
  "27": {
    "cen_loss": 1.2017821478843689,
    "cen_accuracy": 0.5899
  },
  "28": {
    "cen_loss": 1.077700726699829,
    "cen_accuracy": 0.6325
  },
  "29": {
    "cen_loss": 0.9741747502326965,
    "cen_accuracy": 0.6688
  },
  "30": {
    "cen_loss": 1.1928159143447876,
    "cen_accuracy": 0.6053
  },
  "31": {
    "cen_loss": 1.0361425267219544,
    "cen_accuracy": 0.6457
  },
  "32": {
    "cen_loss": 0.9431700740337372,
    "cen_accuracy": 0.6762
  },
  "33": {
    "cen_loss": 0.9459291884899139,
    "cen_accuracy": 0.6695
  },
  "34": {
    "cen_loss": 0.9901086838245392,
    "cen_accuracy": 0.6613
  },
  "35": {
    "cen_loss": 1.044808398914337,
    "cen_accuracy": 0.6539
  },
  "36": {
    "cen_loss": 0.9294564497947693,
    "cen_accuracy": 0.6886
  },
  "37": {
    "cen_loss": 0.9645250596523285,
    "cen_accuracy": 0.6792
  },
  "38": {
    "cen_loss": 0.9227386270046234,
    "cen_accuracy": 0.6911
  },
  "39": {
    "cen_loss": 0.8373964388847351,
    "cen_accuracy": 0.7151
  },
  "40": {
    "cen_loss": 0.9229476199626923,
    "cen_accuracy": 0.6911
  },
  "41": {
    "cen_loss": 0.8708381305217743,
    "cen_accuracy": 0.7092
  },
  "42": {
    "cen_loss": 0.8322022408723831,
    "cen_accuracy": 0.7224
  },
  "43": {
    "cen_loss": 1.0181327837705612,
    "cen_accuracy": 0.6629
  },
  "44": {
    "cen_loss": 0.8662110868453979,
    "cen_accuracy": 0.7096
  },
  "45": {
    "cen_loss": 0.8840220903396606,
    "cen_accuracy": 0.7065
  },
  "46": {
    "cen_loss": 0.8480877153873444,
    "cen_accuracy": 0.7175
  },
  "47": {
    "cen_loss": 0.8417874743700028,
    "cen_accuracy": 0.7175
  },
  "48": {
    "cen_loss": 0.8600852358341217,
    "cen_accuracy": 0.719
  },
  "49": {
    "cen_loss": 0.8064016218185425,
    "cen_accuracy": 0.7289
  },
  "50": {
    "cen_loss": 0.8525576662302017,
    "cen_accuracy": 0.7214
  },
  "51": {
    "cen_loss": 0.8915111820459366,
    "cen_accuracy": 0.7096
  },
  "52": {
    "cen_loss": 0.9397163473844529,
    "cen_accuracy": 0.6909
  },
  "53": {
    "cen_loss": 0.8563600633144378,
    "cen_accuracy": 0.7141
  },
  "54": {
    "cen_loss": 0.805279019355774,
    "cen_accuracy": 0.7326
  },
  "55": {
    "cen_loss": 0.8315257998943328,
    "cen_accuracy": 0.7224
  },
  "56": {
    "cen_loss": 0.8119990799188614,
    "cen_accuracy": 0.7314
  },
  "57": {
    "cen_loss": 0.8176383050918579,
    "cen_accuracy": 0.7304
  },
  "58": {
    "cen_loss": 0.8768469017267227,
    "cen_accuracy": 0.7163
  },
  "59": {
    "cen_loss": 0.8127255303859711,
    "cen_accuracy": 0.7322
  },
  "60": {
    "cen_loss": 0.8659788554549217,
    "cen_accuracy": 0.7199
  },
  "61": {
    "cen_loss": 0.8260566581487656,
    "cen_accuracy": 0.7325
  },
  "62": {
    "cen_loss": 0.8511079571008682,
    "cen_accuracy": 0.7281
  },
  "63": {
    "cen_loss": 0.7954053362131118,
    "cen_accuracy": 0.739
  },
  "64": {
    "cen_loss": 0.8320408243179321,
    "cen_accuracy": 0.7303
  },
  "65": {
    "cen_loss": 0.8697372340321541,
    "cen_accuracy": 0.715
  },
  "66": {
    "cen_loss": 0.8697488830804825,
    "cen_accuracy": 0.7187
  },
  "67": {
    "cen_loss": 0.7799960885047913,
    "cen_accuracy": 0.7438
  },
  "68": {
    "cen_loss": 0.788432982134819,
    "cen_accuracy": 0.7358
  },
  "69": {
    "cen_loss": 0.8290547901391982,
    "cen_accuracy": 0.7296
  },
  "70": {
    "cen_loss": 0.8602582481384278,
    "cen_accuracy": 0.7246
  },
  "71": {
    "cen_loss": 0.7970144217967987,
    "cen_accuracy": 0.7378
  },
  "72": {
    "cen_loss": 0.8003201647281647,
    "cen_accuracy": 0.7406
  },
  "73": {
    "cen_loss": 0.8004638425946236,
    "cen_accuracy": 0.7344
  },
  "74": {
    "cen_loss": 0.7501433044433594,
    "cen_accuracy": 0.7515
  },
  "75": {
    "cen_loss": 0.7542213260412216,
    "cen_accuracy": 0.7484
  },
  "76": {
    "cen_loss": 0.8086214982032776,
    "cen_accuracy": 0.7394
  },
  "77": {
    "cen_loss": 0.8675195602655411,
    "cen_accuracy": 0.7221
  },
  "78": {
    "cen_loss": 0.7769485636591912,
    "cen_accuracy": 0.7458
  },
  "79": {
    "cen_loss": 0.7739769727945328,
    "cen_accuracy": 0.7461
  },
  "80": {
    "cen_loss": 0.7797424268007278,
    "cen_accuracy": 0.7467
  },
  "81": {
    "cen_loss": 0.7554229101657868,
    "cen_accuracy": 0.7528
  },
  "82": {
    "cen_loss": 0.8437140870809555,
    "cen_accuracy": 0.7367
  },
  "83": {
    "cen_loss": 0.7911638181686401,
    "cen_accuracy": 0.7481
  },
  "84": {
    "cen_loss": 0.8124256284952164,
    "cen_accuracy": 0.7463
  },
  "85": {
    "cen_loss": 0.83686544110775,
    "cen_accuracy": 0.7378
  },
  "86": {
    "cen_loss": 0.7836257388353348,
    "cen_accuracy": 0.748
  },
  "87": {
    "cen_loss": 0.7609653091669083,
    "cen_accuracy": 0.7582
  },
  "88": {
    "cen_loss": 0.9266015360116958,
    "cen_accuracy": 0.7126
  },
  "89": {
    "cen_loss": 0.7434513164401054,
    "cen_accuracy": 0.7561
  },
  "90": {
    "cen_loss": 0.752103208720684,
    "cen_accuracy": 0.7581
  },
  "91": {
    "cen_loss": 0.7513545199394226,
    "cen_accuracy": 0.7562
  },
  "92": {
    "cen_loss": 0.766275200521946,
    "cen_accuracy": 0.7558
  },
  "93": {
    "cen_loss": 0.8240031157851219,
    "cen_accuracy": 0.7376
  },
  "94": {
    "cen_loss": 0.8011824136257172,
    "cen_accuracy": 0.742
  },
  "95": {
    "cen_loss": 0.7174535954475403,
    "cen_accuracy": 0.7668
  },
  "96": {
    "cen_loss": 0.7411269435048103,
    "cen_accuracy": 0.762
  },
  "97": {
    "cen_loss": 0.7617946585536003,
    "cen_accuracy": 0.7606
  },
  "98": {
    "cen_loss": 0.819181224322319,
    "cen_accuracy": 0.743
  },
  "99": {
    "cen_loss": 0.7993398013353348,
    "cen_accuracy": 0.7489
  },
  "100": {
    "cen_loss": 0.7831011588335037,
    "cen_accuracy": 0.7501
  },
  "101": {
    "cen_loss": 0.7717641882658005,
    "cen_accuracy": 0.7542
  }
}