{
  "0": {
    "cen_loss": 2.30690788936615,
    "cen_accuracy": 0.10125
  },
  "1": {
    "cen_loss": 2.30690788936615,
    "cen_accuracy": 0.10125
  },
  "2": {
    "cen_loss": 2.1359677784442903,
    "cen_accuracy": 0.208625
  },
  "3": {
    "cen_loss": 1.7038089876174927,
    "cen_accuracy": 0.38625
  },
  "4": {
    "cen_loss": 1.6158110532760621,
    "cen_accuracy": 0.399125
  },
  "5": {
    "cen_loss": 1.5592336676120757,
    "cen_accuracy": 0.441875
  },
  "6": {
    "cen_loss": 1.5592336676120757,
    "cen_accuracy": 0.441875
  }
}