{
  "0": {
    "cen_loss": 2.305758638381958,
    "cen_accuracy": 0.09625
  },
  "1": {
    "cen_loss": 2.305758638381958,
    "cen_accuracy": 0.09625
  },
  "2": {
    "cen_loss": 2.44646311044693,
    "cen_accuracy": 0.09975
  },
  "3": {
    "cen_loss": 2.592854582309723,
    "cen_accuracy": 0.150875
  },
  "4": {
    "cen_loss": 2.2576383271217346,
    "cen_accuracy": 0.27475
  },
  "5": {
    "cen_loss": 2.1204498524665834,
    "cen_accuracy": 0.30875
  },
  "6": {
    "cen_loss": 2.229365778684616,
    "cen_accuracy": 0.2805
  },
  "7": {
    "cen_loss": 2.086350051164627,
    "cen_accuracy": 0.291625
  },
  "8": {
    "cen_loss": 1.8289918899536133,
    "cen_accuracy": 0.387375
  },
  "9": {
    "cen_loss": 3.006936709880829,
    "cen_accuracy": 0.29575
  },
  "10": {
    "cen_loss": 2.998887421131134,
    "cen_accuracy": 0.29625
  },
  "11": {
    "cen_loss": 1.8778109126091003,
    "cen_accuracy": 0.335
  },
  "12": {
    "cen_loss": 2.1285748076438904,
    "cen_accuracy": 0.32325
  },
  "13": {
    "cen_loss": 1.9945363836288452,
    "cen_accuracy": 0.367
  },
  "14": {
    "cen_loss": 1.7659138422012328,
    "cen_accuracy": 0.412625
  },
  "15": {
    "cen_loss": 2.1901052656173707,
    "cen_accuracy": 0.360125
  },
  "16": {
    "cen_loss": 1.8427906008958816,
    "cen_accuracy": 0.409
  },
  "17": {
    "cen_loss": 1.9895598856210708,
    "cen_accuracy": 0.380875
  },
  "18": {
    "cen_loss": 1.9296640704870225,
    "cen_accuracy": 0.40125
  },
  "19": {
    "cen_loss": 2.767889318048954,
    "cen_accuracy": 0.3235
  },
  "20": {
    "cen_loss": 2.7678896359801293,
    "cen_accuracy": 0.3235
  },
  "21": {
    "cen_loss": 2.075854337692261,
    "cen_accuracy": 0.384625
  },
  "22": {
    "cen_loss": 1.8468633879423142,
    "cen_accuracy": 0.43675
  },
  "23": {
    "cen_loss": 2.7430236850976946,
    "cen_accuracy": 0.34825
  },
  "24": {
    "cen_loss": 2.3515999898910525,
    "cen_accuracy": 0.327125
  },
  "25": {
    "cen_loss": 2.098350114107132,
    "cen_accuracy": 0.382625
  },
  "26": {
    "cen_loss": 2.2597885131835938,
    "cen_accuracy": 0.36425
  },
  "27": {
    "cen_loss": 2.1593967022895812,
    "cen_accuracy": 0.382125
  },
  "28": {
    "cen_loss": 2.0005110937356947,
    "cen_accuracy": 0.386125
  },
  "29": {
    "cen_loss": 2.2189052233695983,
    "cen_accuracy": 0.344
  },
  "30": {
    "cen_loss": 2.2189052126407622,
    "cen_accuracy": 0.344
  },
  "31": {
    "cen_loss": 2.1583627490997315,
    "cen_accuracy": 0.3875
  },
  "32": {
    "cen_loss": 3.093830382466316,
    "cen_accuracy": 0.32775
  },
  "33": {
    "cen_loss": 2.4578144500255585,
    "cen_accuracy": 0.3385
  },
  "34": {
    "cen_loss": 2.0807323269844056,
    "cen_accuracy": 0.364375
  },
  "35": {
    "cen_loss": 1.8596122093200684,
    "cen_accuracy": 0.424
  },
  "36": {
    "cen_loss": 2.5659268028736113,
    "cen_accuracy": 0.337375
  },
  "37": {
    "cen_loss": 1.9556706951856613,
    "cen_accuracy": 0.445
  },
  "38": {
    "cen_loss": 2.506973774909973,
    "cen_accuracy": 0.403125
  },
  "39": {
    "cen_loss": 2.344936347603798,
    "cen_accuracy": 0.369
  },
  "40": {
    "cen_loss": 2.3449361337423325,
    "cen_accuracy": 0.369
  },
  "41": {
    "cen_loss": 2.240192239522934,
    "cen_accuracy": 0.37125
  },
  "42": {
    "cen_loss": 1.8348408896923065,
    "cen_accuracy": 0.4095
  },
  "43": {
    "cen_loss": 2.1158977673053743,
    "cen_accuracy": 0.398125
  },
  "44": {
    "cen_loss": 2.140034685254097,
    "cen_accuracy": 0.387
  },
  "45": {
    "cen_loss": 2.056709753870964,
    "cen_accuracy": 0.392
  },
  "46": {
    "cen_loss": 2.0593111333847047,
    "cen_accuracy": 0.430875
  },
  "47": {
    "cen_loss": 1.876550161719322,
    "cen_accuracy": 0.431625
  },
  "48": {
    "cen_loss": 2.075266813516617,
    "cen_accuracy": 0.403875
  },
  "49": {
    "cen_loss": 2.4548146904706956,
    "cen_accuracy": 0.353625
  },
  "50": {
    "cen_loss": 2.4548148990869523,
    "cen_accuracy": 0.353625
  },
  "51": {
    "cen_loss": 2.2427382026910783,
    "cen_accuracy": 0.416125
  },
  "52": {
    "cen_loss": 2.550741983294487,
    "cen_accuracy": 0.366125
  },
  "53": {
    "cen_loss": 2.308533903837204,
    "cen_accuracy": 0.36425
  },
  "54": {
    "cen_loss": 1.8846913195848465,
    "cen_accuracy": 0.413375
  },
  "55": {
    "cen_loss": 2.106326591074467,
    "cen_accuracy": 0.433875
  },
  "56": {
    "cen_loss": 2.2023423795700072,
    "cen_accuracy": 0.417125
  },
  "57": {
    "cen_loss": 2.0294287416934966,
    "cen_accuracy": 0.427875
  },
  "58": {
    "cen_loss": 2.3508895099163056,
    "cen_accuracy": 0.342125
  },
  "59": {
    "cen_loss": 2.3778210289478303,
    "cen_accuracy": 0.422875
  },
  "60": {
    "cen_loss": 2.3778209507465364,
    "cen_accuracy": 0.422875
  },
  "61": {
    "cen_loss": 2.1992212500572204,
    "cen_accuracy": 0.401375
  },
  "62": {
    "cen_loss": 1.9534757121801376,
    "cen_accuracy": 0.40575
  },
  "63": {
    "cen_loss": 1.9139933205842972,
    "cen_accuracy": 0.45425
  },
  "64": {
    "cen_loss": 2.964505102813244,
    "cen_accuracy": 0.351375
  },
  "65": {
    "cen_loss": 2.1503562935590743,
    "cen_accuracy": 0.3955
  },
  "66": {
    "cen_loss": 2.448472393274307,
    "cen_accuracy": 0.356375
  },
  "67": {
    "cen_loss": 2.0052725187540053,
    "cen_accuracy": 0.406125
  },
  "68": {
    "cen_loss": 1.7643610035181045,
    "cen_accuracy": 0.44575
  },
  "69": {
    "cen_loss": 2.1149040355682374,
    "cen_accuracy": 0.395
  },
  "70": {
    "cen_loss": 2.1149042596817016,
    "cen_accuracy": 0.395
  },
  "71": {
    "cen_loss": 2.4922428967952728,
    "cen_accuracy": 0.339875
  },
  "72": {
    "cen_loss": 3.23592594909668,
    "cen_accuracy": 0.260125
  },
  "73": {
    "cen_loss": 2.266027326107025,
    "cen_accuracy": 0.377375
  },
  "74": {
    "cen_loss": 1.7673240357637405,
    "cen_accuracy": 0.432
  },
  "75": {
    "cen_loss": 1.9231746034622192,
    "cen_accuracy": 0.43775
  },
  "76": {
    "cen_loss": 2.156964714884758,
    "cen_accuracy": 0.396375
  },
  "77": {
    "cen_loss": 1.863407582759857,
    "cen_accuracy": 0.415875
  },
  "78": {
    "cen_loss": 2.4503647692203523,
    "cen_accuracy": 0.385
  },
  "79": {
    "cen_loss": 3.3199979021549226,
    "cen_accuracy": 0.34825
  },
  "80": {
    "cen_loss": 3.319997662067413,
    "cen_accuracy": 0.34825
  },
  "81": {
    "cen_loss": 1.8073933141231537,
    "cen_accuracy": 0.432625
  },
  "82": {
    "cen_loss": 1.895531254053116,
    "cen_accuracy": 0.420875
  },
  "83": {
    "cen_loss": 2.159746052622795,
    "cen_accuracy": 0.42
  },
  "84": {
    "cen_loss": 2.0990023488998415,
    "cen_accuracy": 0.423
  },
  "85": {
    "cen_loss": 2.234408113718033,
    "cen_accuracy": 0.38175
  },
  "86": {
    "cen_loss": 2.408437120079994,
    "cen_accuracy": 0.3925
  },
  "87": {
    "cen_loss": 2.4450367391109467,
    "cen_accuracy": 0.347625
  },
  "88": {
    "cen_loss": 1.746989418387413,
    "cen_accuracy": 0.43475
  },
  "89": {
    "cen_loss": 2.1218872158527375,
    "cen_accuracy": 0.391625
  },
  "90": {
    "cen_loss": 2.1218871760368345,
    "cen_accuracy": 0.391625
  },
  "91": {
    "cen_loss": 2.505512173652649,
    "cen_accuracy": 0.3645
  },
  "92": {
    "cen_loss": 2.767388435602188,
    "cen_accuracy": 0.386625
  },
  "93": {
    "cen_loss": 1.8047115837335586,
    "cen_accuracy": 0.435625
  },
  "94": {
    "cen_loss": 2.2414775948524475,
    "cen_accuracy": 0.359
  },
  "95": {
    "cen_loss": 2.1877501440048217,
    "cen_accuracy": 0.396
  },
  "96": {
    "cen_loss": 2.072110431790352,
    "cen_accuracy": 0.41175
  },
  "97": {
    "cen_loss": 3.7389596474170683,
    "cen_accuracy": 0.3035
  },
  "98": {
    "cen_loss": 2.077479248046875,
    "cen_accuracy": 0.434125
  },
  "99": {
    "cen_loss": 1.765086332678795,
    "cen_accuracy": 0.442125
  },
  "100": {
    "cen_loss": 1.765086287498474,
    "cen_accuracy": 0.442125
  },
  "101": {
    "cen_loss": 3.1340957555770874,