{
  "0": {
    "cen_loss": 2.303392876815796,
    "cen_accuracy": 0.1
  },
  "1": {
    "cen_loss": 2.303392876815796,
    "cen_accuracy": 0.1
  },
  "2": {
    "cen_loss": 2.391919793701172,
    "cen_accuracy": 0.1
  },
  "3": {
    "cen_loss": 2.5913418033599855,
    "cen_accuracy": 0.1517
  },
  "4": {
    "cen_loss": 2.058119473838806,
    "cen_accuracy": 0.2799
  },
  "5": {
    "cen_loss": 2.1459673789978027,
    "cen_accuracy": 0.242
  },
  "6": {
    "cen_loss": 2.33127631149292,
    "cen_accuracy": 0.2792
  },
  "7": {
    "cen_loss": 2.089650198173523,
    "cen_accuracy": 0.3028
  },
  "8": {
    "cen_loss": 2.1763999113082884,
    "cen_accuracy": 0.3054
  },
  "9": {
    "cen_loss": 2.0325604820251466,
    "cen_accuracy": 0.35
  },
  "10": {
    "cen_loss": 2.032805515098572,
    "cen_accuracy": 0.3498
  },
  "11": {
    "cen_loss": 1.8352764404296875,
    "cen_accuracy": 0.3659
  },
  "12": {
    "cen_loss": 2.3254338190078734,
    "cen_accuracy": 0.3251
  },
  "13": {
    "cen_loss": 1.9702209398269652,
    "cen_accuracy": 0.3592
  },
  "14": {
    "cen_loss": 1.8938246128082274,
    "cen_accuracy": 0.3909
  },
  "15": {
    "cen_loss": 1.9914357402801515,
    "cen_accuracy": 0.3763
  },
  "16": {
    "cen_loss": 2.0043509645462034,
    "cen_accuracy": 0.3565
  },
  "17": {
    "cen_loss": 2.4341652006149292,
    "cen_accuracy": 0.3283
  },
  "18": {
    "cen_loss": 2.283433177757263,
    "cen_accuracy": 0.3469
  },
  "19": {
    "cen_loss": 2.578770413398743,
    "cen_accuracy": 0.3124
  },
  "20": {
    "cen_loss": 2.578770439529419,
    "cen_accuracy": 0.3124
  },
  "21": {
    "cen_loss": 1.9476462321281434,
    "cen_accuracy": 0.3731
  },
  "22": {
    "cen_loss": 1.9958615754127502,
    "cen_accuracy": 0.3843
  },
  "23": {
    "cen_loss": 2.1713109018325807,
    "cen_accuracy": 0.3652
  },
  "24": {
    "cen_loss": 2.4181559552192686,
    "cen_accuracy": 0.3641
  },
  "25": {
    "cen_loss": 2.1021349780082703,
    "cen_accuracy": 0.3761
  },
  "26": {
    "cen_loss": 2.223994936943054,
    "cen_accuracy": 0.3701
  },
  "27": {
    "cen_loss": 2.2982902980804445,
    "cen_accuracy": 0.3636
  },
  "28": {
    "cen_loss": 2.725287376117706,
    "cen_accuracy": 0.3256
  },
  "29": {
    "cen_loss": 1.938844471359253,
    "cen_accuracy": 0.4257
  },
  "30": {
    "cen_loss": 1.9388443398475648,
    "cen_accuracy": 0.4257
  },
  "31": {
    "cen_loss": 1.761698091506958,
    "cen_accuracy": 0.4455
  },
  "32": {
    "cen_loss": 1.7689680320739747,
    "cen_accuracy": 0.4501
  },
  "33": {
    "cen_loss": 1.7113199929237366,
    "cen_accuracy": 0.4602
  },
  "34": {
    "cen_loss": 1.8770021432876587,
    "cen_accuracy": 0.4317
  },
  "35": {
    "cen_loss": 1.8208498181343078,
    "cen_accuracy": 0.4425
  },
  "36": {
    "cen_loss": 2.205073551750183,
    "cen_accuracy": 0.4115
  },
  "37": {
    "cen_loss": 2.0008196550369264,
    "cen_accuracy": 0.4037
  },
  "38": {
    "cen_loss": 2.1239568883895874,
    "cen_accuracy": 0.4239
  },
  "39": {
    "cen_loss": 2.773386393547058,
    "cen_accuracy": 0.3239
  },
  "40": {
    "cen_loss": 2.7733863686561584,
    "cen_accuracy": 0.3239
  },
  "41": {
    "cen_loss": 2.7015401109695434,
    "cen_accuracy": 0.3187
  },
  "42": {
    "cen_loss": 2.281657199573517,
    "cen_accuracy": 0.3521
  },
  "43": {
    "cen_loss": 2.6602047290802,
    "cen_accuracy": 0.3078
  },
  "44": {
    "cen_loss": 2.1959548669815065,
    "cen_accuracy": 0.3691
  },
  "45": {
    "cen_loss": 1.8546234510421753,
    "cen_accuracy": 0.449
  },
  "46": {
    "cen_loss": 2.1050889826774597,
    "cen_accuracy": 0.4012
  },
  "47": {
    "cen_loss": 2.7400970118522645,
    "cen_accuracy": 0.3358
  },
  "48": {
    "cen_loss": 1.9676558975219727,
    "cen_accuracy": 0.4018
  },
  "49": {
    "cen_loss": 1.9071665612220765,
    "cen_accuracy": 0.4154
  },
  "50": {
    "cen_loss": 1.9071666033744812,
    "cen_accuracy": 0.4154
  },
  "51": {
    "cen_loss": 2.6371484407424926,
    "cen_accuracy": 0.3426
  },
  "52": {
    "cen_loss": 2.202345584487915,
    "cen_accuracy": 0.4114
  },
  "53": {
    "cen_loss": 1.8210203141212464,
    "cen_accuracy": 0.4345
  },
  "54": {
    "cen_loss": 2.624615082645416,
    "cen_accuracy": 0.379
  },
  "55": {
    "cen_loss": 1.933996201324463,
    "cen_accuracy": 0.4139
  },
  "56": {
    "cen_loss": 2.5281495791435242,
    "cen_accuracy": 0.366
  },
  "57": {
    "cen_loss": 2.1567603397369384,
    "cen_accuracy": 0.412
  },
  "58": {
    "cen_loss": 2.73566068983078,
    "cen_accuracy": 0.3636
  },
  "59": {
    "cen_loss": 2.0102156927108763,
    "cen_accuracy": 0.4113
  },
  "60": {
    "cen_loss": 2.010215681266785,
    "cen_accuracy": 0.4113
  },
  "61": {
    "cen_loss": 1.989501067829132,
    "cen_accuracy": 0.4222
  },
  "62": {
    "cen_loss": 2.409411028766632,
    "cen_accuracy": 0.3826
  },
  "63": {
    "cen_loss": 2.8736079162597656,
    "cen_accuracy": 0.3295
  },
  "64": {
    "cen_loss": 2.0141946496963503,
    "cen_accuracy": 0.4328
  },
  "65": {
    "cen_loss": 1.9074969037055969,
    "cen_accuracy": 0.4353
  },
  "66": {
    "cen_loss": 2.0613147031784056,
    "cen_accuracy": 0.4239
  },
  "67": {
    "cen_loss": 2.100254063606262,
    "cen_accuracy": 0.4183
  },
  "68": {
    "cen_loss": 2.698338994216919,
    "cen_accuracy": 0.3754
  },
  "69": {
    "cen_loss": 1.970681600189209,
    "cen_accuracy": 0.4459
  },
  "70": {
    "cen_loss": 1.9706816663742066,
    "cen_accuracy": 0.4459
  },
  "71": {
    "cen_loss": 2.1201153906822205,
    "cen_accuracy": 0.4231
  },
  "72": {
    "cen_loss": 2.4918258856773376,
    "cen_accuracy": 0.3859
  },
  "73": {
    "cen_loss": 1.7900605395317077,
    "cen_accuracy": 0.4369
  },
  "74": {
    "cen_loss": 2.460723941040039,
    "cen_accuracy": 0.3811
  },
  "75": {
    "cen_loss": 2.0418768001556398,
    "cen_accuracy": 0.4058
  },
  "76": {
    "cen_loss": 2.0606111639976503,
    "cen_accuracy": 0.4062
  },
  "77": {
    "cen_loss": 2.2414840042114257,
    "cen_accuracy": 0.3897
  },
  "78": {
    "cen_loss": 2.3177829604148865,
    "cen_accuracy": 0.4133
  },
  "79": {
    "cen_loss": 2.111646506690979,
    "cen_accuracy": 0.4255
  },
  "80": {
    "cen_loss": 2.1116464639663697,
    "cen_accuracy": 0.4255
  },
  "81": {
    "cen_loss": 2.2699692856788634,
    "cen_accuracy": 0.381
  },
  "82": {
    "cen_loss": 1.9745077672958373,
    "cen_accuracy": 0.458
  },
  "83": {
    "cen_loss": 2.3143951169013977,
    "cen_accuracy": 0.4099
  },
  "84": {
    "cen_loss": 1.9055267822265625,
    "cen_accuracy": 0.4487
  },
  "85": {
    "cen_loss": 2.4782773935317994,
    "cen_accuracy": 0.3884
  },
  "86": {
    "cen_loss": 1.7847202629089356,
    "cen_accuracy": 0.4704
  },
  "87": {
    "cen_loss": 1.9867827266693114,
    "cen_accuracy": 0.4278
  },
  "88": {
    "cen_loss": 2.4997833992004392,
    "cen_accuracy": 0.3705
  },
  "89": {
    "cen_loss": 1.8631567002296447,
    "cen_accuracy": 0.4537
  },
  "90": {
    "cen_loss": 1.8631568201065063,
    "cen_accuracy": 0.4537
  },
  "91": {
    "cen_loss": 2.009125250530243,
    "cen_accuracy": 0.4454
  },
  "92": {
    "cen_loss": 1.8047991168022155,
    "cen_accuracy": 0.4852
  },
  "93": {
    "cen_loss": 3.0799351515769957,
    "cen_accuracy": 0.3649
  },
  "94": {
    "cen_loss": 2.0542061705589294,
    "cen_accuracy": 0.4397
  },
  "95": {
    "cen_loss": 1.8391930272102357,
    "cen_accuracy": 0.4535
  },
  "96": {
    "cen_loss": 2.6323573905944824,
    "cen_accuracy": 0.3668
  },
  "97": {
    "cen_loss": 2.61456985912323,
    "cen_accuracy": 0.358
  },
  "98": {
    "cen_loss": 2.3037453890800474,
    "cen_accuracy": 0.3698
  },
  "99": {
    "cen_loss": 2.1098561661720274,
    "cen_accuracy": 0.4281
  },
  "100": {
    "cen_loss": 2.1098562365531923,
    "cen_accuracy": 0.4281
  },
  "101": {
    "cen_loss": 3.322084902381897,
    "cen_accuracy": 0.3135
  }
}