{
  "0": {
    "cen_loss": 2.305413151931763,
    "cen_accuracy": 0.0978
  },
  "1": {
    "cen_loss": 2.305413151931763,
    "cen_accuracy": 0.0978
  },
  "2": {
    "cen_loss": 2.3458992460250854,
    "cen_accuracy": 0.1465
  },
  "3": {
    "cen_loss": 2.1731898777008056,
    "cen_accuracy": 0.2242
  },
  "4": {
    "cen_loss": 2.094270888519287,
    "cen_accuracy": 0.3097
  },
  "5": {
    "cen_loss": 2.1644354417800904,
    "cen_accuracy": 0.2636
  },
  "6": {
    "cen_loss": 2.5603908866882326,
    "cen_accuracy": 0.3483
  },
  "7": {
    "cen_loss": 2.1527982246398927,
    "cen_accuracy": 0.3546
  },
  "8": {
    "cen_loss": 2.0499714389801027,
    "cen_accuracy": 0.3534
  },
  "9": {
    "cen_loss": 2.538522941017151,
    "cen_accuracy": 0.3456
  },
  "10": {
    "cen_loss": 2.533340724563599,
    "cen_accuracy": 0.3458
  },
  "11": {
    "cen_loss": 2.435469331741333,
    "cen_accuracy": 0.287
  },
  "12": {
    "cen_loss": 2.1526416707992553,
    "cen_accuracy": 0.3548
  },
  "13": {
    "cen_loss": 2.172495896720886,
    "cen_accuracy": 0.3624
  },
  "14": {
    "cen_loss": 3.424067741012573,
    "cen_accuracy": 0.2816
  },
  "15": {
    "cen_loss": 1.879294920730591,
    "cen_accuracy": 0.3713
  },
  "16": {
    "cen_loss": 2.647262810707092,
    "cen_accuracy": 0.3366
  },
  "17": {
    "cen_loss": 2.307141424369812,
    "cen_accuracy": 0.3585
  },
  "18": {
    "cen_loss": 2.309986525344849,
    "cen_accuracy": 0.3277
  },
  "19": {
    "cen_loss": 2.1370643074035645,
    "cen_accuracy": 0.338
  },
  "20": {
    "cen_loss": 2.13706416721344,
    "cen_accuracy": 0.338
  },
  "21": {
    "cen_loss": 1.9152316266059874,
    "cen_accuracy": 0.4144
  },
  "22": {
    "cen_loss": 2.2633531169891357,
    "cen_accuracy": 0.3329
  },
  "23": {
    "cen_loss": 1.8990610473632812,
    "cen_accuracy": 0.398
  },
  "24": {
    "cen_loss": 1.9165920488357544,
    "cen_accuracy": 0.3781
  },
  "25": {
    "cen_loss": 1.743010723400116,
    "cen_accuracy": 0.4382
  },
  "26": {
    "cen_loss": 1.9865723822593688,
    "cen_accuracy": 0.4101
  },
  "27": {
    "cen_loss": 1.910711150932312,
    "cen_accuracy": 0.3958
  },
  "28": {
    "cen_loss": 2.231002655506134,
    "cen_accuracy": 0.3757
  },
  "29": {
    "cen_loss": 2.539620493221283,
    "cen_accuracy": 0.3757
  },
  "30": {
    "cen_loss": 2.539620516204834,
    "cen_accuracy": 0.3757
  },
  "31": {
    "cen_loss": 2.2268840450286866,
    "cen_accuracy": 0.3642
  },
  "32": {
    "cen_loss": 2.1117361276626587,
    "cen_accuracy": 0.3634
  },
  "33": {
    "cen_loss": 1.937791047000885,
    "cen_accuracy": 0.3999
  },
  "34": {
    "cen_loss": 2.573745073699951,
    "cen_accuracy": 0.3627
  },
  "35": {
    "cen_loss": 2.3202263683319093,
    "cen_accuracy": 0.3875
  },
  "36": {
    "cen_loss": 2.3963877179145814,
    "cen_accuracy": 0.3561
  },
  "37": {
    "cen_loss": 2.0296089242935182,
    "cen_accuracy": 0.422
  },
  "38": {
    "cen_loss": 1.7441848046302795,
    "cen_accuracy": 0.4488
  },
  "39": {
    "cen_loss": 2.1719478079795835,
    "cen_accuracy": 0.4081
  },
  "40": {
    "cen_loss": 2.1719477994918823,
    "cen_accuracy": 0.4081
  },
  "41": {
    "cen_loss": 2.679501157951355,
    "cen_accuracy": 0.3416
  },
  "42": {
    "cen_loss": 1.7914605607032776,
    "cen_accuracy": 0.437
  },
  "43": {
    "cen_loss": 2.017079229736328,
    "cen_accuracy": 0.4082
  },
  "44": {
    "cen_loss": 2.0932731822967527,
    "cen_accuracy": 0.3988
  },
  "45": {
    "cen_loss": 2.3584060304641725,
    "cen_accuracy": 0.3825
  },
  "46": {
    "cen_loss": 2.0855210289001467,
    "cen_accuracy": 0.3757
  },
  "47": {
    "cen_loss": 1.8800995599746704,
    "cen_accuracy": 0.4045
  },
  "48": {
    "cen_loss": 1.8636245693206788,
    "cen_accuracy": 0.4202
  },
  "49": {
    "cen_loss": 2.195441891384125,
    "cen_accuracy": 0.4139
  },
  "50": {
    "cen_loss": 2.1954419050216676,
    "cen_accuracy": 0.4139
  },
  "51": {
    "cen_loss": 2.0512478659629823,
    "cen_accuracy": 0.4146
  },
  "52": {
    "cen_loss": 2.252086993217468,
    "cen_accuracy": 0.3774
  },
  "53": {
    "cen_loss": 2.299649230194092,
    "cen_accuracy": 0.4058
  },
  "54": {
    "cen_loss": 1.9753684522628785,
    "cen_accuracy": 0.4424
  },
  "55": {
    "cen_loss": 2.792901550102234,
    "cen_accuracy": 0.3785
  },
  "56": {
    "cen_loss": 1.984594563293457,
    "cen_accuracy": 0.3998
  },
  "57": {
    "cen_loss": 2.802745918941498,
    "cen_accuracy": 0.3414
  },
  "58": {
    "cen_loss": 2.032980037689209,
    "cen_accuracy": 0.4099
  },
  "59": {
    "cen_loss": 1.7272043104171753,
    "cen_accuracy": 0.4461
  },
  "60": {
    "cen_loss": 1.727204330921173,
    "cen_accuracy": 0.4461
  },
  "61": {
    "cen_loss": 3.077839721107483,
    "cen_accuracy": 0.3858
  },
  "62": {
    "cen_loss": 2.137993475437164,
    "cen_accuracy": 0.4153
  },
  "63": {
    "cen_loss": 2.6153143547058106,
    "cen_accuracy": 0.3833
  },
  "64": {
    "cen_loss": 1.9059716506004334,
    "cen_accuracy": 0.4284
  },
  "65": {
    "cen_loss": 2.2961098999023437,
    "cen_accuracy": 0.4327
  },
  "66": {
    "cen_loss": 2.317990103816986,
    "cen_accuracy": 0.3817
  },
  "67": {
    "cen_loss": 2.147045729160309,
    "cen_accuracy": 0.4187
  },
  "68": {
    "cen_loss": 2.3114306211471556,
    "cen_accuracy": 0.4265
  },
  "69": {
    "cen_loss": 1.9356978711128234,
    "cen_accuracy": 0.4386
  },
  "70": {
    "cen_loss": 1.9356979245185852,
    "cen_accuracy": 0.4386
  },
  "71": {
    "cen_loss": 2.3694549682617185,
    "cen_accuracy": 0.3838
  },
  "72": {
    "cen_loss": 1.9981410826683044,
    "cen_accuracy": 0.4298
  },
  "73": {
    "cen_loss": 1.854868897151947,
    "cen_accuracy": 0.4455
  },
  "74": {
    "cen_loss": 1.9238798162460327,
    "cen_accuracy": 0.453
  },
  "75": {
    "cen_loss": 2.054514193916321,
    "cen_accuracy": 0.4234
  },
  "76": {
    "cen_loss": 2.928769344711304,
    "cen_accuracy": 0.3918
  },
  "77": {
    "cen_loss": 3.1356082817077637,
    "cen_accuracy": 0.3173
  },
  "78": {
    "cen_loss": 2.0385759245872497,
    "cen_accuracy": 0.4037
  },
  "79": {
    "cen_loss": 2.202252343559265,
    "cen_accuracy": 0.371
  },
  "80": {
    "cen_loss": 2.2022524153709413,
    "cen_accuracy": 0.371
  },
  "81": {
    "cen_loss": 2.0890841203689576,
    "cen_accuracy": 0.4313
  },
  "82": {
    "cen_loss": 2.2317227011680605,
    "cen_accuracy": 0.356
  },
  "83": {
    "cen_loss": 2.1147441756248475,
    "cen_accuracy": 0.4235
  },
  "84": {
    "cen_loss": 1.9711942631721497,
    "cen_accuracy": 0.3995
  },
  "85": {
    "cen_loss": 2.5363877144813536,
    "cen_accuracy": 0.4115
  },
  "86": {
    "cen_loss": 2.16050314912796,
    "cen_accuracy": 0.3904
  },
  "87": {
    "cen_loss": 2.569503519821167,
    "cen_accuracy": 0.3509
  },
  "88": {
    "cen_loss": 2.1411246150016785,
    "cen_accuracy": 0.4013
  },
  "89": {
    "cen_loss": 1.8941213494300841,
    "cen_accuracy": 0.4232
  },
  "90": {
    "cen_loss": 1.894121308708191,
    "cen_accuracy": 0.4232
  },
  "91": {
    "cen_loss": 2.1868944105148316,
    "cen_accuracy": 0.4082
  },
  "92": {
    "cen_loss": 2.3980813705444337,
    "cen_accuracy": 0.392
  },
  "93": {
    "cen_loss": 2.139892693901062,
    "cen_accuracy": 0.4249
  },
  "94": {
    "cen_loss": 2.061931689929962,
    "cen_accuracy": 0.4357
  },
  "95": {
    "cen_loss": 2.373671928405762,
    "cen_accuracy": 0.3924
  },
  "96": {
    "cen_loss": 2.0959711475372313,
    "cen_accuracy": 0.4111
  },
  "97": {
    "cen_loss": 1.8472417225837707,
    "cen_accuracy": 0.4462
  },
  "98": {
    "cen_loss": 1.8962813303947448,
    "cen_accuracy": 0.4146
  },
  "99": {
    "cen_loss": 2.2272536354064942,
    "cen_accuracy": 0.3837
  },
  "100": {
    "cen_loss": 2.227253586578369,
    "cen_accuracy": 0.3837
  },
  "101": {
    "cen_loss": 2.3319535073280333,
    "cen_accuracy": 0.4106
  }
}