{
  "0": {
    "cen_loss": 2.3027744300842286,
    "cen_accuracy": 0.1
  },
  "1": {
    "cen_loss": 2.3027744300842286,
    "cen_accuracy": 0.1
  },
  "2": {
    "cen_loss": 2.786129454421997,
    "cen_accuracy": 0.1
  },
  "3": {
    "cen_loss": 3.0201526844024658,
    "cen_accuracy": 0.1
  },
  "4": {
    "cen_loss": 3.9559081634521482,
    "cen_accuracy": 0.1
  },
  "5": {
    "cen_loss": 4.344869825363159,
    "cen_accuracy": 0.1
  },
  "6": {
    "cen_loss": 5.064969067764282,
    "cen_accuracy": 0.1
  },
  "7": {
    "cen_loss": 3.7400771751403807,
    "cen_accuracy": 0.1017
  },
  "8": {
    "cen_loss": 5.4367294673919675,
    "cen_accuracy": 0.1
  },
  "9": {
    "cen_loss": 5.660790198516846,
    "cen_accuracy": 0.1
  },
  "10": {
    "cen_loss": 2.118869816017151,
    "cen_accuracy": 0.2385
  },
  "11": {
    "cen_loss": 2.7593433078765868,
    "cen_accuracy": 0.1854
  },
  "12": {
    "cen_loss": 3.4778583724975585,
    "cen_accuracy": 0.1708
  },
  "13": {
    "cen_loss": 2.7688431077957154,
    "cen_accuracy": 0.176
  },
  "14": {
    "cen_loss": 3.6843989603042604,
    "cen_accuracy": 0.2056
  },
  "15": {
    "cen_loss": 2.4797525327682495,
    "cen_accuracy": 0.2837
  },
  "16": {
    "cen_loss": 1.5927273403167725,
    "cen_accuracy": 0.4117
  },
  "17": {
    "cen_loss": 2.178418077850342,
    "cen_accuracy": 0.3284
  },
  "18": {
    "cen_loss": 2.4765742141723632,
    "cen_accuracy": 0.3774
  },
  "19": {
    "cen_loss": 3.004112356567383,
    "cen_accuracy": 0.2878
  },
  "20": {
    "cen_loss": 3.271674024772644,
    "cen_accuracy": 0.3126
  },
  "21": {
    "cen_loss": 2.5820291946411134,
    "cen_accuracy": 0.3305
  },
  "22": {
    "cen_loss": 2.0745967971801758,
    "cen_accuracy": 0.3944
  },
  "23": {
    "cen_loss": 1.6575472045898438,
    "cen_accuracy": 0.5082
  },
  "24": {
    "cen_loss": 2.19783788728714,
    "cen_accuracy": 0.4072
  },
  "25": {
    "cen_loss": 2.0255689371109007,
    "cen_accuracy": 0.3794
  },
  "26": {
    "cen_loss": 1.7073033564567566,
    "cen_accuracy": 0.4335
  },
  "27": {
    "cen_loss": 1.9030315032958984,
    "cen_accuracy": 0.432
  },
  "28": {
    "cen_loss": 2.3533781476974487,
    "cen_accuracy": 0.3521
  },
  "29": {
    "cen_loss": 2.778611741065979,
    "cen_accuracy": 0.3763
  },
  "30": {
    "cen_loss": 3.2097137397766113,
    "cen_accuracy": 0.3755
  },
  "31": {
    "cen_loss": 1.7602792430877685,
    "cen_accuracy": 0.4858
  },
  "32": {
    "cen_loss": 3.921791125869751,
    "cen_accuracy": 0.2336
  },
  "33": {
    "cen_loss": 2.298714515399933,
    "cen_accuracy": 0.366
  },
  "34": {
    "cen_loss": 1.9831427505493164,
    "cen_accuracy": 0.4403
  },
  "35": {
    "cen_loss": 2.5864756210327147,
    "cen_accuracy": 0.234
  },
  "36": {
    "cen_loss": 2.450470356082916,
    "cen_accuracy": 0.3353
  },
  "37": {
    "cen_loss": 1.4440346428871156,
    "cen_accuracy": 0.5066
  },
  "38": {
    "cen_loss": 2.0128831241607665,
    "cen_accuracy": 0.3761
  },
  "39": {
    "cen_loss": 1.7939150690078736,
    "cen_accuracy": 0.4472
  },
  "40": {
    "cen_loss": 2.52728617811203,
    "cen_accuracy": 0.3497
  },
  "41": {
    "cen_loss": 3.37181874256134,
    "cen_accuracy": 0.2551
  },
  "42": {
    "cen_loss": 2.6967265659332273,
    "cen_accuracy": 0.3336
  },
  "43": {
    "cen_loss": 2.672283907699585,
    "cen_accuracy": 0.2469
  },
  "44": {
    "cen_loss": 2.5433990409851073,
    "cen_accuracy": 0.3727
  },
  "45": {
    "cen_loss": 2.136802311229706,
    "cen_accuracy": 0.4019
  },
  "46": {
    "cen_loss": 2.5057383852005004,
    "cen_accuracy": 0.3398
  },
  "47": {
    "cen_loss": 2.0876717763900756,
    "cen_accuracy": 0.259
  },
  "48": {
    "cen_loss": 1.65076446185112,
    "cen_accuracy": 0.4994
  },
  "49": {
    "cen_loss": 1.9552651402473449,
    "cen_accuracy": 0.4279
  },
  "50": {
    "cen_loss": 2.1933780578613282,
    "cen_accuracy": 0.4271
  },
  "51": {
    "cen_loss": 2.828583452987671,
    "cen_accuracy": 0.2785
  }
}