{
  "0": {
    "cen_loss": 2.3069078960418703,
    "cen_accuracy": 0.10125
  },
  "1": {
    "cen_loss": 2.3069078960418703,
    "cen_accuracy": 0.10125
  },
  "2": {
    "cen_loss": 2.206969831943512,
    "cen_accuracy": 0.254875
  },
  "3": {
    "cen_loss": 1.7761438212394713,
    "cen_accuracy": 0.3255
  },
  "4": {
    "cen_loss": 1.596360800266266,
    "cen_accuracy": 0.42125
  }
}