{
  "0": {
    "cen_loss": 2.3034822883605957,
    "cen_accuracy": 0.1055
  },
  "1": {
    "cen_loss": 2.3034822883605957,
    "cen_accuracy": 0.1055
  },
  "2": {
    "cen_loss": 2.4614695903778077,
    "cen_accuracy": 0.1706
  },
  "3": {
    "cen_loss": 2.2137383228302,
    "cen_accuracy": 0.1797
  },
  "4": {
    "cen_loss": 3.0716331491470337,
    "cen_accuracy": 0.2174
  },
  "5": {
    "cen_loss": 1.9222901550292968,
    "cen_accuracy": 0.3251
  },
  "6": {
    "cen_loss": 2.031883884048462,
    "cen_accuracy": 0.2956
  },
  "7": {
    "cen_loss": 2.2681786151885985,
    "cen_accuracy": 0.31
  },
  "8": {
    "cen_loss": 2.299349053001404,
    "cen_accuracy": 0.2892
  },
  "9": {
    "cen_loss": 2.012568922996521,
    "cen_accuracy": 0.3216
  },
  "10": {
    "cen_loss": 2.0113528692245484,
    "cen_accuracy": 0.3217
  },
  "11": {
    "cen_loss": 2.3331286012649537,
    "cen_accuracy": 0.3013
  },
  "12": {
    "cen_loss": 2.39213829908371,
    "cen_accuracy": 0.3159
  },
  "13": {
    "cen_loss": 1.776232470703125,
    "cen_accuracy": 0.3941
  },
  "14": {
    "cen_loss": 1.7082032777786256,
    "cen_accuracy": 0.4138
  },
  "15": {
    "cen_loss": 1.915173283481598,
    "cen_accuracy": 0.3882
  },
  "16": {
    "cen_loss": 2.359033034133911,
    "cen_accuracy": 0.324
  },
  "17": {
    "cen_loss": 1.8477509957313538,
    "cen_accuracy": 0.3973
  },
  "18": {
    "cen_loss": 2.2657388116836548,
    "cen_accuracy": 0.3193
  },
  "19": {
    "cen_loss": 2.253317881298065,
    "cen_accuracy": 0.3709
  },
  "20": {
    "cen_loss": 2.2533178835868837,
    "cen_accuracy": 0.3709
  },
  "21": {
    "cen_loss": 2.8625993612289427,
    "cen_accuracy": 0.3151
  },
  "22": {
    "cen_loss": 1.8046061116218566,
    "cen_accuracy": 0.4224
  },
  "23": {
    "cen_loss": 1.917418610572815,
    "cen_accuracy": 0.3925
  },
  "24": {
    "cen_loss": 2.526350652503967,
    "cen_accuracy": 0.3651
  },
  "25": {
    "cen_loss": 1.7843381526947022,
    "cen_accuracy": 0.4345
  },
  "26": {
    "cen_loss": 2.3061481815338136,
    "cen_accuracy": 0.373
  },
  "27": {
    "cen_loss": 1.9582294716835023,
    "cen_accuracy": 0.4233
  },
  "28": {
    "cen_loss": 2.364666581249237,
    "cen_accuracy": 0.3812
  },
  "29": {
    "cen_loss": 2.122206062698364,
    "cen_accuracy": 0.3841
  },
  "30": {
    "cen_loss": 2.122206059932709,
    "cen_accuracy": 0.3841
  },
  "31": {
    "cen_loss": 1.895057625770569,
    "cen_accuracy": 0.4294
  },
  "32": {
    "cen_loss": 2.1138162178993225,
    "cen_accuracy": 0.4027
  },
  "33": {
    "cen_loss": 1.8860816990852356,
    "cen_accuracy": 0.4332
  },
  "34": {
    "cen_loss": 2.494526289653778,
    "cen_accuracy": 0.3284
  },
  "35": {
    "cen_loss": 2.2772058198928833,
    "cen_accuracy": 0.3734
  },
  "36": {
    "cen_loss": 2.1992904580116273,
    "cen_accuracy": 0.3877
  },
  "37": {
    "cen_loss": 2.5477499155044554,
    "cen_accuracy": 0.3718
  },
  "38": {
    "cen_loss": 2.071982231616974,
    "cen_accuracy": 0.3869
  },
  "39": {
    "cen_loss": 1.8629958705902099,
    "cen_accuracy": 0.433
  },
  "40": {
    "cen_loss": 1.86299586725235,
    "cen_accuracy": 0.433
  },
  "41": {
    "cen_loss": 2.002866400051117,
    "cen_accuracy": 0.4085
  },
  "42": {
    "cen_loss": 2.749645454311371,
    "cen_accuracy": 0.3584
  },
  "43": {
    "cen_loss": 1.837913006210327,
    "cen_accuracy": 0.4545
  },
  "44": {
    "cen_loss": 2.264256628322601,
    "cen_accuracy": 0.4098
  },
  "45": {
    "cen_loss": 2.12413237657547,
    "cen_accuracy": 0.4068
  },
  "46": {
    "cen_loss": 1.975836524963379,
    "cen_accuracy": 0.4265
  },
  "47": {
    "cen_loss": 2.035717409324646,
    "cen_accuracy": 0.4161
  },
  "48": {
    "cen_loss": 1.7578530827522278,
    "cen_accuracy": 0.4611
  },
  "49": {
    "cen_loss": 2.533885115528107,
    "cen_accuracy": 0.362
  },
  "50": {
    "cen_loss": 2.5338850835800173,
    "cen_accuracy": 0.362
  },
  "51": {
    "cen_loss": 2.2481745235443116,
    "cen_accuracy": 0.4101
  },
  "52": {
    "cen_loss": 2.4275105739593505,
    "cen_accuracy": 0.376
  },
  "53": {
    "cen_loss": 2.1682013471603394,
    "cen_accuracy": 0.43
  },
  "54": {
    "cen_loss": 2.109538642692566,
    "cen_accuracy": 0.4059
  },
  "55": {
    "cen_loss": 3.0388872884750366,
    "cen_accuracy": 0.3207
  },
  "56": {
    "cen_loss": 1.811152130794525,
    "cen_accuracy": 0.4604
  },
  "57": {
    "cen_loss": 2.8594655033111573,
    "cen_accuracy": 0.3589
  },
  "58": {
    "cen_loss": 1.923896238231659,
    "cen_accuracy": 0.4408
  },
  "59": {
    "cen_loss": 2.262602476978302,
    "cen_accuracy": 0.4059
  },
  "60": {
    "cen_loss": 2.2626024638175966,
    "cen_accuracy": 0.4059
  },
  "61": {
    "cen_loss": 1.7383531505584717,
    "cen_accuracy": 0.4589
  },
  "62": {
    "cen_loss": 2.0764622628211975,
    "cen_accuracy": 0.4156
  },
  "63": {
    "cen_loss": 1.7353548222541808,
    "cen_accuracy": 0.453
  },
  "64": {
    "cen_loss": 1.8767668009757996,
    "cen_accuracy": 0.4498
  },
  "65": {
    "cen_loss": 2.0672744952201842,
    "cen_accuracy": 0.4292
  },
  "66": {
    "cen_loss": 3.194310391998291,
    "cen_accuracy": 0.3159
  },
  "67": {
    "cen_loss": 1.9632458924293519,
    "cen_accuracy": 0.4561
  },
  "68": {
    "cen_loss": 2.077724201011658,
    "cen_accuracy": 0.4335
  },
  "69": {
    "cen_loss": 1.786549802875519,
    "cen_accuracy": 0.4565
  },
  "70": {
    "cen_loss": 1.7865498147010803,
    "cen_accuracy": 0.4565
  },
  "71": {
    "cen_loss": 2.6258385668754576,
    "cen_accuracy": 0.3605
  },
  "72": {
    "cen_loss": 2.09275637588501,
    "cen_accuracy": 0.4123
  },
  "73": {
    "cen_loss": 2.0191132669448852,
    "cen_accuracy": 0.4452
  },
  "74": {
    "cen_loss": 2.113936819934845,
    "cen_accuracy": 0.43
  },
  "75": {
    "cen_loss": 2.5655874268531798,
    "cen_accuracy": 0.3556
  },
  "76": {
    "cen_loss": 2.3239690618515016,
    "cen_accuracy": 0.3552
  },
  "77": {
    "cen_loss": 1.6816049028396607,
    "cen_accuracy": 0.4844
  },
  "78": {
    "cen_loss": 2.176883351421356,
    "cen_accuracy": 0.4103
  },
  "79": {
    "cen_loss": 1.6950216271400451,
    "cen_accuracy": 0.4751
  },
  "80": {
    "cen_loss": 1.6950215968132019,
    "cen_accuracy": 0.4751
  },
  "81": {
    "cen_loss": 2.023665870475769,
    "cen_accuracy": 0.4504
  },
  "82": {
    "cen_loss": 1.9348151065826416,
    "cen_accuracy": 0.448
  },
  "83": {
    "cen_loss": 2.191083777523041,
    "cen_accuracy": 0.4378
  },
  "84": {
    "cen_loss": 2.44256021900177,
    "cen_accuracy": 0.4337
  },
  "85": {
    "cen_loss": 3.587129309654236,
    "cen_accuracy": 0.319
  },
  "86": {
    "cen_loss": 2.1572736529350283,
    "cen_accuracy": 0.4196
  },
  "87": {
    "cen_loss": 2.0906883694648744,
    "cen_accuracy": 0.4354
  },
  "88": {
    "cen_loss": 2.41458759431839,
    "cen_accuracy": 0.4134
  },
  "89": {
    "cen_loss": 2.733482560920715,
    "cen_accuracy": 0.3411
  },
  "90": {
    "cen_loss": 2.7334825556755065,
    "cen_accuracy": 0.3411
  },
  "91": {
    "cen_loss": 2.2483616465568543,
    "cen_accuracy": 0.4264
  },
  "92": {
    "cen_loss": 2.3014285214424133,
    "cen_accuracy": 0.4037
  },
  "93": {
    "cen_loss": 2.0032774209976196,
    "cen_accuracy": 0.4394
  },
  "94": {
    "cen_loss": 2.1700533941268922,
    "cen_accuracy": 0.4115
  },
  "95": {
    "cen_loss": 1.8473670039176942,
    "cen_accuracy": 0.46
  },
  "96": {
    "cen_loss": 2.1115488936424254,
    "cen_accuracy": 0.4272
  },
  "97": {
    "cen_loss": 2.0515545845031737,
    "cen_accuracy": 0.4469
  },
  "98": {
    "cen_loss": 1.8290579925060273,
    "cen_accuracy": 0.4551
  },
  "99": {
    "cen_loss": 3.4309524713516235,
    "cen_accuracy": 0.2807
  },
  "100": {
    "cen_loss": 3.4309525230407716,
    "cen_accuracy": 0.2807
  },
  "101": {
    "cen_loss": 2.5940346309661866,
    "cen_accuracy": 0.3639
  }
}