{
  "0": {
    "cen_loss": 2.3027744300842286,
    "cen_accuracy": 0.1
  },
  "1": {
    "cen_loss": 2.3027744300842286,
    "cen_accuracy": 0.1
  },
  "2": {
    "cen_loss": 2.9084588928222654,
    "cen_accuracy": 0.1
  },
  "3": {
    "cen_loss": 3.610781816101074,
    "cen_accuracy": 0.1
  },
  "4": {
    "cen_loss": 3.986818938827515,
    "cen_accuracy": 0.1
  },
  "5": {
    "cen_loss": 5.025473327255249,
    "cen_accuracy": 0.1
  },
  "6": {
    "cen_loss": 4.803047620773316,
    "cen_accuracy": 0.1
  },
  "7": {
    "cen_loss": 5.298993508529663,
    "cen_accuracy": 0.1
  },
  "8": {
    "cen_loss": 2.9051520082473754,
    "cen_accuracy": 0.1653
  },
  "9": {
    "cen_loss": 2.7025874652862547,
    "cen_accuracy": 0.199
  },
  "10": {
    "cen_loss": 3.1573658765792847,
    "cen_accuracy": 0.1853
  },
  "11": {
    "cen_loss": 3.142325653076172,
    "cen_accuracy": 0.2059
  },
  "12": {
    "cen_loss": 3.1161063674926757,
    "cen_accuracy": 0.2075
  },
  "13": {
    "cen_loss": 2.3835232250213623,
    "cen_accuracy": 0.3051
  },
  "14": {
    "cen_loss": 1.6556928459167481,
    "cen_accuracy": 0.4172
  },
  "15": {
    "cen_loss": 1.7168164888381958,
    "cen_accuracy": 0.379
  },
  "16": {
    "cen_loss": 2.4182892915725707,
    "cen_accuracy": 0.3029
  },
  "17": {
    "cen_loss": 2.073981656265259,
    "cen_accuracy": 0.4103
  },
  "18": {
    "cen_loss": 1.9302219346046448,
    "cen_accuracy": 0.4178
  },
  "19": {
    "cen_loss": 1.7859702689170838,
    "cen_accuracy": 0.4317
  },
  "20": {
    "cen_loss": 1.7416767292022706,
    "cen_accuracy": 0.4608
  },
  "21": {
    "cen_loss": 1.5259419112205506,
    "cen_accuracy": 0.4969
  },
  "22": {
    "cen_loss": 1.7121294709205628,
    "cen_accuracy": 0.4536
  },
  "23": {
    "cen_loss": 1.7525686439990997,
    "cen_accuracy": 0.4937
  },
  "24": {
    "cen_loss": 1.7760870204925536,
    "cen_accuracy": 0.515
  },
  "25": {
    "cen_loss": 1.6672895690917968,
    "cen_accuracy": 0.5105
  },
  "26": {
    "cen_loss": 1.5760174525260926,
    "cen_accuracy": 0.5206
  },
  "27": {
    "cen_loss": 1.2887117986679077,
    "cen_accuracy": 0.5606
  },
  "28": {
    "cen_loss": 1.2006899024486541,
    "cen_accuracy": 0.581
  },
  "29": {
    "cen_loss": 1.1019904824733735,
    "cen_accuracy": 0.5998
  },
  "30": {
    "cen_loss": 1.273601341533661,
    "cen_accuracy": 0.5643
  },
  "31": {
    "cen_loss": 1.442606981086731,
    "cen_accuracy": 0.5811
  },
  "32": {
    "cen_loss": 1.3573994119644166,
    "cen_accuracy": 0.5412
  },
  "33": {
    "cen_loss": 1.0416888583183288,
    "cen_accuracy": 0.6166
  },
  "34": {
    "cen_loss": 1.4293482619285582,
    "cen_accuracy": 0.5182
  },
  "35": {
    "cen_loss": 1.0902604765176773,
    "cen_accuracy": 0.6445
  },
  "36": {
    "cen_loss": 1.3203144132137299,
    "cen_accuracy": 0.6117
  },
  "37": {
    "cen_loss": 1.0201509575366974,
    "cen_accuracy": 0.6515
  },
  "38": {
    "cen_loss": 0.9904822842597961,
    "cen_accuracy": 0.6511
  },
  "39": {
    "cen_loss": 1.2676076531648637,
    "cen_accuracy": 0.6208
  },
  "40": {
    "cen_loss": 1.2450920419454574,
    "cen_accuracy": 0.6371
  },
  "41": {
    "cen_loss": 1.0064703271865845,
    "cen_accuracy": 0.652
  },
  "42": {
    "cen_loss": 1.1184083503246307,
    "cen_accuracy": 0.6215
  },
  "43": {
    "cen_loss": 1.2448458161830902,
    "cen_accuracy": 0.5931
  },
  "44": {
    "cen_loss": 1.1925887593746185,
    "cen_accuracy": 0.6011
  },
  "45": {
    "cen_loss": 1.273314179754257,
    "cen_accuracy": 0.6086
  },
  "46": {
    "cen_loss": 1.215015422320366,
    "cen_accuracy": 0.5934
  },
  "47": {
    "cen_loss": 1.1864089824199677,
    "cen_accuracy": 0.5942
  },
  "48": {
    "cen_loss": 1.2749354363441467,
    "cen_accuracy": 0.5904
  },
  "49": {
    "cen_loss": 1.0814506058216096,
    "cen_accuracy": 0.6294
  },
  "50": {
    "cen_loss": 1.1613901384353638,
    "cen_accuracy": 0.6311
  },
  "51": {
    "cen_loss": 1.04681205534935,
    "cen_accuracy": 0.6345
  }
}