{
  "2": {
    "total_mJ": 1993073232.7442622,
    "total_ceq": 212.6529514004825,
    "num_expired_thresh": 0,
    "num_depleted": 0,
    "num_transmited_bytes": 787312064
  },
  "3": {
    "total_mJ": 2706633116.885549,
    "total_ceq": 288.2187249442948,
    "num_expired_thresh": 0,
    "num_depleted": 0,
    "num_transmited_bytes": 787312064
  },
  "4": {
    "total_mJ": 2101605362.1041977,
    "total_ceq": 224.9106348486,
    "num_expired_thresh": 0,
    "num_depleted": 0,
    "num_transmited_bytes": 787312064
  },
  "5": {
    "total_mJ": 1734803687.6020246,
    "total_ceq": 183.9258668166408,
    "num_expired_thresh": 0,
    "num_depleted": 0,
    "num_transmited_bytes": 787312064
  },
  "6": {
    "total_mJ": 1875079597.1277926,
    "total_ceq": 199.00258374493086,
    "num_expired_thresh": 0,
    "num_depleted": 0,
    "num_transmited_bytes": 787312064
  },
  "7": {
    "total_mJ": 641559254.4510669,
    "total_ceq": 68.18990908091328,
    "num_expired_thresh": 0,
    "num_depleted": 0,
    "num_transmited_bytes": 787312064
  },
  "8": {
    "total_mJ": 1701513130.314727,
    "total_ceq": 180.70858754646045,
    "num_expired_thresh": 0,
    "num_depleted": 0,
    "num_transmited_bytes": 787312064
  },
  "9": {
    "total_mJ": 1221132772.8154082,
    "total_ceq": 130.44659168590064,
    "num_expired_thresh": 0,
    "num_depleted": 0,
    "num_transmited_bytes": 787312064
  },
  "10": {
    "total_mJ": 1969306719.1357481,
    "total_ceq": 209.7454778913487,
    "num_expired_thresh": 0,
    "num_depleted": 0,
    "num_transmited_bytes": 787312064
  },
  "11": {
    "total_mJ": 2112980132.8231447,
    "total_ceq": 225.05845726174957,
    "num_expired_thresh": 0,
    "num_depleted": 0,
    "num_transmited_bytes": 787312064
  },
  "12": {
    "total_mJ": 2715699739.57321,
    "total_ceq": 288.56471682089557,
    "num_expired_thresh": 0,
    "num_depleted": 0,
    "num_transmited_bytes": 787312064
  },
  "13": {
    "total_mJ": 1322013425.6578336,
    "total_ceq": 140.29332260044134,
    "num_expired_thresh": 0,
    "num_depleted": 0,
    "num_transmited_bytes": 787312064
  },
  "14": {
    "total_mJ": 1044587007.433072,
    "total_ceq": 111.82606974164496,
    "num_expired_thresh": 0,
    "num_depleted": 0,
    "num_transmited_bytes": 787312064
  },
  "15": {
    "total_mJ": 1724535622.790442,
    "total_ceq": 183.65835126815,
    "num_expired_thresh": 0,
    "num_depleted": 0,
    "num_transmited_bytes": 787312064
  },
  "16": {
    "total_mJ": 1099200767.4767423,
    "total_ceq": 117.11684553305435,
    "num_expired_thresh": 0,
    "num_depleted": 0,
    "num_transmited_bytes": 787312064
  },
  "17": {
    "total_mJ": 2091476448.50828,
    "total_ceq": 223.23423740618827,
    "num_expired_thresh": 0,
    "num_depleted": 0,
    "num_transmited_bytes": 787312064
  },
  "18": {
    "total_mJ": 1333337770.7305624,
    "total_ceq": 142.60308166100742,
    "num_expired_thresh": 0,
    "num_depleted": 0,
    "num_transmited_bytes": 787312064
  },
  "19": {
    "total_mJ": 1974496456.989339,
    "total_ceq": 209.6449591637761,
    "num_expired_thresh": 0,
    "num_depleted": 0,
    "num_transmited_bytes": 787312064
  },
  "20": {
    "total_mJ": 1957642112.2538838,
    "total_ceq": 208.50661594837865,
    "num_expired_thresh": 0,
    "num_depleted": 0,
    "num_transmited_bytes": 787312064
  },
  "21": {
    "total_mJ": 1340960308.052164,
    "total_ceq": 142.78807564789815,
    "num_expired_thresh": 0,
    "num_depleted": 0,
    "num_transmited_bytes": 787312064
  },
  "22": {
    "total_mJ": 1963039083.5455332,
    "total_ceq": 208.1724493768381,
    "num_expired_thresh": 0,
    "num_depleted": 0,
    "num_transmited_bytes": 787312064
  },
  "23": {
    "total_mJ": 2084459080.6559522,
    "total_ceq": 221.3550167273488,
    "num_expired_thresh": 0,
    "num_depleted": 0,
    "num_transmited_bytes": 787312064
  },
  "24": {
    "total_mJ": 1934183257.4178464,
    "total_ceq": 205.57932047239942,
    "num_expired_thresh": 0,
    "num_depleted": 0,
    "num_transmited_bytes": 787312064
  },
  "25": {
    "total_mJ": 1323058735.6154423,
    "total_ceq": 141.0214921164138,
    "num_expired_thresh": 0,
    "num_depleted": 0,
    "num_transmited_bytes": 787312064
  },
  "26": {
    "total_mJ": 2721421885.8852863,
    "total_ceq": 289.38262599597164,
    "num_expired_thresh": 0,
    "num_depleted": 0,
    "num_transmited_bytes": 787312064
  },
  "27": {
    "total_mJ": 2060029937.2213542,
    "total_ceq": 218.4960626938444,
    "num_expired_thresh": 0,
    "num_depleted": 0,
    "num_transmited_bytes": 1503050304
  },
  "28": {
    "total_mJ": 2062409602.3618877,
    "total_ceq": 218.9364809327025,
    "num_expired_thresh": 0,
    "num_depleted": 0,
    "num_transmited_bytes": 1503050304
  },
  "29": {
    "total_mJ": 2007328336.1991804,
    "total_ceq": 214.84316667136721,
    "num_expired_thresh": 0,
    "num_depleted": 0,
    "num_transmited_bytes": 1503050304
  },
  "30": {
    "total_mJ": 2806702494.634567,
    "total_ceq": 299.70466716606524,
    "num_expired_thresh": 0,
    "num_depleted": 0,
    "num_transmited_bytes": 1503050304
  },
  "31": {
    "total_mJ": 1998151137.7584774,
    "total_ceq": 215.17870897100963,
    "num_expired_thresh": 0,
    "num_depleted": 0,
    "num_transmited_bytes": 1503050304
  },
  "32": {
    "total_mJ": 2154738286.8879766,
    "total_ceq": 229.69698941252187,
    "num_expired_thresh": 0,
    "num_depleted": 0,
    "num_transmited_bytes": 1503050304
  },
  "33": {
    "total_mJ": 2044014526.4780529,
    "total_ceq": 217.76220922749386,
    "num_expired_thresh": 0,
    "num_depleted": 0,
    "num_transmited_bytes": 1503050304
  },
  "34": {
    "total_mJ": 1967788148.6372283,
    "total_ceq": 209.3417156457103,
    "num_expired_thresh": 0,
    "num_depleted": 0,
    "num_transmited_bytes": 1503050304
  },
  "35": {
    "total_mJ": 2193144282.405977,
    "total_ceq": 235.35505353902445,
    "num_expired_thresh": 0,
    "num_depleted": 0,
    "num_transmited_bytes": 1503050304
  },
  "36": {
    "total_mJ": 2151133681.2446146,
    "total_ceq": 229.8352290259095,
    "num_expired_thresh": 0,
    "num_depleted": 0,
    "num_transmited_bytes": 1503050304
  },
  "37": {
    "total_mJ": 2205775662.070341,
    "total_ceq": 235.36234631381834,
    "num_expired_thresh": 0,
    "num_depleted": 0,
    "num_transmited_bytes": 1503050304
  },
  "38": {
    "total_mJ": 2793261003.4895563,
    "total_ceq": 298.41572692701624,
    "num_expired_thresh": 0,
    "num_depleted": 0,
    "num_transmited_bytes": 1503050304
  },
  "39": {
    "total_mJ": 1986594420.3335469,
    "total_ceq": 212.4067729944505,
    "num_expired_thresh": 0,
    "num_depleted": 0,
    "num_transmited_bytes": 1503050304
  },
  "40": {
    "total_mJ": 2175491021.0935526,
    "total_ceq": 232.11160857781812,
    "num_expired_thresh": 0,
    "num_depleted": 0,
    "num_transmited_bytes": 1503050304
  },
  "41": {
    "total_mJ": 1987453285.5291827,
    "total_ceq": 212.46580373900696,
    "num_expired_thresh": 0,
    "num_depleted": 0,
    "num_transmited_bytes": 1503050304
  },
  "42": {
    "total_mJ": 1781979444.2524505,
    "total_ceq": 189.80005505517042,
    "num_expired_thresh": 0,
    "num_depleted": 0,
    "num_transmited_bytes": 1503050304
  },
  "43": {
    "total_mJ": 2804404228.588621,
    "total_ceq": 301.13418991786943,
    "num_expired_thresh": 0,
    "num_depleted": 0,
    "num_transmited_bytes": 1503050304
  },
  "44": {
    "total_mJ": 2768315020.507566,
    "total_ceq": 295.0614866332849,
    "num_expired_thresh": 0,
    "num_depleted": 0,
    "num_transmited_bytes": 1503050304
  },
  "45": {
    "total_mJ": 2187067971.701005,
    "total_ceq": 235.00059698665174,
    "num_expired_thresh": 0,
    "num_depleted": 0,
    "num_transmited_bytes": 1503050304
  },
  "46": {
    "total_mJ": 2152607265.8003035,
    "total_ceq": 229.15073190799666,
    "num_expired_thresh": 0,
    "num_depleted": 0,
    "num_transmited_bytes": 1503050304
  },