{
  "0": {
    "cen_loss": 0,
    "is_orig": true
  },
  "1": {
    "cen_loss": 0,
    "is_orig": true
  },
  "2": {
    "cen_loss": 2.4871178199768065,
    "is_orig": true,
    "cen_accuracy": 0.1725
  },
  "3": {
    "cen_loss": 2.148708191680908,
    "is_orig": false,
    "cen_accuracy": 0.225
  },
  "4": {
    "cen_loss": 2.481473296165466,
    "is_orig": false,
    "cen_accuracy": 0.1665
  },
  "5": {
    "cen_loss": 2.0447101303100585,
    "is_orig": true,
    "cen_accuracy": 0.2512
  },
  "6": {
    "cen_loss": 2.2718821830749514,
    "is_orig": false,
    "cen_accuracy": 0.273
  },
  "7": {
    "cen_loss": 1.9818973943710327,
    "is_orig": false,
    "cen_accuracy": 0.2397
  },
  "8": {
    "cen_loss": 1.933119180870056,
    "is_orig": false,
    "cen_accuracy": 0.3449
  },
  "9": {
    "cen_loss": 2.3531782670974732,
    "is_orig": true,
    "cen_accuracy": 0.2951
  },
  "10": {
    "cen_loss": 2.351051148223877,
    "is_orig": true,
    "cen_accuracy": 0.2951
  },
  "11": {
    "cen_loss": 2.4067808542251585,
    "is_orig": false,
    "cen_accuracy": 0.2703
  },
  "12": {
    "cen_loss": 2.7580396411895753,
    "is_orig": true,
    "cen_accuracy": 0.1715
  },
  "13": {
    "cen_loss": 1.6346356040000916,
    "is_orig": true,
    "cen_accuracy": 0.3996
  },
  "14": {
    "cen_loss": 1.7470658469200133,
    "is_orig": false,
    "cen_accuracy": 0.3859
  },
  "15": {
    "cen_loss": 1.7402586635589599,
    "is_orig": false,
    "cen_accuracy": 0.3774
  },
  "16": {
    "cen_loss": 1.9301533681869507,
    "is_orig": true,
    "cen_accuracy": 0.3616
  },
  "17": {
    "cen_loss": 1.6774968278884888,
    "is_orig": true,
    "cen_accuracy": 0.4184
  },
  "18": {
    "cen_loss": 2.515052619934082,
    "is_orig": false,
    "cen_accuracy": 0.2843
  },
  "19": {
    "cen_loss": 2.052380027961731,
    "is_orig": true,
    "cen_accuracy": 0.3682
  },
  "20": {
    "cen_loss": 2.0523800084114074,
    "is_orig": true,
    "cen_accuracy": 0.3682
  },
  "21": {
    "cen_loss": 1.6530598455429077,
    "is_orig": true,
    "cen_accuracy": 0.4245
  },
  "22": {
    "cen_loss": 1.7427890451431274,
    "is_orig": false,
    "cen_accuracy": 0.4092
  },
  "23": {
    "cen_loss": 1.8986493614196778,
    "is_orig": true,
    "cen_accuracy": 0.3514
  },
  "24": {
    "cen_loss": 2.0381971071243288,
    "is_orig": false,
    "cen_accuracy": 0.3542
  },
  "25": {
    "cen_loss": 1.8253642115592956,
    "is_orig": true,
    "cen_accuracy": 0.4048
  },
  "26": {
    "cen_loss": 2.420828286361694,
    "is_orig": true,
    "cen_accuracy": 0.2448
  },
  "27": {
    "cen_loss": 1.5862616571426391,
    "is_orig": true,
    "cen_accuracy": 0.4403
  },
  "28": {
    "cen_loss": 1.7148611815452575,
    "is_orig": true,
    "cen_accuracy": 0.4216
  },
  "29": {
    "cen_loss": 1.6221251984596252,
    "is_orig": true,
    "cen_accuracy": 0.4447
  },
  "30": {
    "cen_loss": 1.6221252068519592,
    "is_orig": true,
    "cen_accuracy": 0.4447
  },
  "31": {
    "cen_loss": 1.9267954320907592,
    "is_orig": true,
    "cen_accuracy": 0.3839
  },
  "32": {
    "cen_loss": 1.6356899924278259,
    "is_orig": true,
    "cen_accuracy": 0.4295
  },
  "33": {
    "cen_loss": 1.6319274231910705,
    "is_orig": false,
    "cen_accuracy": 0.4475
  },
  "34": {
    "cen_loss": 1.6591164947509767,
    "is_orig": true,
    "cen_accuracy": 0.4444
  },
  "35": {
    "cen_loss": 2.3033988153457643,
    "is_orig": true,
    "cen_accuracy": 0.3159
  },
  "36": {
    "cen_loss": 1.7556946963310243,
    "is_orig": true,
    "cen_accuracy": 0.4069
  },
  "37": {
    "cen_loss": 1.7638358338356017,
    "is_orig": true,
    "cen_accuracy": 0.4146
  },
  "38": {
    "cen_loss": 1.7664129522323608,
    "is_orig": false,
    "cen_accuracy": 0.4013
  },
  "39": {
    "cen_loss": 1.8748707507133484,
    "is_orig": true,
    "cen_accuracy": 0.3946
  },
  "40": {
    "cen_loss": 1.8748707242012024,
    "is_orig": true,
    "cen_accuracy": 0.3946
  },
  "41": {
    "cen_loss": 1.7531348504066466,
    "is_orig": false,
    "cen_accuracy": 0.4303
  },
  "42": {
    "cen_loss": 2.093716693305969,
    "is_orig": false,
    "cen_accuracy": 0.3515
  },
  "43": {
    "cen_loss": 1.7268623343467713,
    "is_orig": false,
    "cen_accuracy": 0.4154
  },
  "44": {
    "cen_loss": 1.5616080416679383,
    "is_orig": false,
    "cen_accuracy": 0.471
  },
  "45": {
    "cen_loss": 1.8169042000770568,
    "is_orig": false,
    "cen_accuracy": 0.4403
  },
  "46": {
    "cen_loss": 1.7726596345901489,
    "is_orig": false,
    "cen_accuracy": 0.4079
  },
  "47": {
    "cen_loss": 2.14173197927475,
    "is_orig": true,
    "cen_accuracy": 0.3819
  },
  "48": {
    "cen_loss": 1.6303735559463501,
    "is_orig": false,
    "cen_accuracy": 0.46
  },
  "49": {
    "cen_loss": 1.759501707649231,
    "is_orig": false,
    "cen_accuracy": 0.4328
  },
  "50": {
    "cen_loss": 1.759501696205139,
    "is_orig": true,
    "cen_accuracy": 0.4328
  },
  "51": {
    "cen_loss": 2.02606050491333,
    "is_orig": false,
    "cen_accuracy": 0.3914
  },
  "52": {
    "cen_loss": 1.9697256618499757,
    "is_orig": true,
    "cen_accuracy": 0.4015
  },
  "53": {
    "cen_loss": 1.7597415859222412,
    "is_orig": true,
    "cen_accuracy": 0.4295
  },
  "54": {
    "cen_loss": 1.8835903579711915,
    "is_orig": true,
    "cen_accuracy": 0.3988
  },
  "55": {
    "cen_loss": 3.033339149284363,
    "is_orig": true,
    "cen_accuracy": 0.2713
  },
  "56": {
    "cen_loss": 1.6699590189933777,
    "is_orig": true,
    "cen_accuracy": 0.4237
  },
  "57": {
    "cen_loss": 1.8211611662864684,
    "is_orig": false,
    "cen_accuracy": 0.4213
  },
  "58": {
    "cen_loss": 1.7653948229789733,
    "is_orig": false,
    "cen_accuracy": 0.415
  },
  "59": {
    "cen_loss": 2.177336180782318,
    "is_orig": false,
    "cen_accuracy": 0.3758
  },
  "60": {
    "cen_loss": 2.1773362047195435,
    "is_orig": true,
    "cen_accuracy": 0.3758
  },
  "61": {
    "cen_loss": 1.700788232898712,
    "is_orig": true,
    "cen_accuracy": 0.4483
  },
  "62": {
    "cen_loss": 2.689949388694763,
    "is_orig": true,
    "cen_accuracy": 0.3137
  },
  "63": {
    "cen_loss": 1.9346184171676635,
    "is_orig": true,
    "cen_accuracy": 0.3928
  },
  "64": {
    "cen_loss": 2.3743587419509886,
    "is_orig": true,
    "cen_accuracy": 0.3177
  },
  "65": {
    "cen_loss": 1.558542094516754,
    "is_orig": true,
    "cen_accuracy": 0.473
  },
  "66": {
    "cen_loss": 2.0424615436553957,
    "is_orig": true,
    "cen_accuracy": 0.3853
  },
  "67": {
    "cen_loss": 1.6193327554702759,
    "is_orig": true,
    "cen_accuracy": 0.4666
  },
  "68": {
    "cen_loss": 2.090628429317474,
    "is_orig": false,
    "cen_accuracy": 0.4004
  },
  "69": {
    "cen_loss": 2.094074273109436,
    "is_orig": true,
    "cen_accuracy": 0.4002
  },
  "70": {
    "cen_loss": 2.0940742583274843,
    "is_orig": true,
    "cen_accuracy": 0.4002
  },
  "71": {
    "cen_loss": 1.6769305041313172,
    "is_orig": true,
    "cen_accuracy": 0.4641
  },
  "72": {
    "cen_loss": 1.7141411997795104,
    "is_orig": false,
    "cen_accuracy": 0.455
  },
  "73": {
    "cen_loss": 1.6909759532928468,
    "is_orig": true,
    "cen_accuracy": 0.4661
  },
  "74": {
    "cen_loss": 1.599900015449524,
    "is_orig": true,
    "cen_accuracy": 0.4723
  },
  "75": {
    "cen_loss": 1.7689095385551452,
    "is_orig": false,
    "cen_accuracy": 0.4449
  },
  "76": {
    "cen_loss": 1.8921064120292663,
    "is_orig": false,
    "cen_accuracy": 0.4445
  },
  "77": {
    "cen_loss": 1.6799351726531981,
    "is_orig": false,
    "cen_accuracy": 0.4582
  },
  "78": {
    "cen_loss": 1.6807006525993347,
    "is_orig": false,
    "cen_accuracy": 0.4616
  },
  "79": {
    "cen_loss": 1.8651931046485901,
    "is_orig": true,
    "cen_accuracy": 0.4273
  },
  "80": {
    "cen_loss": 1.8651931026458741,
    "is_orig": true,
    "cen_accuracy": 0.4273
  },
  "81": {
    "cen_loss": 1.786476449394226,
    "is_orig": true,