{
  "0": {
    "cen_loss": 2.303392876815796,
    "cen_accuracy": 0.1
  },
  "1": {
    "cen_loss": 2.303392876815796,
    "cen_accuracy": 0.1
  },
  "2": {
    "cen_loss": 2.2522423669815064,
    "cen_accuracy": 0.148
  },
  "3": {
    "cen_loss": 2.2544612771987915,
    "cen_accuracy": 0.2529
  },
  "4": {
    "cen_loss": 1.8556885740280151,
    "cen_accuracy": 0.3513
  },
  "5": {
    "cen_loss": 2.278175130844116,
    "cen_accuracy": 0.312
  },
  "6": {
    "cen_loss": 1.9299956125259399,
    "cen_accuracy": 0.3848
  },
  "7": {
    "cen_loss": 4.274767727661133,
    "cen_accuracy": 0.2595
  },
  "8": {
    "cen_loss": 1.909095167541504,
    "cen_accuracy": 0.3142
  },
  "9": {
    "cen_loss": 2.086736485671997,
    "cen_accuracy": 0.3617
  },
  "10": {
    "cen_loss": 2.0855062755584717,
    "cen_accuracy": 0.3618
  },
  "11": {
    "cen_loss": 2.2568907197952273,
    "cen_accuracy": 0.346
  },
  "12": {
    "cen_loss": 2.1352092597961425,
    "cen_accuracy": 0.3223
  },
  "13": {
    "cen_loss": 1.8535927534103394,
    "cen_accuracy": 0.3768
  },
  "14": {
    "cen_loss": 2.6045947387695314,
    "cen_accuracy": 0.3168
  },
  "15": {
    "cen_loss": 1.9673623380661012,
    "cen_accuracy": 0.3844
  },
  "16": {
    "cen_loss": 4.1873597240448,
    "cen_accuracy": 0.2773
  },
  "17": {
    "cen_loss": 2.1065987474441528,
    "cen_accuracy": 0.3547
  },
  "18": {
    "cen_loss": 1.730248606491089,
    "cen_accuracy": 0.4359
  },
  "19": {
    "cen_loss": 1.9933312319755554,
    "cen_accuracy": 0.3624
  },
  "20": {
    "cen_loss": 1.993331196498871,
    "cen_accuracy": 0.3624
  },
  "21": {
    "cen_loss": 1.744410443496704,
    "cen_accuracy": 0.426
  },
  "22": {
    "cen_loss": 3.2514438749313355,
    "cen_accuracy": 0.2883
  },
  "23": {
    "cen_loss": 1.8605097756385802,
    "cen_accuracy": 0.4289
  },
  "24": {
    "cen_loss": 2.8598418954849243,
    "cen_accuracy": 0.3282
  },
  "25": {
    "cen_loss": 2.0772703223228453,
    "cen_accuracy": 0.4041
  },
  "26": {
    "cen_loss": 1.9620225166320802,
    "cen_accuracy": 0.3882
  },
  "27": {
    "cen_loss": 2.5343786949157714,
    "cen_accuracy": 0.3577
  },
  "28": {
    "cen_loss": 1.9959583599090576,
    "cen_accuracy": 0.3582
  },
  "29": {
    "cen_loss": 2.190027191543579,
    "cen_accuracy": 0.3594
  },
  "30": {
    "cen_loss": 2.190027129173279,
    "cen_accuracy": 0.3594
  },
  "31": {
    "cen_loss": 2.6396788103103637,
    "cen_accuracy": 0.3662
  },
  "32": {
    "cen_loss": 1.9299954895973206,
    "cen_accuracy": 0.3886
  },
  "33": {
    "cen_loss": 5.15891595916748,
    "cen_accuracy": 0.27
  },
  "34": {
    "cen_loss": 2.6894321546554565,
    "cen_accuracy": 0.3373
  },
  "35": {
    "cen_loss": 1.9945576298713683,
    "cen_accuracy": 0.3996
  },
  "36": {
    "cen_loss": 1.9453651837348938,
    "cen_accuracy": 0.3952
  },
  "37": {
    "cen_loss": 2.3468464301109315,
    "cen_accuracy": 0.3765
  },
  "38": {
    "cen_loss": 2.1167589092254637,
    "cen_accuracy": 0.4055
  },
  "39": {
    "cen_loss": 1.8825982360839844,
    "cen_accuracy": 0.4199
  },
  "40": {
    "cen_loss": 1.8825982456207275,
    "cen_accuracy": 0.4199
  },
  "41": {
    "cen_loss": 1.998725901889801,
    "cen_accuracy": 0.4061
  },
  "42": {
    "cen_loss": 2.312575489997864,
    "cen_accuracy": 0.3769
  },
  "43": {
    "cen_loss": 2.1497871139526366,
    "cen_accuracy": 0.4049
  },
  "44": {
    "cen_loss": 2.317107993030548,
    "cen_accuracy": 0.381
  },
  "45": {
    "cen_loss": 2.73575869140625,
    "cen_accuracy": 0.3604
  },
  "46": {
    "cen_loss": 2.1092865116119386,
    "cen_accuracy": 0.4163
  },
  "47": {
    "cen_loss": 2.9357056661605836,
    "cen_accuracy": 0.3043
  },
  "48": {
    "cen_loss": 3.9041552215576174,
    "cen_accuracy": 0.2974
  },
  "49": {
    "cen_loss": 2.257590144634247,
    "cen_accuracy": 0.3555
  },
  "50": {
    "cen_loss": 2.2575900917053224,
    "cen_accuracy": 0.3555
  },
  "51": {
    "cen_loss": 2.085569013786316,
    "cen_accuracy": 0.4003
  },
  "52": {
    "cen_loss": 2.36260567817688,
    "cen_accuracy": 0.3869
  },
  "53": {
    "cen_loss": 2.323956798553467,
    "cen_accuracy": 0.3899
  },
  "54": {
    "cen_loss": 2.619236773490906,
    "cen_accuracy": 0.3082
  },
  "55": {
    "cen_loss": 3.4296417612075807,
    "cen_accuracy": 0.3175
  },
  "56": {
    "cen_loss": 2.30812687997818,
    "cen_accuracy": 0.3634
  },
  "57": {
    "cen_loss": 2.9386272075653075,
    "cen_accuracy": 0.3277
  },
  "58": {
    "cen_loss": 2.0406460633277894,
    "cen_accuracy": 0.3796
  },
  "59": {
    "cen_loss": 2.8146834136009216,
    "cen_accuracy": 0.3498
  },
  "60": {
    "cen_loss": 2.814683443260193,
    "cen_accuracy": 0.3498
  },
  "61": {
    "cen_loss": 2.391496626567841,
    "cen_accuracy": 0.3511
  },
  "62": {
    "cen_loss": 2.462653853416443,
    "cen_accuracy": 0.3623
  },
  "63": {
    "cen_loss": 2.063505926322937,
    "cen_accuracy": 0.3986
  },
  "64": {
    "cen_loss": 1.871867508983612,
    "cen_accuracy": 0.4355
  },
  "65": {
    "cen_loss": 2.642937451839447,
    "cen_accuracy": 0.3486
  },
  "66": {
    "cen_loss": 2.6464386171340943,
    "cen_accuracy": 0.332
  },
  "67": {
    "cen_loss": 2.1924346623420714,
    "cen_accuracy": 0.4003
  },
  "68": {
    "cen_loss": 2.17964824180603,
    "cen_accuracy": 0.4099
  },
  "69": {
    "cen_loss": 2.402724900817871,
    "cen_accuracy": 0.3905
  },
  "70": {
    "cen_loss": 2.4027248746871948,
    "cen_accuracy": 0.3905
  },
  "71": {
    "cen_loss": 3.960251277732849,
    "cen_accuracy": 0.3023
  },
  "72": {
    "cen_loss": 2.0997634028434753,
    "cen_accuracy": 0.4318
  },
  "73": {
    "cen_loss": 2.327613183784485,
    "cen_accuracy": 0.3773
  },
  "74": {
    "cen_loss": 2.3042094309806824,
    "cen_accuracy": 0.3809
  },
  "75": {
    "cen_loss": 3.001437004470825,
    "cen_accuracy": 0.3381
  },
  "76": {
    "cen_loss": 1.7584385908126832,
    "cen_accuracy": 0.4355
  },
  "77": {
    "cen_loss": 2.83679249420166,
    "cen_accuracy": 0.3595
  },
  "78": {
    "cen_loss": 2.331880913734436,
    "cen_accuracy": 0.3781
  },
  "79": {
    "cen_loss": 2.4035171485900877,
    "cen_accuracy": 0.3871
  },
  "80": {
    "cen_loss": 2.403517108154297,
    "cen_accuracy": 0.3871
  },
  "81": {
    "cen_loss": 1.7889231214523316,
    "cen_accuracy": 0.4614
  },
  "82": {
    "cen_loss": 2.206467976474762,
    "cen_accuracy": 0.4059
  },
  "83": {
    "cen_loss": 2.3689902216911314,
    "cen_accuracy": 0.3912
  },
  "84": {
    "cen_loss": 3.7025587425231934,
    "cen_accuracy": 0.3002
  },
  "85": {
    "cen_loss": 2.157919024848938,
    "cen_accuracy": 0.3954
  },
  "86": {
    "cen_loss": 1.9295097301483155,
    "cen_accuracy": 0.4312
  },
  "87": {
    "cen_loss": 2.623317723655701,
    "cen_accuracy": 0.3554
  },
  "88": {
    "cen_loss": 2.0947142890930177,
    "cen_accuracy": 0.4274
  },
  "89": {
    "cen_loss": 2.9884011741638186,
    "cen_accuracy": 0.346
  },
  "90": {
    "cen_loss": 2.988401085662842,
    "cen_accuracy": 0.346
  },
  "91": {
    "cen_loss": 2.53136707906723,
    "cen_accuracy": 0.3658
  },
  "92": {
    "cen_loss": 2.9676029369354247,
    "cen_accuracy": 0.3429
  },
  "93": {
    "cen_loss": 1.8114938282966613,
    "cen_accuracy": 0.4404
  },
  "94": {
    "cen_loss": 2.214968826580048,
    "cen_accuracy": 0.4039
  },
  "95": {
    "cen_loss": 2.4282396570205687,
    "cen_accuracy": 0.3754
  },
  "96": {
    "cen_loss": 2.162364813899994,
    "cen_accuracy": 0.3954
  },
  "97": {
    "cen_loss": 4.346496083831787,
    "cen_accuracy": 0.2911
  },
  "98": {
    "cen_loss": 3.1559306541442873,
    "cen_accuracy": 0.355
  },
  "99": {
    "cen_loss": 2.140861141872406,
    "cen_accuracy": 0.3801
  },
  "100": {
    "cen_loss": 2.1408611352920532,
    "cen_accuracy": 0.3801
  },
  "101": {
    "cen_loss": 2.3140740622520446,
    "cen_accuracy": 0.3751
  }
}