{
  "0": {
    "cen_loss": 2.3027744300842286,
    "cen_accuracy": 0.1
  },
  "1": {
    "cen_loss": 2.3027744300842286,
    "cen_accuracy": 0.1
  },
  "2": {
    "cen_loss": 3.2901894886016847,
    "cen_accuracy": 0.1
  },
  "3": {
    "cen_loss": 5.057232802200318,
    "cen_accuracy": 0.1
  },
  "4": {
    "cen_loss": 6.368999000167847,
    "cen_accuracy": 0.1
  },
  "5": {
    "cen_loss": 6.070416860198975,
    "cen_accuracy": 0.1
  },
  "6": {
    "cen_loss": 6.363873718261718,
    "cen_accuracy": 0.1344
  },
  "7": {
    "cen_loss": 4.961116593933106,
    "cen_accuracy": 0.121
  },
  "8": {
    "cen_loss": 5.387903384780884,
    "cen_accuracy": 0.1
  },
  "9": {
    "cen_loss": 3.507683118057251,
    "cen_accuracy": 0.1007
  },
  "10": {
    "cen_loss": 4.574802193069458,
    "cen_accuracy": 0.1018
  },
  "11": {
    "cen_loss": 4.855331608200073,
    "cen_accuracy": 0.0993
  },
  "12": {
    "cen_loss": 5.178869395065307,
    "cen_accuracy": 0.1049
  },
  "13": {
    "cen_loss": 3.690019709587097,
    "cen_accuracy": 0.1743
  },
  "14": {
    "cen_loss": 3.99551728515625,
    "cen_accuracy": 0.1916
  },
  "15": {
    "cen_loss": 2.2463722259521486,
    "cen_accuracy": 0.2841
  },
  "16": {
    "cen_loss": 2.351106364059448,
    "cen_accuracy": 0.3251
  },
  "17": {
    "cen_loss": 2.288685944366455,
    "cen_accuracy": 0.3381
  },
  "18": {
    "cen_loss": 1.5501033496856689,
    "cen_accuracy": 0.458
  },
  "19": {
    "cen_loss": 1.5602111481666565,
    "cen_accuracy": 0.4489
  },
  "20": {
    "cen_loss": 1.6567999051094056,
    "cen_accuracy": 0.4324
  },
  "21": {
    "cen_loss": 1.649575358772278,
    "cen_accuracy": 0.4432
  },
  "22": {
    "cen_loss": 1.4147046998023987,
    "cen_accuracy": 0.5213
  },
  "23": {
    "cen_loss": 1.737862171649933,
    "cen_accuracy": 0.4493
  },
  "24": {
    "cen_loss": 1.3269611473083496,
    "cen_accuracy": 0.5379
  },
  "25": {
    "cen_loss": 1.2590386537075042,
    "cen_accuracy": 0.5662
  },
  "26": {
    "cen_loss": 1.274625987482071,
    "cen_accuracy": 0.5729
  },
  "27": {
    "cen_loss": 1.3249299344062806,
    "cen_accuracy": 0.5597
  },
  "28": {
    "cen_loss": 1.5905403411865235,
    "cen_accuracy": 0.5138
  },
  "29": {
    "cen_loss": 1.0380868701934813,
    "cen_accuracy": 0.642
  },
  "30": {
    "cen_loss": 1.2268884864807128,
    "cen_accuracy": 0.5974
  },
  "31": {
    "cen_loss": 1.1168174917697906,
    "cen_accuracy": 0.6353
  },
  "32": {
    "cen_loss": 1.1500267810344695,
    "cen_accuracy": 0.6135
  },
  "33": {
    "cen_loss": 1.1096737840652466,
    "cen_accuracy": 0.6248
  },
  "34": {
    "cen_loss": 1.0959292041540145,
    "cen_accuracy": 0.6277
  },
  "35": {
    "cen_loss": 1.0801027060985564,
    "cen_accuracy": 0.6348
  },
  "36": {
    "cen_loss": 1.1016847552776337,
    "cen_accuracy": 0.6337
  },
  "37": {
    "cen_loss": 0.980051013803482,
    "cen_accuracy": 0.6682
  },
  "38": {
    "cen_loss": 1.1746123755455018,
    "cen_accuracy": 0.6038
  },
  "39": {
    "cen_loss": 1.076880821633339,
    "cen_accuracy": 0.6485
  },
  "40": {
    "cen_loss": 1.0817067278146744,
    "cen_accuracy": 0.6468
  },
  "41": {
    "cen_loss": 1.060237842655182,
    "cen_accuracy": 0.648
  },
  "42": {
    "cen_loss": 0.9736083045005798,
    "cen_accuracy": 0.668
  },
  "43": {
    "cen_loss": 1.2559381909370422,
    "cen_accuracy": 0.6201
  },
  "44": {
    "cen_loss": 1.1085347461700439,
    "cen_accuracy": 0.6338
  },
  "45": {
    "cen_loss": 1.0153864916801452,
    "cen_accuracy": 0.6552
  },
  "46": {
    "cen_loss": 1.0853773856639861,
    "cen_accuracy": 0.6508
  },
  "47": {
    "cen_loss": 0.9536977935791016,
    "cen_accuracy": 0.6744
  },
  "48": {
    "cen_loss": 1.1007024333834647,
    "cen_accuracy": 0.6562
  },
  "49": {
    "cen_loss": 0.9383802996397018,
    "cen_accuracy": 0.6832
  },
  "50": {
    "cen_loss": 1.0560889217853546,
    "cen_accuracy": 0.6493
  },
  "51": {
    "cen_loss": 0.949142245554924,
    "cen_accuracy": 0.6741
  },
  "52": {
    "cen_loss": 1.0050014744758606,
    "cen_accuracy": 0.6621
  },
  "53": {
    "cen_loss": 1.2167771756649017,
    "cen_accuracy": 0.6155
  },
  "54": {
    "cen_loss": 1.3357215067386627,
    "cen_accuracy": 0.6164
  },
  "55": {
    "cen_loss": 1.1182443739175796,
    "cen_accuracy": 0.6392
  },
  "56": {
    "cen_loss": 1.1352501587867736,
    "cen_accuracy": 0.6291
  },
  "57": {
    "cen_loss": 1.2200837067127228,
    "cen_accuracy": 0.6341
  },
  "58": {
    "cen_loss": 1.5492753292560577,
    "cen_accuracy": 0.5505
  },
  "59": {
    "cen_loss": 1.1278000985145569,
    "cen_accuracy": 0.6474
  },
  "60": {
    "cen_loss": 1.039734276199341,
    "cen_accuracy": 0.6602
  },
  "61": {
    "cen_loss": 1.1825746749401091,
    "cen_accuracy": 0.6441
  },
  "62": {
    "cen_loss": 1.3195008912563324,
    "cen_accuracy": 0.6238
  },
  "63": {
    "cen_loss": 1.2425809267997743,
    "cen_accuracy": 0.6316
  },
  "64": {
    "cen_loss": 1.002162246775627,
    "cen_accuracy": 0.6726
  },
  "65": {
    "cen_loss": 1.4020818450927734,
    "cen_accuracy": 0.5917
  },
  "66": {
    "cen_loss": 1.0586931307554246,
    "cen_accuracy": 0.6643
  },
  "67": {
    "cen_loss": 1.0116696044683458,
    "cen_accuracy": 0.6656
  },
  "68": {
    "cen_loss": 1.5107080619812012,
    "cen_accuracy": 0.5963
  },
  "69": {
    "cen_loss": 1.0530751641988754,
    "cen_accuracy": 0.6659
  },
  "70": {
    "cen_loss": 0.9093221157073975,
    "cen_accuracy": 0.6926
  },
  "71": {
    "cen_loss": 1.1262803870677949,
    "cen_accuracy": 0.6475
  },
  "72": {
    "cen_loss": 0.9524434329271316,
    "cen_accuracy": 0.68
  },
  "73": {
    "cen_loss": 0.9979389861106872,
    "cen_accuracy": 0.6872
  },
  "74": {
    "cen_loss": 0.9978264371871948,
    "cen_accuracy": 0.6809
  },
  "75": {
    "cen_loss": 1.206832227420807,
    "cen_accuracy": 0.6272
  },
  "76": {
    "cen_loss": 0.9349027228593826,
    "cen_accuracy": 0.6967
  },
  "77": {
    "cen_loss": 1.0535976770877837,
    "cen_accuracy": 0.6779
  },
  "78": {
    "cen_loss": 1.115514398574829,
    "cen_accuracy": 0.6641
  },
  "79": {
    "cen_loss": 1.0958421063899995,
    "cen_accuracy": 0.6662
  },
  "80": {
    "cen_loss": 1.2215872037410735,
    "cen_accuracy": 0.6228
  },
  "81": {
    "cen_loss": 1.2885441497325898,
    "cen_accuracy": 0.6101
  },
  "82": {
    "cen_loss": 1.1256069968700408,
    "cen_accuracy": 0.6467
  },
  "83": {
    "cen_loss": 1.6335551908969879,
    "cen_accuracy": 0.547
  },
  "84": {
    "cen_loss": 1.0072389758348466,
    "cen_accuracy": 0.6758
  },
  "85": {
    "cen_loss": 0.9888754773974419,
    "cen_accuracy": 0.6844
  },
  "86": {
    "cen_loss": 1.1694928471803665,
    "cen_accuracy": 0.6477
  },
  "87": {
    "cen_loss": 1.0519199041843414,
    "cen_accuracy": 0.6749
  },
  "88": {
    "cen_loss": 1.0978416342496873,
    "cen_accuracy": 0.6642
  },
  "89": {
    "cen_loss": 1.0241670483350753,
    "cen_accuracy": 0.6716
  },
  "90": {
    "cen_loss": 0.8841570766448975,
    "cen_accuracy": 0.7145
  },
  "91": {
    "cen_loss": 1.104878465282917,
    "cen_accuracy": 0.676
  },
  "92": {
    "cen_loss": 0.972216020488739,
    "cen_accuracy": 0.7031
  },
  "93": {
    "cen_loss": 0.9524675863742829,
    "cen_accuracy": 0.7005
  },
  "94": {
    "cen_loss": 1.0037394396781922,
    "cen_accuracy": 0.6847
  },
  "95": {
    "cen_loss": 1.1466476536750794,
    "cen_accuracy": 0.669
  },
  "96": {
    "cen_loss": 0.9410056659340859,
    "cen_accuracy": 0.7085
  },
  "97": {
    "cen_loss": 1.3073275586128235,
    "cen_accuracy": 0.6175
  },
  "98": {
    "cen_loss": 0.909169387960434,
    "cen_accuracy": 0.7087
  },
  "99": {
    "cen_loss": 1.1638361617088318,
    "cen_accuracy": 0.6599
  },
  "100": {
    "cen_loss": 1.1829067802429198,
    "cen_accuracy": 0.648
  },
  "101": {
    "cen_loss": 0.8943712353467941,
    "cen_accuracy": 0.7131
  }
}