{
  "0": {
    "cen_loss": 2.302716353225708,
    "cen_accuracy": 0.1
  },
  "1": {
    "cen_loss": 2.302716353225708,
    "cen_accuracy": 0.1
  },
  "2": {
    "cen_loss": 2.9540552268981934,
    "cen_accuracy": 0.1
  },
  "3": {
    "cen_loss": 7.220587113189698,
    "cen_accuracy": 0.1
  },
  "4": {
    "cen_loss": 7.028559397888183,
    "cen_accuracy": 0.1
  },
  "5": {
    "cen_loss": 6.334090892410278,
    "cen_accuracy": 0.1001
  },
  "6": {
    "cen_loss": 6.581744625854492,
    "cen_accuracy": 0.1
  },
  "7": {
    "cen_loss": 5.061993919754029,
    "cen_accuracy": 0.1174
  },
  "8": {
    "cen_loss": 6.709012001800537,
    "cen_accuracy": 0.1079
  },
  "9": {
    "cen_loss": 6.1134922901153566,
    "cen_accuracy": 0.1
  },
  "10": {
    "cen_loss": 6.209832624816895,
    "cen_accuracy": 0.1
  },
  "11": {
    "cen_loss": 4.7049625324249265,
    "cen_accuracy": 0.1403
  },
  "12": {
    "cen_loss": 5.282207036590576,
    "cen_accuracy": 0.1079
  },
  "13": {
    "cen_loss": 3.899002299118042,
    "cen_accuracy": 0.1515
  },
  "14": {
    "cen_loss": 4.023588868713379,
    "cen_accuracy": 0.1522
  },
  "15": {
    "cen_loss": 3.8477092182159423,
    "cen_accuracy": 0.156
  },
  "16": {
    "cen_loss": 2.9047255113601684,
    "cen_accuracy": 0.2382
  },
  "17": {
    "cen_loss": 2.1853896346092223,
    "cen_accuracy": 0.3407
  },
  "18": {
    "cen_loss": 1.9460085062980652,
    "cen_accuracy": 0.3841
  },
  "19": {
    "cen_loss": 1.5951657000541688,
    "cen_accuracy": 0.4686
  },
  "20": {
    "cen_loss": 1.6003840738296509,
    "cen_accuracy": 0.4788
  },
  "21": {
    "cen_loss": 1.5251784446716308,
    "cen_accuracy": 0.5144
  },
  "22": {
    "cen_loss": 1.3509632774829865,
    "cen_accuracy": 0.5515
  },
  "23": {
    "cen_loss": 1.3187289363384247,
    "cen_accuracy": 0.5667
  },
  "24": {
    "cen_loss": 1.244884051847458,
    "cen_accuracy": 0.5927
  },
  "25": {
    "cen_loss": 1.1482342863082886,
    "cen_accuracy": 0.6222
  },
  "26": {
    "cen_loss": 1.109906734085083,
    "cen_accuracy": 0.6406
  },
  "27": {
    "cen_loss": 1.1847262116909028,
    "cen_accuracy": 0.6118
  },
  "28": {
    "cen_loss": 1.0217286024570464,
    "cen_accuracy": 0.6696
  },
  "29": {
    "cen_loss": 1.0132753062725066,
    "cen_accuracy": 0.6741
  },
  "30": {
    "cen_loss": 0.92837226293087,
    "cen_accuracy": 0.6943
  },
  "31": {
    "cen_loss": 0.9716199818611145,
    "cen_accuracy": 0.6821
  },
  "32": {
    "cen_loss": 1.0356214481115342,
    "cen_accuracy": 0.6765
  },
  "33": {
    "cen_loss": 0.9415779239177704,
    "cen_accuracy": 0.6959
  },
  "34": {
    "cen_loss": 0.9267055990695954,
    "cen_accuracy": 0.7021
  },
  "35": {
    "cen_loss": 0.92938825070858,
    "cen_accuracy": 0.6996
  },
  "36": {
    "cen_loss": 0.871333482503891,
    "cen_accuracy": 0.7149
  },
  "37": {
    "cen_loss": 0.9414347695589066,
    "cen_accuracy": 0.6999
  },
  "38": {
    "cen_loss": 0.9584210476636886,
    "cen_accuracy": 0.6911
  },
  "39": {
    "cen_loss": 0.8979787631034851,
    "cen_accuracy": 0.7137
  },
  "40": {
    "cen_loss": 0.8734983922243118,
    "cen_accuracy": 0.7206
  },
  "41": {
    "cen_loss": 0.9076535210132599,
    "cen_accuracy": 0.7149
  },
  "42": {
    "cen_loss": 0.8691109501838684,
    "cen_accuracy": 0.7254
  },
  "43": {
    "cen_loss": 0.9012169955849647,
    "cen_accuracy": 0.7112
  },
  "44": {
    "cen_loss": 0.8375756287813186,
    "cen_accuracy": 0.7353
  },
  "45": {
    "cen_loss": 0.8153148089587688,
    "cen_accuracy": 0.7384
  },
  "46": {
    "cen_loss": 0.8431589688658714,
    "cen_accuracy": 0.7381
  },
  "47": {
    "cen_loss": 0.8505124078035354,
    "cen_accuracy": 0.7364
  },
  "48": {
    "cen_loss": 0.9747725723981857,
    "cen_accuracy": 0.7109
  },
  "49": {
    "cen_loss": 0.8469822529196739,
    "cen_accuracy": 0.7404
  },
  "50": {
    "cen_loss": 0.7987000037968158,
    "cen_accuracy": 0.7448
  },
  "51": {
    "cen_loss": 0.8133187428832054,
    "cen_accuracy": 0.7461
  },
  "52": {
    "cen_loss": 0.8056057020306587,
    "cen_accuracy": 0.7418
  },
  "53": {
    "cen_loss": 0.809160550391674,
    "cen_accuracy": 0.7526
  },
  "54": {
    "cen_loss": 0.7818892088651657,
    "cen_accuracy": 0.7518
  },
  "55": {
    "cen_loss": 0.841077557361126,
    "cen_accuracy": 0.7384
  },
  "56": {
    "cen_loss": 0.7696328142046929,
    "cen_accuracy": 0.761
  },
  "57": {
    "cen_loss": 0.7728051653146744,
    "cen_accuracy": 0.7559
  },
  "58": {
    "cen_loss": 0.7809855349302292,
    "cen_accuracy": 0.7545
  },
  "59": {
    "cen_loss": 0.7980103119850158,
    "cen_accuracy": 0.7549
  },
  "60": {
    "cen_loss": 0.796541459095478,
    "cen_accuracy": 0.7528
  },
  "61": {
    "cen_loss": 0.74004982432127,
    "cen_accuracy": 0.7645
  },
  "62": {
    "cen_loss": 0.7659999517261982,
    "cen_accuracy": 0.7648
  },
  "63": {
    "cen_loss": 0.7524512296259404,
    "cen_accuracy": 0.7692
  },
  "64": {
    "cen_loss": 0.7698231171756983,
    "cen_accuracy": 0.7615
  },
  "65": {
    "cen_loss": 0.7493432479202747,
    "cen_accuracy": 0.7699
  },
  "66": {
    "cen_loss": 0.7758276595830917,
    "cen_accuracy": 0.7643
  },
  "67": {
    "cen_loss": 0.823596596121788,
    "cen_accuracy": 0.7539
  },
  "68": {
    "cen_loss": 0.7495157767951488,
    "cen_accuracy": 0.769
  },
  "69": {
    "cen_loss": 0.7496410929441452,
    "cen_accuracy": 0.7697
  },
  "70": {
    "cen_loss": 0.7642541265904903,
    "cen_accuracy": 0.767
  },
  "71": {
    "cen_loss": 0.7757126123070717,
    "cen_accuracy": 0.7667
  },
  "72": {
    "cen_loss": 0.7410562831223011,
    "cen_accuracy": 0.7761
  },
  "73": {
    "cen_loss": 0.7380936586558818,
    "cen_accuracy": 0.7751
  },
  "74": {
    "cen_loss": 0.7465545755147934,
    "cen_accuracy": 0.7705
  },
  "75": {
    "cen_loss": 0.7367558396756649,
    "cen_accuracy": 0.7725
  },
  "76": {
    "cen_loss": 0.7467287956297398,
    "cen_accuracy": 0.7687
  },
  "77": {
    "cen_loss": 0.7308147302940488,
    "cen_accuracy": 0.7736
  },
  "78": {
    "cen_loss": 0.7508437463283539,
    "cen_accuracy": 0.7719
  },
  "79": {
    "cen_loss": 0.7300740002453328,
    "cen_accuracy": 0.773
  },
  "80": {
    "cen_loss": 0.742809934027493,
    "cen_accuracy": 0.7726
  },
  "81": {
    "cen_loss": 0.7435991212546825,
    "cen_accuracy": 0.7697
  },
  "82": {
    "cen_loss": 0.7092950015962124,
    "cen_accuracy": 0.7795
  },
  "83": {
    "cen_loss": 0.7701986793488264,
    "cen_accuracy": 0.7678
  },
  "84": {
    "cen_loss": 0.7384385433197022,
    "cen_accuracy": 0.7753
  },
  "85": {
    "cen_loss": 0.7108357908546925,
    "cen_accuracy": 0.7777
  },
  "86": {
    "cen_loss": 0.7446818007916212,
    "cen_accuracy": 0.775
  },
  "87": {
    "cen_loss": 0.7220227377206088,
    "cen_accuracy": 0.7818
  },
  "88": {
    "cen_loss": 0.7836409443557263,
    "cen_accuracy": 0.769
  },
  "89": {
    "cen_loss": 0.7031011935442686,
    "cen_accuracy": 0.7855
  },
  "90": {
    "cen_loss": 0.7022998067140579,
    "cen_accuracy": 0.7863
  },
  "91": {
    "cen_loss": 0.7055609329342842,
    "cen_accuracy": 0.7816
  },
  "92": {
    "cen_loss": 0.7571907970607281,
    "cen_accuracy": 0.7726
  },
  "93": {
    "cen_loss": 0.7414206345707178,
    "cen_accuracy": 0.779
  },
  "94": {
    "cen_loss": 0.681032130664587,
    "cen_accuracy": 0.7885
  },
  "95": {
    "cen_loss": 0.7079680686652661,
    "cen_accuracy": 0.7858
  },
  "96": {
    "cen_loss": 0.688239180366695,
    "cen_accuracy": 0.789
  },
  "97": {
    "cen_loss": 0.7221193455457687,
    "cen_accuracy": 0.7804
  },
  "98": {
    "cen_loss": 0.6893601854205131,
    "cen_accuracy": 0.7898
  },
  "99": {
    "cen_loss": 0.684917917612195,
    "cen_accuracy": 0.7913
  },
  "100": {
    "cen_loss": 0.6952380480408669,
    "cen_accuracy": 0.786
  },
  "101": {
    "cen_loss": 0.7174757371455431,
    "cen_accuracy": 0.7834
  }
}