{
  "0": {
    "cen_loss": 2.305413151931763,
    "cen_accuracy": 0.0978
  },
  "1": {
    "cen_loss": 2.305413151931763,
    "cen_accuracy": 0.0978
  },
  "2": {
    "cen_loss": 2.136868254470825,
    "cen_accuracy": 0.1908
  },
  "3": {
    "cen_loss": 1.687632122039795,
    "cen_accuracy": 0.362
  },
  "4": {
    "cen_loss": 1.6051604513168336,
    "cen_accuracy": 0.4278
  },
  "5": {
    "cen_loss": 1.6383742815971374,
    "cen_accuracy": 0.4426
  },
  "6": {
    "cen_loss": 1.6116598845481873,
    "cen_accuracy": 0.4593
  },
  "7": {
    "cen_loss": 1.6769119778633117,
    "cen_accuracy": 0.4528
  },
  "8": {
    "cen_loss": 1.6709644497871399,
    "cen_accuracy": 0.4624
  },
  "9": {
    "cen_loss": 1.6633731398582459,
    "cen_accuracy": 0.4543
  },
  "10": {
    "cen_loss": 1.6630824636459351,
    "cen_accuracy": 0.4542
  },
  "11": {
    "cen_loss": 1.7490305975914002,
    "cen_accuracy": 0.4637
  },
  "12": {
    "cen_loss": 1.708325704574585,
    "cen_accuracy": 0.4701
  },
  "13": {
    "cen_loss": 1.6862588792800903,
    "cen_accuracy": 0.4768
  },
  "14": {
    "cen_loss": 1.7289824420928954,
    "cen_accuracy": 0.4775
  },
  "15": {
    "cen_loss": 1.7288179485321045,
    "cen_accuracy": 0.4783
  },
  "16": {
    "cen_loss": 1.679999660396576,
    "cen_accuracy": 0.4983
  },
  "17": {
    "cen_loss": 1.7204080637931825,
    "cen_accuracy": 0.4998
  },
  "18": {
    "cen_loss": 1.6993253602027893,
    "cen_accuracy": 0.4866
  },
  "19": {
    "cen_loss": 1.7062296798706054,
    "cen_accuracy": 0.4933
  },
  "20": {
    "cen_loss": 1.7062296778678894,
    "cen_accuracy": 0.4933
  },
  "21": {
    "cen_loss": 1.7001475289344787,
    "cen_accuracy": 0.5008
  },
  "22": {
    "cen_loss": 1.7136131162643433,
    "cen_accuracy": 0.5028
  },
  "23": {
    "cen_loss": 1.7144850200653077,
    "cen_accuracy": 0.509
  },
  "24": {
    "cen_loss": 1.7443352270126342,
    "cen_accuracy": 0.5055
  },
  "25": {
    "cen_loss": 1.75105640707016,
    "cen_accuracy": 0.5085
  },
  "26": {
    "cen_loss": 1.7132333666324615,
    "cen_accuracy": 0.5078
  },
  "27": {
    "cen_loss": 1.6983626767635345,
    "cen_accuracy": 0.5088
  },
  "28": {
    "cen_loss": 1.795495107126236,
    "cen_accuracy": 0.4939
  },
  "29": {
    "cen_loss": 1.765143070602417,
    "cen_accuracy": 0.5037
  },
  "30": {
    "cen_loss": 1.7651431300640106,
    "cen_accuracy": 0.5037
  },
  "31": {
    "cen_loss": 1.7105588609218598,
    "cen_accuracy": 0.5184
  },
  "32": {
    "cen_loss": 1.7390914602994918,
    "cen_accuracy": 0.5182
  },
  "33": {
    "cen_loss": 1.75281468501091,
    "cen_accuracy": 0.5206
  },
  "34": {
    "cen_loss": 1.688759717321396,
    "cen_accuracy": 0.5296
  },
  "35": {
    "cen_loss": 1.7012054240226746,
    "cen_accuracy": 0.516
  },
  "36": {
    "cen_loss": 1.7632926984786987,
    "cen_accuracy": 0.515
  },
  "37": {
    "cen_loss": 1.7545147302627564,
    "cen_accuracy": 0.5191
  },
  "38": {
    "cen_loss": 1.7912044919967651,
    "cen_accuracy": 0.513
  },
  "39": {
    "cen_loss": 1.7021228411197662,
    "cen_accuracy": 0.5176
  },
  "40": {
    "cen_loss": 1.7021228521823883,
    "cen_accuracy": 0.5176
  },
  "41": {
    "cen_loss": 1.7050467836380006,
    "cen_accuracy": 0.524
  },
  "42": {
    "cen_loss": 1.741284463405609,
    "cen_accuracy": 0.53
  },
  "43": {
    "cen_loss": 1.7534635001659393,
    "cen_accuracy": 0.5278
  },
  "44": {
    "cen_loss": 1.7264411093235015,
    "cen_accuracy": 0.5278
  },
  "45": {
    "cen_loss": 1.7297405935764312,
    "cen_accuracy": 0.5306
  },
  "46": {
    "cen_loss": 1.7335236468315125,
    "cen_accuracy": 0.5267
  },
  "47": {
    "cen_loss": 1.8680167840003967,
    "cen_accuracy": 0.5119
  },
  "48": {
    "cen_loss": 1.679251301431656,
    "cen_accuracy": 0.5332
  },
  "49": {
    "cen_loss": 1.7520428530693055,
    "cen_accuracy": 0.524
  },
  "50": {
    "cen_loss": 1.7520429207324981,
    "cen_accuracy": 0.524
  },
  "51": {
    "cen_loss": 1.7643427946567536,
    "cen_accuracy": 0.5162
  },
  "52": {
    "cen_loss": 1.794513284444809,
    "cen_accuracy": 0.5251
  },
  "53": {
    "cen_loss": 1.8139273985385895,
    "cen_accuracy": 0.5247
  },
  "54": {
    "cen_loss": 1.759033903646469,
    "cen_accuracy": 0.5243
  },
  "55": {
    "cen_loss": 1.7609027059555054,
    "cen_accuracy": 0.5265
  },
  "56": {
    "cen_loss": 1.8390610937595366,
    "cen_accuracy": 0.5204
  },
  "57": {
    "cen_loss": 1.757683181667328,
    "cen_accuracy": 0.5178
  },
  "58": {
    "cen_loss": 1.7567983268737792,
    "cen_accuracy": 0.5324
  },
  "59": {
    "cen_loss": 1.8101443622350692,
    "cen_accuracy": 0.5276
  },
  "60": {
    "cen_loss": 1.8101442904949188,
    "cen_accuracy": 0.5276
  },
  "61": {
    "cen_loss": 1.7312043581962586,
    "cen_accuracy": 0.5295
  },
  "62": {
    "cen_loss": 1.836638311958313,
    "cen_accuracy": 0.527
  },
  "63": {
    "cen_loss": 1.7786060998439788,
    "cen_accuracy": 0.5248
  },
  "64": {
    "cen_loss": 1.8087964638233185,
    "cen_accuracy": 0.5293
  },
  "65": {
    "cen_loss": 1.7555936588525771,
    "cen_accuracy": 0.5288
  },
  "66": {
    "cen_loss": 1.716753939294815,
    "cen_accuracy": 0.5313
  },
  "67": {
    "cen_loss": 1.7117711435794831,
    "cen_accuracy": 0.5347
  },
  "68": {
    "cen_loss": 1.7728057980537415,
    "cen_accuracy": 0.5346
  },
  "69": {
    "cen_loss": 1.870175518321991,
    "cen_accuracy": 0.5253
  },
  "70": {
    "cen_loss": 1.87017552485466,
    "cen_accuracy": 0.5253
  },
  "71": {
    "cen_loss": 1.7414256397247314,
    "cen_accuracy": 0.5362
  },
  "72": {
    "cen_loss": 1.8994795124530792,
    "cen_accuracy": 0.5255
  },
  "73": {
    "cen_loss": 1.7895447751760483,
    "cen_accuracy": 0.5315
  },
  "74": {
    "cen_loss": 1.7951924043655396,
    "cen_accuracy": 0.5333
  },
  "75": {
    "cen_loss": 1.7371929757595062,
    "cen_accuracy": 0.5321
  },
  "76": {
    "cen_loss": 1.8648998307347298,
    "cen_accuracy": 0.5241
  },
  "77": {
    "cen_loss": 1.7415258799552917,
    "cen_accuracy": 0.5378
  },
  "78": {
    "cen_loss": 1.7902925715446472,
    "cen_accuracy": 0.5387
  },
  "79": {
    "cen_loss": 1.8519636310577392,
    "cen_accuracy": 0.5396
  },
  "80": {
    "cen_loss": 1.8519634943008423,
    "cen_accuracy": 0.5396
  },
  "81": {
    "cen_loss": 1.884572962999344,
    "cen_accuracy": 0.5332
  },
  "82": {
    "cen_loss": 1.7757318400859832,
    "cen_accuracy": 0.5274
  },
  "83": {
    "cen_loss": 1.7974579710960388,
    "cen_accuracy": 0.5318
  },
  "84": {
    "cen_loss": 1.8236189305782318,
    "cen_accuracy": 0.5303
  },
  "85": {
    "cen_loss": 1.8366903473854066,
    "cen_accuracy": 0.5242
  },
  "86": {
    "cen_loss": 1.8726857019901275,
    "cen_accuracy": 0.5273
  },
  "87": {
    "cen_loss": 1.807579002904892,
    "cen_accuracy": 0.5348
  },
  "88": {
    "cen_loss": 1.7068075506687164,
    "cen_accuracy": 0.5352
  },
  "89": {
    "cen_loss": 1.7382083758354188,
    "cen_accuracy": 0.5255
  },
  "90": {
    "cen_loss": 1.7382085152626037,
    "cen_accuracy": 0.5255
  },
  "91": {
    "cen_loss": 1.8689188496112823,
    "cen_accuracy": 0.5253
  },
  "92": {
    "cen_loss": 1.7666472920417786,
    "cen_accuracy": 0.5361
  },
  "93": {
    "cen_loss": 1.8173357886791228,
    "cen_accuracy": 0.534
  },
  "94": {
    "cen_loss": 1.7929607758045196,
    "cen_accuracy": 0.5319
  },
  "95": {
    "cen_loss": 1.800021830034256,
    "cen_accuracy": 0.5278
  },
  "96": {
    "cen_loss": 1.8289655165672303,
    "cen_accuracy": 0.5313
  },
  "97": {
    "cen_loss": 1.7843806171894074,
    "cen_accuracy": 0.535
  },
  "98": {
    "cen_loss": 1.7849592247009278,
    "cen_accuracy": 0.529
  },
  "99": {
    "cen_loss": 1.8778012404441833,
    "cen_accuracy": 0.5286
  },
  "100": {
    "cen_loss": 1.877801212978363,
    "cen_accuracy": 0.5286
  },
  "101": {
    "cen_loss": 1.8031559854507446,
    "cen_accuracy": 0.5332
  }
}