{
  "0": {
    "cen_loss": 2.305413151931763,
    "cen_accuracy": 0.0978
  },
  "1": {
    "cen_loss": 2.305413151931763,
    "cen_accuracy": 0.0978
  },
  "2": {
    "cen_loss": 2.3353877277374266,
    "cen_accuracy": 0.1909
  },
  "3": {
    "cen_loss": 2.3871438901901243,
    "cen_accuracy": 0.2433
  },
  "4": {
    "cen_loss": 2.2462330909729005,
    "cen_accuracy": 0.1885
  },
  "5": {
    "cen_loss": 2.6436749027252198,
    "cen_accuracy": 0.2364
  },
  "6": {
    "cen_loss": 2.61423417930603,
    "cen_accuracy": 0.2398
  },
  "7": {
    "cen_loss": 2.5457924348831176,
    "cen_accuracy": 0.1779
  },
  "8": {
    "cen_loss": 2.1321823509216307,
    "cen_accuracy": 0.2946
  },
  "9": {
    "cen_loss": 2.6899034675598146,
    "cen_accuracy": 0.1755
  },
  "10": {
    "cen_loss": 2.6844901472091673,
    "cen_accuracy": 0.1767
  },
  "11": {
    "cen_loss": 2.6342567102432253,
    "cen_accuracy": 0.2058
  },
  "12": {
    "cen_loss": 1.9709975273132325,
    "cen_accuracy": 0.3098
  },
  "13": {
    "cen_loss": 2.024838770389557,
    "cen_accuracy": 0.349
  },
  "14": {
    "cen_loss": 2.4121486865997315,
    "cen_accuracy": 0.2615
  },
  "15": {
    "cen_loss": 1.9994752928733825,
    "cen_accuracy": 0.3475
  },
  "16": {
    "cen_loss": 1.9121532428741455,
    "cen_accuracy": 0.2931
  },
  "17": {
    "cen_loss": 1.914304031944275,
    "cen_accuracy": 0.3739
  },
  "18": {
    "cen_loss": 1.8674047759056092,
    "cen_accuracy": 0.3439
  },
  "19": {
    "cen_loss": 1.8810092018127442,
    "cen_accuracy": 0.3562
  },
  "20": {
    "cen_loss": 1.881009157371521,
    "cen_accuracy": 0.3562
  },
  "21": {
    "cen_loss": 2.140468854904175,
    "cen_accuracy": 0.351
  },
  "22": {
    "cen_loss": 1.7655284355163574,
    "cen_accuracy": 0.3628
  },
  "23": {
    "cen_loss": 1.9693643993377685,
    "cen_accuracy": 0.3756
  },
  "24": {
    "cen_loss": 2.291585342025757,
    "cen_accuracy": 0.3795
  },
  "25": {
    "cen_loss": 1.7388342027664185,
    "cen_accuracy": 0.3658
  },
  "26": {
    "cen_loss": 1.7820486589431763,
    "cen_accuracy": 0.389
  },
  "27": {
    "cen_loss": 1.7486289746284485,
    "cen_accuracy": 0.3842
  },
  "28": {
    "cen_loss": 1.7890935866355897,
    "cen_accuracy": 0.388
  },
  "29": {
    "cen_loss": 1.8652611570358277,
    "cen_accuracy": 0.3516
  },
  "30": {
    "cen_loss": 1.865261145877838,
    "cen_accuracy": 0.3516
  },
  "31": {
    "cen_loss": 1.7335607566833495,
    "cen_accuracy": 0.4041
  },
  "32": {
    "cen_loss": 1.795516563796997,
    "cen_accuracy": 0.4333
  },
  "33": {
    "cen_loss": 2.3874394651412962,
    "cen_accuracy": 0.3344
  },
  "34": {
    "cen_loss": 2.1301903560638427,
    "cen_accuracy": 0.298
  },
  "35": {
    "cen_loss": 1.9382404963493347,
    "cen_accuracy": 0.3746
  },
  "36": {
    "cen_loss": 1.5968552733421326,
    "cen_accuracy": 0.4323
  },
  "37": {
    "cen_loss": 2.9291774974823,
    "cen_accuracy": 0.2952
  },
  "38": {
    "cen_loss": 2.183116826248169,
    "cen_accuracy": 0.3442
  },
  "39": {
    "cen_loss": 1.884821943950653,
    "cen_accuracy": 0.3751
  },
  "40": {
    "cen_loss": 1.8848219277381897,
    "cen_accuracy": 0.3751
  },
  "41": {
    "cen_loss": 2.1184118751525878,
    "cen_accuracy": 0.3572
  },
  "42": {
    "cen_loss": 1.9293227350234985,
    "cen_accuracy": 0.3882
  },
  "43": {
    "cen_loss": 1.8220511095046996,
    "cen_accuracy": 0.4203
  },
  "44": {
    "cen_loss": 2.1696097368240355,
    "cen_accuracy": 0.3527
  },
  "45": {
    "cen_loss": 1.7155615606307983,
    "cen_accuracy": 0.4038
  },
  "46": {
    "cen_loss": 1.6274920152664185,
    "cen_accuracy": 0.4389
  },
  "47": {
    "cen_loss": 1.6545089940071105,
    "cen_accuracy": 0.4216
  },
  "48": {
    "cen_loss": 1.8214983720779419,
    "cen_accuracy": 0.391
  },
  "49": {
    "cen_loss": 1.7966288536071777,
    "cen_accuracy": 0.4128
  },
  "50": {
    "cen_loss": 1.7966288458824158,
    "cen_accuracy": 0.4128
  },
  "51": {
    "cen_loss": 2.3233146350860596,
    "cen_accuracy": 0.3774
  },
  "52": {
    "cen_loss": 2.0281214433670045,
    "cen_accuracy": 0.333
  },
  "53": {
    "cen_loss": 1.688533136844635,
    "cen_accuracy": 0.4358
  },
  "54": {
    "cen_loss": 1.8327175232887267,
    "cen_accuracy": 0.4118
  },
  "55": {
    "cen_loss": 1.8950328764915467,
    "cen_accuracy": 0.4267
  },
  "56": {
    "cen_loss": 1.5838803641319275,
    "cen_accuracy": 0.4674
  },
  "57": {
    "cen_loss": 1.7236675679206848,
    "cen_accuracy": 0.4516
  },
  "58": {
    "cen_loss": 1.9652655334472657,
    "cen_accuracy": 0.4247
  },
  "59": {
    "cen_loss": 1.6798949758529662,
    "cen_accuracy": 0.4258
  },
  "60": {
    "cen_loss": 1.679894980621338,
    "cen_accuracy": 0.4258
  },
  "61": {
    "cen_loss": 1.802511490058899,
    "cen_accuracy": 0.4293
  },
  "62": {
    "cen_loss": 1.6982496286392212,
    "cen_accuracy": 0.4566
  },
  "63": {
    "cen_loss": 1.7998541843414306,
    "cen_accuracy": 0.4135
  },
  "64": {
    "cen_loss": 1.5900422209739684,
    "cen_accuracy": 0.4613
  },
  "65": {
    "cen_loss": 1.6287361760139465,
    "cen_accuracy": 0.4598
  },
  "66": {
    "cen_loss": 1.7377162719726562,
    "cen_accuracy": 0.4487
  },
  "67": {
    "cen_loss": 1.9881671934127807,
    "cen_accuracy": 0.3689
  },
  "68": {
    "cen_loss": 1.6995513119697572,
    "cen_accuracy": 0.4379
  },
  "69": {
    "cen_loss": 2.147319930267334,
    "cen_accuracy": 0.402
  },
  "70": {
    "cen_loss": 2.147319920349121,
    "cen_accuracy": 0.402
  },
  "71": {
    "cen_loss": 1.9933526476860046,
    "cen_accuracy": 0.3786
  },
  "72": {
    "cen_loss": 1.924626889848709,
    "cen_accuracy": 0.3893
  },
  "73": {
    "cen_loss": 1.9108204714775086,
    "cen_accuracy": 0.4282
  },
  "74": {
    "cen_loss": 2.0839099858283996,
    "cen_accuracy": 0.39
  },
  "75": {
    "cen_loss": 2.115705640029907,
    "cen_accuracy": 0.3762
  },
  "76": {
    "cen_loss": 1.699320158290863,
    "cen_accuracy": 0.4362
  },
  "77": {
    "cen_loss": 1.8716578076362609,
    "cen_accuracy": 0.4209
  },
  "78": {
    "cen_loss": 1.613549192237854,
    "cen_accuracy": 0.4563
  },
  "79": {
    "cen_loss": 1.6224265025138855,
    "cen_accuracy": 0.4603
  },
  "80": {
    "cen_loss": 1.6224265084266662,
    "cen_accuracy": 0.4603
  },
  "81": {
    "cen_loss": 2.078493636417389,
    "cen_accuracy": 0.3979
  },
  "82": {
    "cen_loss": 2.019143357467651,
    "cen_accuracy": 0.3707
  },
  "83": {
    "cen_loss": 2.3222367950439455,
    "cen_accuracy": 0.3901
  },
  "84": {
    "cen_loss": 2.528159362125397,
    "cen_accuracy": 0.3768
  },
  "85": {
    "cen_loss": 1.9460678045272828,
    "cen_accuracy": 0.3651
  },
  "86": {
    "cen_loss": 1.8892211874961853,
    "cen_accuracy": 0.4201
  },
  "87": {
    "cen_loss": 1.6890837419509888,
    "cen_accuracy": 0.4361
  },
  "88": {
    "cen_loss": 1.5906749980926513,
    "cen_accuracy": 0.4564
  },
  "89": {
    "cen_loss": 1.9471412761688232,
    "cen_accuracy": 0.4072
  },
  "90": {
    "cen_loss": 1.9471413034439087,
    "cen_accuracy": 0.4072
  },
  "91": {
    "cen_loss": 1.7952877821922302,
    "cen_accuracy": 0.4156
  },
  "92": {
    "cen_loss": 1.8687571895599364,
    "cen_accuracy": 0.4629
  },
  "93": {
    "cen_loss": 1.895242533969879,
    "cen_accuracy": 0.4326
  },
  "94": {
    "cen_loss": 1.8865706824302673,
    "cen_accuracy": 0.4426
  },
  "95": {
    "cen_loss": 2.289474273109436,
    "cen_accuracy": 0.3962
  },
  "96": {
    "cen_loss": 2.1983954426765444,
    "cen_accuracy": 0.4273
  },
  "97": {
    "cen_loss": 1.9592243853569031,
    "cen_accuracy": 0.3987
  },
  "98": {
    "cen_loss": 1.8137572443962098,
    "cen_accuracy": 0.4357
  },
  "99": {
    "cen_loss": 1.530012478351593,
    "cen_accuracy": 0.4821
  },
  "100": {
    "cen_loss": 1.5300124963760375,
    "cen_accuracy": 0.4821
  },
  "101": {
    "cen_loss": 1.637093716430664,
    "cen_accuracy": 0.4671
  },
  "102": {
    "cen_loss": 1.7437640345573426,
    "cen_accuracy": 0.4692
  },