{
  "0": {
    "cen_loss": 2.3027744300842286,
    "cen_accuracy": 0.1
  },
  "1": {
    "cen_loss": 2.3027744300842286,
    "cen_accuracy": 0.1
  },
  "2": {
    "cen_loss": 4.017058799743652,
    "cen_accuracy": 0.1
  },
  "3": {
    "cen_loss": 7.079538706970215,
    "cen_accuracy": 0.1
  },
  "4": {
    "cen_loss": 6.095941286849976,
    "cen_accuracy": 0.0998
  },
  "5": {
    "cen_loss": 5.997718675994873,
    "cen_accuracy": 0.1134
  },
  "6": {
    "cen_loss": 6.7112280555725095,
    "cen_accuracy": 0.1003
  },
  "7": {
    "cen_loss": 5.320269375228881,
    "cen_accuracy": 0.1018
  },
  "8": {
    "cen_loss": 3.9563292980194094,
    "cen_accuracy": 0.1578
  },
  "9": {
    "cen_loss": 4.491514684677124,
    "cen_accuracy": 0.1415
  },
  "10": {
    "cen_loss": 4.1391182842254635,
    "cen_accuracy": 0.1742
  },
  "11": {
    "cen_loss": 2.9391539266586304,
    "cen_accuracy": 0.2311
  },
  "12": {
    "cen_loss": 3.1950483695983887,
    "cen_accuracy": 0.2039
  },
  "13": {
    "cen_loss": 2.3078414722442626,
    "cen_accuracy": 0.3317
  },
  "14": {
    "cen_loss": 2.350311831665039,
    "cen_accuracy": 0.3348
  },
  "15": {
    "cen_loss": 2.1663610387802126,
    "cen_accuracy": 0.355
  },
  "16": {
    "cen_loss": 1.7028778471946717,
    "cen_accuracy": 0.4584
  },
  "17": {
    "cen_loss": 1.5128502052783965,
    "cen_accuracy": 0.5051
  },
  "18": {
    "cen_loss": 1.5433925848960877,
    "cen_accuracy": 0.5237
  },
  "19": {
    "cen_loss": 1.3663118293762206,
    "cen_accuracy": 0.5602
  },
  "20": {
    "cen_loss": 1.5273826643943786,
    "cen_accuracy": 0.5273
  },
  "21": {
    "cen_loss": 1.5561344159603119,
    "cen_accuracy": 0.5453
  },
  "22": {
    "cen_loss": 1.280318012714386,
    "cen_accuracy": 0.5936
  },
  "23": {
    "cen_loss": 1.4359080887317657,
    "cen_accuracy": 0.5634
  },
  "24": {
    "cen_loss": 1.3166261198997498,
    "cen_accuracy": 0.5989
  },
  "25": {
    "cen_loss": 1.1427443920850753,
    "cen_accuracy": 0.6296
  },
  "26": {
    "cen_loss": 1.1294794482707977,
    "cen_accuracy": 0.6382
  },
  "27": {
    "cen_loss": 1.1956050993680953,
    "cen_accuracy": 0.6262
  },
  "28": {
    "cen_loss": 1.2258449060440064,
    "cen_accuracy": 0.6232
  },
  "29": {
    "cen_loss": 1.1704834998607636,
    "cen_accuracy": 0.64
  },
  "30": {
    "cen_loss": 1.2170315660476685,
    "cen_accuracy": 0.6288
  },
  "31": {
    "cen_loss": 1.1160156356334687,
    "cen_accuracy": 0.657
  },
  "32": {
    "cen_loss": 1.0608633967638015,
    "cen_accuracy": 0.6636
  },
  "33": {
    "cen_loss": 1.1091452916383744,
    "cen_accuracy": 0.6593
  },
  "34": {
    "cen_loss": 1.0346668649196624,
    "cen_accuracy": 0.6774
  },
  "35": {
    "cen_loss": 1.0980932847499847,
    "cen_accuracy": 0.6534
  },
  "36": {
    "cen_loss": 1.0669616929769516,
    "cen_accuracy": 0.667
  },
  "37": {
    "cen_loss": 1.0480830435991286,
    "cen_accuracy": 0.6723
  },
  "38": {
    "cen_loss": 1.0290404090642928,
    "cen_accuracy": 0.6809
  },
  "39": {
    "cen_loss": 1.078269903421402,
    "cen_accuracy": 0.6749
  },
  "40": {
    "cen_loss": 1.0431996853113175,
    "cen_accuracy": 0.6727
  },
  "41": {
    "cen_loss": 1.0539215376377107,
    "cen_accuracy": 0.6768
  },
  "42": {
    "cen_loss": 1.0251837888240813,
    "cen_accuracy": 0.6878
  },
  "43": {
    "cen_loss": 1.0627682416915893,
    "cen_accuracy": 0.6761
  },
  "44": {
    "cen_loss": 1.0320535361528396,
    "cen_accuracy": 0.6737
  },
  "45": {
    "cen_loss": 1.0727312450885773,
    "cen_accuracy": 0.6744
  },
  "46": {
    "cen_loss": 0.9900698702335358,
    "cen_accuracy": 0.6942
  },
  "47": {
    "cen_loss": 0.9928324960947037,
    "cen_accuracy": 0.697
  },
  "48": {
    "cen_loss": 0.9906062368512154,
    "cen_accuracy": 0.6942
  },
  "49": {
    "cen_loss": 0.9781658755064011,
    "cen_accuracy": 0.6931
  },
  "50": {
    "cen_loss": 1.0342725565195083,
    "cen_accuracy": 0.6932
  },
  "51": {
    "cen_loss": 0.9901070844650268,
    "cen_accuracy": 0.6946
  },
  "52": {
    "cen_loss": 0.9594433086395263,
    "cen_accuracy": 0.7109
  },
  "53": {
    "cen_loss": 0.8832729626655579,
    "cen_accuracy": 0.7245
  },
  "54": {
    "cen_loss": 0.9026657049417496,
    "cen_accuracy": 0.7211
  },
  "55": {
    "cen_loss": 0.8530881870508193,
    "cen_accuracy": 0.7302
  },
  "56": {
    "cen_loss": 0.9018559938430786,
    "cen_accuracy": 0.7166
  },
  "57": {
    "cen_loss": 0.8628248205900192,
    "cen_accuracy": 0.7282
  },
  "58": {
    "cen_loss": 0.8414655543804169,
    "cen_accuracy": 0.736
  },
  "59": {
    "cen_loss": 0.8303796044349671,
    "cen_accuracy": 0.7427
  },
  "60": {
    "cen_loss": 0.8518955952167511,
    "cen_accuracy": 0.7382
  },
  "61": {
    "cen_loss": 0.8821199913978577,
    "cen_accuracy": 0.7291
  },
  "62": {
    "cen_loss": 0.8414831327557564,
    "cen_accuracy": 0.7398
  },
  "63": {
    "cen_loss": 0.8884160651803017,
    "cen_accuracy": 0.7334
  },
  "64": {
    "cen_loss": 0.8371568812608718,
    "cen_accuracy": 0.7424
  },
  "65": {
    "cen_loss": 0.81450840549469,
    "cen_accuracy": 0.7477
  },
  "66": {
    "cen_loss": 0.827909789788723,
    "cen_accuracy": 0.74
  },
  "67": {
    "cen_loss": 0.81354067081213,
    "cen_accuracy": 0.75
  },
  "68": {
    "cen_loss": 0.8145353745102882,
    "cen_accuracy": 0.7491
  },
  "69": {
    "cen_loss": 0.8130443951606751,
    "cen_accuracy": 0.7537
  },
  "70": {
    "cen_loss": 0.8209529441952705,
    "cen_accuracy": 0.7507
  },
  "71": {
    "cen_loss": 0.8233844842672348,
    "cen_accuracy": 0.7472
  },
  "72": {
    "cen_loss": 0.8277749548912048,
    "cen_accuracy": 0.7472
  },
  "73": {
    "cen_loss": 0.8041125662684441,
    "cen_accuracy": 0.7521
  },
  "74": {
    "cen_loss": 0.7879904511094094,
    "cen_accuracy": 0.7554
  },
  "75": {
    "cen_loss": 0.81236288574934,
    "cen_accuracy": 0.7537
  },
  "76": {
    "cen_loss": 0.8088477456331253,
    "cen_accuracy": 0.7551
  },
  "77": {
    "cen_loss": 0.8308634962439537,
    "cen_accuracy": 0.7485
  },
  "78": {
    "cen_loss": 0.7629367845892906,
    "cen_accuracy": 0.764
  },
  "79": {
    "cen_loss": 0.7768245390415192,
    "cen_accuracy": 0.7647
  },
  "80": {
    "cen_loss": 0.7824096040010452,
    "cen_accuracy": 0.7621
  },
  "81": {
    "cen_loss": 0.7856795888781547,
    "cen_accuracy": 0.7616
  },
  "82": {
    "cen_loss": 0.7978230794429779,
    "cen_accuracy": 0.7565
  },
  "83": {
    "cen_loss": 0.8093330852746964,
    "cen_accuracy": 0.7579
  },
  "84": {
    "cen_loss": 0.7994123121738433,
    "cen_accuracy": 0.7611
  },
  "85": {
    "cen_loss": 0.783585828256607,
    "cen_accuracy": 0.7651
  },
  "86": {
    "cen_loss": 0.7893621640324593,
    "cen_accuracy": 0.7648
  },
  "87": {
    "cen_loss": 0.8069096385598182,
    "cen_accuracy": 0.7567
  },
  "88": {
    "cen_loss": 0.7752357983708381,
    "cen_accuracy": 0.763
  },
  "89": {
    "cen_loss": 0.7781322420179844,
    "cen_accuracy": 0.764
  },
  "90": {
    "cen_loss": 0.789242222905159,
    "cen_accuracy": 0.7629
  },
  "91": {
    "cen_loss": 0.789242222905159,
    "cen_accuracy": 0.7629
  },
  "92": {
    "cen_loss": 0.789242222905159,
    "cen_accuracy": 0.7629
  },
  "93": {
    "cen_loss": 0.789242222905159,
    "cen_accuracy": 0.7629
  },
  "94": {
    "cen_loss": 0.789242222905159,
    "cen_accuracy": 0.7629
  },
  "95": {
    "cen_loss": 0.789242222905159,
    "cen_accuracy": 0.7629
  },
  "96": {
    "cen_loss": 0.789242222905159,
    "cen_accuracy": 0.7629
  },
  "97": {
    "cen_loss": 0.789242222905159,
    "cen_accuracy": 0.7629
  },
  "98": {
    "cen_loss": 0.789242222905159,
    "cen_accuracy": 0.7629
  },
  "99": {
    "cen_loss": 0.789242222905159,
    "cen_accuracy": 0.7629
  },
  "100": {
    "cen_loss": 0.789242222905159,
    "cen_accuracy": 0.7629
  },
  "101": {
    "cen_loss": 0.789242222905159,
    "cen_accuracy": 0.7629
  }
}