{
  "0": {
    "cen_loss": 2.305758638381958,
    "cen_accuracy": 0.09625
  },
  "1": {
    "cen_loss": 2.305758638381958,
    "cen_accuracy": 0.09625
  },
  "2": {
    "cen_loss": 2.966443494081497,
    "cen_accuracy": 0.098625
  },
  "3": {
    "cen_loss": 2.1574179413318633,
    "cen_accuracy": 0.184875
  },
  "4": {
    "cen_loss": 2.688446832180023,
    "cen_accuracy": 0.215625
  },
  "5": {
    "cen_loss": 2.2541505651474,
    "cen_accuracy": 0.231625
  },
  "6": {
    "cen_loss": 1.7848216543197633,
    "cen_accuracy": 0.354875
  },
  "7": {
    "cen_loss": 2.0980800668001174,
    "cen_accuracy": 0.3325
  },
  "8": {
    "cen_loss": 2.069391283988953,
    "cen_accuracy": 0.335875
  },
  "9": {
    "cen_loss": 2.44054345202446,
    "cen_accuracy": 0.246875
  },
  "10": {
    "cen_loss": 2.4357321395874023,
    "cen_accuracy": 0.247375
  },
  "11": {
    "cen_loss": 1.8808837485313417,
    "cen_accuracy": 0.3485
  },
  "12": {
    "cen_loss": 2.7106523430347442,
    "cen_accuracy": 0.291125
  },
  "13": {
    "cen_loss": 2.0740329097509385,
    "cen_accuracy": 0.337875
  },
  "14": {
    "cen_loss": 2.033156849861145,
    "cen_accuracy": 0.350125
  },
  "15": {
    "cen_loss": 2.175677869796753,
    "cen_accuracy": 0.346875
  },
  "16": {
    "cen_loss": 2.059693548083305,
    "cen_accuracy": 0.405875
  },
  "17": {
    "cen_loss": 2.073922931313515,
    "cen_accuracy": 0.349625
  },
  "18": {
    "cen_loss": 2.1575455619096755,
    "cen_accuracy": 0.337375
  },
  "19": {
    "cen_loss": 1.8836019169092177,
    "cen_accuracy": 0.402
  },
  "20": {
    "cen_loss": 1.8836019023656845,
    "cen_accuracy": 0.402
  },
  "21": {
    "cen_loss": 2.1427786672115325,
    "cen_accuracy": 0.371
  },
  "22": {
    "cen_loss": 1.971812497138977,
    "cen_accuracy": 0.381
  },
  "23": {
    "cen_loss": 2.5241348226070404,
    "cen_accuracy": 0.373375
  },
  "24": {
    "cen_loss": 1.9213535327911377,
    "cen_accuracy": 0.39975
  },
  "25": {
    "cen_loss": 2.1247212673425673,
    "cen_accuracy": 0.42325
  },
  "26": {
    "cen_loss": 1.9801631437540055,
    "cen_accuracy": 0.401625
  },
  "27": {
    "cen_loss": 1.9469758596420288,
    "cen_accuracy": 0.3815
  },
  "28": {
    "cen_loss": 2.4979032026529313,
    "cen_accuracy": 0.375375
  },
  "29": {
    "cen_loss": 2.108287542581558,
    "cen_accuracy": 0.362875
  },
  "30": {
    "cen_loss": 2.108287486791611,
    "cen_accuracy": 0.362875
  },
  "31": {
    "cen_loss": 1.6741826775074005,
    "cen_accuracy": 0.44325
  },
  "32": {
    "cen_loss": 2.2539729246497155,
    "cen_accuracy": 0.378625
  },
  "33": {
    "cen_loss": 1.9306904847621917,
    "cen_accuracy": 0.407125
  },
  "34": {
    "cen_loss": 1.8906242982149124,
    "cen_accuracy": 0.409125
  },
  "35": {
    "cen_loss": 1.8023409185409547,
    "cen_accuracy": 0.43325
  },
  "36": {
    "cen_loss": 1.9955731996297836,
    "cen_accuracy": 0.381125
  },
  "37": {
    "cen_loss": 2.1206325976848603,
    "cen_accuracy": 0.39825
  },
  "38": {
    "cen_loss": 2.6754204021692276,
    "cen_accuracy": 0.360625
  },
  "39": {
    "cen_loss": 1.9938888556957244,
    "cen_accuracy": 0.41125
  },
  "40": {
    "cen_loss": 1.993888789176941,
    "cen_accuracy": 0.41125
  },
  "41": {
    "cen_loss": 2.1524366797208785,
    "cen_accuracy": 0.38775
  },
  "42": {
    "cen_loss": 1.8619549508094788,
    "cen_accuracy": 0.428625
  },
  "43": {
    "cen_loss": 2.085376912355423,
    "cen_accuracy": 0.40325
  },
  "44": {
    "cen_loss": 1.982553713440895,
    "cen_accuracy": 0.402625
  },
  "45": {
    "cen_loss": 1.889862371444702,
    "cen_accuracy": 0.40775
  },
  "46": {
    "cen_loss": 2.035933581352234,
    "cen_accuracy": 0.39675
  },
  "47": {
    "cen_loss": 1.8498474172353745,
    "cen_accuracy": 0.4485
  },
  "48": {
    "cen_loss": 2.417430791020393,
    "cen_accuracy": 0.361875
  },
  "49": {
    "cen_loss": 2.0367756472826004,
    "cen_accuracy": 0.395375
  },
  "50": {
    "cen_loss": 2.0367757263183592,
    "cen_accuracy": 0.395375
  },
  "51": {
    "cen_loss": 1.8253453068733216,
    "cen_accuracy": 0.407
  },
  "52": {
    "cen_loss": 1.8605265519618988,
    "cen_accuracy": 0.439
  },
  "53": {
    "cen_loss": 2.830572650194168,
    "cen_accuracy": 0.353125
  },
  "54": {
    "cen_loss": 2.258812126636505,
    "cen_accuracy": 0.392125
  },
  "55": {
    "cen_loss": 2.0815719827413557,
    "cen_accuracy": 0.405125
  },
  "56": {
    "cen_loss": 2.533178864002228,
    "cen_accuracy": 0.385875
  },
  "57": {
    "cen_loss": 2.1802640562057496,
    "cen_accuracy": 0.438375
  },
  "58": {
    "cen_loss": 2.1851018092632293,
    "cen_accuracy": 0.39275
  },
  "59": {
    "cen_loss": 1.9210146555900574,
    "cen_accuracy": 0.418125
  },
  "60": {
    "cen_loss": 1.9210147478580475,
    "cen_accuracy": 0.418125
  },
  "61": {
    "cen_loss": 2.3611650673151017,
    "cen_accuracy": 0.39875
  },
  "62": {
    "cen_loss": 2.276659779787064,
    "cen_accuracy": 0.3515
  },
  "63": {
    "cen_loss": 2.2206979816555976,
    "cen_accuracy": 0.41575
  },
  "64": {
    "cen_loss": 2.366961129307747,
    "cen_accuracy": 0.376875
  },
  "65": {
    "cen_loss": 2.120181592941284,
    "cen_accuracy": 0.38725
  },
  "66": {
    "cen_loss": 2.7950617632865904,
    "cen_accuracy": 0.364625
  },
  "67": {
    "cen_loss": 2.066343761920929,
    "cen_accuracy": 0.401625
  },
  "68": {
    "cen_loss": 1.7210685797929763,
    "cen_accuracy": 0.45125
  },
  "69": {
    "cen_loss": 2.2460237247943877,
    "cen_accuracy": 0.3905
  },
  "70": {
    "cen_loss": 2.2460238294601442,
    "cen_accuracy": 0.3905
  },
  "71": {
    "cen_loss": 2.6720865831375122,
    "cen_accuracy": 0.37175
  },
  "72": {
    "cen_loss": 2.4645937880277633,
    "cen_accuracy": 0.351625
  },
  "73": {
    "cen_loss": 1.7477849204540252,
    "cen_accuracy": 0.45525
  },
  "74": {
    "cen_loss": 1.7929346268177033,
    "cen_accuracy": 0.437
  },
  "75": {
    "cen_loss": 2.005098041236401,
    "cen_accuracy": 0.42025
  },
  "76": {
    "cen_loss": 2.5050200514793395,
    "cen_accuracy": 0.371125
  },
  "77": {
    "cen_loss": 2.167491216778755,
    "cen_accuracy": 0.387125
  },
  "78": {
    "cen_loss": 1.8393792188167573,
    "cen_accuracy": 0.458375
  },
  "79": {
    "cen_loss": 2.9526537680625915,
    "cen_accuracy": 0.38425
  },
  "80": {
    "cen_loss": 2.9526539380550383,
    "cen_accuracy": 0.38425
  },
  "81": {
    "cen_loss": 2.52445487678051,
    "cen_accuracy": 0.407625
  },
  "82": {
    "cen_loss": 1.9669799656867981,
    "cen_accuracy": 0.41175
  },
  "83": {
    "cen_loss": 1.9700362819433213,
    "cen_accuracy": 0.425
  },
  "84": {
    "cen_loss": 2.27756900537014,
    "cen_accuracy": 0.404
  },
  "85": {
    "cen_loss": 2.2537309727668764,
    "cen_accuracy": 0.38775
  },
  "86": {
    "cen_loss": 2.0244635200500487,
    "cen_accuracy": 0.426
  },
  "87": {
    "cen_loss": 1.8668186222314835,
    "cen_accuracy": 0.445375
  },
  "88": {
    "cen_loss": 2.1601007940769197,
    "cen_accuracy": 0.414875
  },
  "89": {
    "cen_loss": 2.6152685267925264,
    "cen_accuracy": 0.355375
  },
  "90": {
    "cen_loss": 2.6152687728405,
    "cen_accuracy": 0.355375
  },
  "91": {
    "cen_loss": 1.7694987934827804,
    "cen_accuracy": 0.423125
  },
  "92": {
    "cen_loss": 1.9080464022159576,
    "cen_accuracy": 0.427375
  },
  "93": {
    "cen_loss": 3.8313586633205414,
    "cen_accuracy": 0.3325
  },
  "94": {
    "cen_loss": 2.167338278412819,
    "cen_accuracy": 0.371
  },
  "95": {
    "cen_loss": 1.9058799375295639,
    "cen_accuracy": 0.417875
  },
  "96": {
    "cen_loss": 1.8143811463117598,
    "cen_accuracy": 0.45775
  },
  "97": {
    "cen_loss": 1.8014212143421173,
    "cen_accuracy": 0.4495
  },
  "98": {
    "cen_loss": 2.5887001082897187,
    "cen_accuracy": 0.39225
  },
  "99": {
    "cen_loss": 2.922669128537178,
    "cen_accuracy": 0.39875
  },
  "100": {
    "cen_loss": 2.922669188261032,
    "cen_accuracy": 0.39875
  },
  "101": {
    "cen_loss": 2.3298655695915222,