{
  "0": {
    "cen_loss": 2.3034822883605957,
    "cen_accuracy": 0.1055
  },
  "1": {
    "cen_loss": 2.3034822883605957,
    "cen_accuracy": 0.1055
  },
  "2": {
    "cen_loss": 2.0216768110275267,
    "cen_accuracy": 0.2393
  },
  "3": {
    "cen_loss": 1.6657616430282594,
    "cen_accuracy": 0.3855
  },
  "4": {
    "cen_loss": 1.6263306032180787,
    "cen_accuracy": 0.4357
  },
  "5": {
    "cen_loss": 1.6033803769111634,
    "cen_accuracy": 0.4576
  },
  "6": {
    "cen_loss": 1.5816966332435607,
    "cen_accuracy": 0.4714
  },
  "7": {
    "cen_loss": 1.6292208549499512,
    "cen_accuracy": 0.478
  },
  "8": {
    "cen_loss": 1.5460546243667603,
    "cen_accuracy": 0.4896
  },
  "9": {
    "cen_loss": 1.6846027549743652,
    "cen_accuracy": 0.485
  },
  "10": {
    "cen_loss": 1.6841248238563538,
    "cen_accuracy": 0.485
  },
  "11": {
    "cen_loss": 1.624514427471161,
    "cen_accuracy": 0.4859
  },
  "12": {
    "cen_loss": 1.5630068926811218,
    "cen_accuracy": 0.4953
  },
  "13": {
    "cen_loss": 1.6490507105827332,
    "cen_accuracy": 0.4956
  },
  "14": {
    "cen_loss": 1.642351867198944,
    "cen_accuracy": 0.4947
  },
  "15": {
    "cen_loss": 1.71215320854187,
    "cen_accuracy": 0.4794
  },
  "16": {
    "cen_loss": 1.6202357815265656,
    "cen_accuracy": 0.5132
  },
  "17": {
    "cen_loss": 1.633637273311615,
    "cen_accuracy": 0.5124
  },
  "18": {
    "cen_loss": 1.6880351725578309,
    "cen_accuracy": 0.513
  },
  "19": {
    "cen_loss": 1.677211399269104,
    "cen_accuracy": 0.5144
  },
  "20": {
    "cen_loss": 1.6772114026546479,
    "cen_accuracy": 0.5144
  },
  "21": {
    "cen_loss": 1.7612992395401001,
    "cen_accuracy": 0.5166
  },
  "22": {
    "cen_loss": 1.776778038263321,
    "cen_accuracy": 0.4969
  },
  "23": {
    "cen_loss": 1.6603837235450745,
    "cen_accuracy": 0.52
  },
  "24": {
    "cen_loss": 1.710465957927704,
    "cen_accuracy": 0.523
  },
  "25": {
    "cen_loss": 1.6957896017551422,
    "cen_accuracy": 0.5305
  },
  "26": {
    "cen_loss": 1.6190320796966553,
    "cen_accuracy": 0.531
  },
  "27": {
    "cen_loss": 1.7138000942707061,
    "cen_accuracy": 0.514
  },
  "28": {
    "cen_loss": 1.6563983333587646,
    "cen_accuracy": 0.5282
  },
  "29": {
    "cen_loss": 1.6902791771888732,
    "cen_accuracy": 0.5284
  },
  "30": {
    "cen_loss": 1.6902791932582855,
    "cen_accuracy": 0.5284
  },
  "31": {
    "cen_loss": 1.658721129322052,
    "cen_accuracy": 0.5322
  },
  "32": {
    "cen_loss": 1.7227764382362365,
    "cen_accuracy": 0.5281
  },
  "33": {
    "cen_loss": 1.6532373955726622,
    "cen_accuracy": 0.5338
  },
  "34": {
    "cen_loss": 1.6188506194114685,
    "cen_accuracy": 0.5426
  },
  "35": {
    "cen_loss": 1.5886570795536041,
    "cen_accuracy": 0.5494
  },
  "36": {
    "cen_loss": 1.6332386293411254,
    "cen_accuracy": 0.5444
  },
  "37": {
    "cen_loss": 1.6306950634002686,
    "cen_accuracy": 0.55
  },
  "38": {
    "cen_loss": 1.6622055440425874,
    "cen_accuracy": 0.5477
  },
  "39": {
    "cen_loss": 1.6622933740139008,
    "cen_accuracy": 0.5318
  },
  "40": {
    "cen_loss": 1.6622933968067168,
    "cen_accuracy": 0.5318
  },
  "41": {
    "cen_loss": 1.6906591411590577,
    "cen_accuracy": 0.5391
  },
  "42": {
    "cen_loss": 1.6947898881435395,
    "cen_accuracy": 0.5443
  },
  "43": {
    "cen_loss": 1.6590985085964203,
    "cen_accuracy": 0.5498
  },
  "44": {
    "cen_loss": 1.7018558628559113,
    "cen_accuracy": 0.5376
  },
  "45": {
    "cen_loss": 1.63681253490448,
    "cen_accuracy": 0.5459
  },
  "46": {
    "cen_loss": 1.6986478507518767,
    "cen_accuracy": 0.5452
  },
  "47": {
    "cen_loss": 1.6989283174037932,
    "cen_accuracy": 0.5332
  },
  "48": {
    "cen_loss": 1.6841078542709351,
    "cen_accuracy": 0.5532
  },
  "49": {
    "cen_loss": 1.7020664383888244,
    "cen_accuracy": 0.5492
  },
  "50": {
    "cen_loss": 1.70206643576622,
    "cen_accuracy": 0.5492
  },
  "51": {
    "cen_loss": 1.6996660991191863,
    "cen_accuracy": 0.5435
  },
  "52": {
    "cen_loss": 1.7222590708732606,
    "cen_accuracy": 0.5504
  },
  "53": {
    "cen_loss": 1.6727904956817627,
    "cen_accuracy": 0.5496
  },
  "54": {
    "cen_loss": 1.6883236525535583,
    "cen_accuracy": 0.5456
  },
  "55": {
    "cen_loss": 1.7258802007675171,
    "cen_accuracy": 0.5419
  },
  "56": {
    "cen_loss": 1.6734754064559936,
    "cen_accuracy": 0.5551
  },
  "57": {
    "cen_loss": 1.6702895261764525,
    "cen_accuracy": 0.5459
  },
  "58": {
    "cen_loss": 1.7145987735748291,
    "cen_accuracy": 0.5467
  },
  "59": {
    "cen_loss": 1.6841025146961213,
    "cen_accuracy": 0.5553
  },
  "60": {
    "cen_loss": 1.6841025462150574,
    "cen_accuracy": 0.5553
  },
  "61": {
    "cen_loss": 1.7486270384550096,
    "cen_accuracy": 0.5538
  },
  "62": {
    "cen_loss": 1.6483368574142456,
    "cen_accuracy": 0.5531
  },
  "63": {
    "cen_loss": 1.648309253692627,
    "cen_accuracy": 0.558
  },
  "64": {
    "cen_loss": 1.724001416349411,
    "cen_accuracy": 0.5508
  },
  "65": {
    "cen_loss": 1.740253567314148,
    "cen_accuracy": 0.5485
  },
  "66": {
    "cen_loss": 1.7151727285385132,
    "cen_accuracy": 0.549
  },
  "67": {
    "cen_loss": 1.6750854536056519,
    "cen_accuracy": 0.5504
  },
  "68": {
    "cen_loss": 1.701583372783661,
    "cen_accuracy": 0.5523
  },
  "69": {
    "cen_loss": 1.7039708480358124,
    "cen_accuracy": 0.5657
  },
  "70": {
    "cen_loss": 1.7039708178520203,
    "cen_accuracy": 0.5657
  },
  "71": {
    "cen_loss": 1.7279379972934723,
    "cen_accuracy": 0.5676
  },
  "72": {
    "cen_loss": 1.8134044073581697,
    "cen_accuracy": 0.5415
  },
  "73": {
    "cen_loss": 1.6723674711704255,
    "cen_accuracy": 0.5628
  },
  "74": {
    "cen_loss": 1.664055830335617,
    "cen_accuracy": 0.5649
  },
  "75": {
    "cen_loss": 1.6947912687063218,
    "cen_accuracy": 0.558
  },
  "76": {
    "cen_loss": 1.7030829062461854,
    "cen_accuracy": 0.5494
  },
  "77": {
    "cen_loss": 1.804052489566803,
    "cen_accuracy": 0.5485
  },
  "78": {
    "cen_loss": 1.71858978600502,
    "cen_accuracy": 0.5579
  },
  "79": {
    "cen_loss": 1.696469800233841,
    "cen_accuracy": 0.5514
  },
  "80": {
    "cen_loss": 1.6964698003292085,
    "cen_accuracy": 0.5514
  },
  "81": {
    "cen_loss": 1.829136648797989,
    "cen_accuracy": 0.5458
  },
  "82": {
    "cen_loss": 1.7788592606067657,
    "cen_accuracy": 0.5537
  },
  "83": {
    "cen_loss": 1.764002597475052,
    "cen_accuracy": 0.5471
  },
  "84": {
    "cen_loss": 1.7687788295984268,
    "cen_accuracy": 0.5482
  },
  "85": {
    "cen_loss": 1.7364153794765473,
    "cen_accuracy": 0.5513
  },
  "86": {
    "cen_loss": 1.7595907212734223,
    "cen_accuracy": 0.557
  },
  "87": {
    "cen_loss": 1.7279367257118226,
    "cen_accuracy": 0.5574
  },
  "88": {
    "cen_loss": 1.6693759880542756,
    "cen_accuracy": 0.5478
  },
  "89": {
    "cen_loss": 1.7755893376350402,
    "cen_accuracy": 0.5488
  },
  "90": {
    "cen_loss": 1.7755893482208251,
    "cen_accuracy": 0.5488
  },
  "91": {
    "cen_loss": 1.7499253151416778,
    "cen_accuracy": 0.5494
  },
  "92": {
    "cen_loss": 1.7551950963974,
    "cen_accuracy": 0.5503
  },
  "93": {
    "cen_loss": 1.8149484066963195,
    "cen_accuracy": 0.5488
  },
  "94": {
    "cen_loss": 1.7392183158397674,
    "cen_accuracy": 0.5462
  },
  "95": {
    "cen_loss": 1.8904161373138428,
    "cen_accuracy": 0.5479
  },
  "96": {
    "cen_loss": 1.7638542495965959,
    "cen_accuracy": 0.5545
  },
  "97": {
    "cen_loss": 1.858576221036911,
    "cen_accuracy": 0.55
  },
  "98": {
    "cen_loss": 1.761213169836998,
    "cen_accuracy": 0.5565
  },
  "99": {
    "cen_loss": 1.7053717619419098,
    "cen_accuracy": 0.5603
  },
  "100": {
    "cen_loss": 1.7053717434406281,
    "cen_accuracy": 0.5603
  },
  "101": {
    "cen_loss": 1.760849141740799,
    "cen_accuracy": 0.5562
  }
}