{
  "0": {
    "cen_loss": 2.305413151931763,
    "cen_accuracy": 0.0978
  },
  "1": {
    "cen_loss": 2.305413151931763,
    "cen_accuracy": 0.0978
  },
  "2": {
    "cen_loss": 2.1491339988708495,
    "cen_accuracy": 0.2212
  },
  "3": {
    "cen_loss": 1.710831985282898,
    "cen_accuracy": 0.3661
  },
  "4": {
    "cen_loss": 1.6178101245880128,
    "cen_accuracy": 0.4278
  },
  "5": {
    "cen_loss": 1.5690810241699218,
    "cen_accuracy": 0.4467
  },
  "6": {
    "cen_loss": 1.6524284895896912,
    "cen_accuracy": 0.4339
  },
  "7": {
    "cen_loss": 1.5656617350578308,
    "cen_accuracy": 0.4732
  },
  "8": {
    "cen_loss": 1.6447157981872558,
    "cen_accuracy": 0.4622
  },
  "9": {
    "cen_loss": 1.6573717824935914,
    "cen_accuracy": 0.4535
  },
  "10": {
    "cen_loss": 1.657087503528595,
    "cen_accuracy": 0.4536
  },
  "11": {
    "cen_loss": 1.6257928694725037,
    "cen_accuracy": 0.4645
  },
  "12": {
    "cen_loss": 1.6932193956375121,
    "cen_accuracy": 0.4671
  },
  "13": {
    "cen_loss": 1.7151249118804932,
    "cen_accuracy": 0.4644
  },
  "14": {
    "cen_loss": 1.6942629191398622,
    "cen_accuracy": 0.4792
  },
  "15": {
    "cen_loss": 1.7406137586593629,
    "cen_accuracy": 0.4655
  },
  "16": {
    "cen_loss": 1.719720629787445,
    "cen_accuracy": 0.4855
  },
  "17": {
    "cen_loss": 1.702067331790924,
    "cen_accuracy": 0.4899
  },
  "18": {
    "cen_loss": 1.6866908931732179,
    "cen_accuracy": 0.4977
  },
  "19": {
    "cen_loss": 1.766627678489685,
    "cen_accuracy": 0.482
  },
  "20": {
    "cen_loss": 1.7666276783943176,
    "cen_accuracy": 0.482
  },
  "21": {
    "cen_loss": 1.6647411187171937,
    "cen_accuracy": 0.507
  },
  "22": {
    "cen_loss": 1.7375040331840514,
    "cen_accuracy": 0.4931
  },
  "23": {
    "cen_loss": 1.6720648980617523,
    "cen_accuracy": 0.5024
  },
  "24": {
    "cen_loss": 1.711613102912903,
    "cen_accuracy": 0.5022
  },
  "25": {
    "cen_loss": 1.7668361276626587,
    "cen_accuracy": 0.4943
  },
  "26": {
    "cen_loss": 1.6878471315383912,
    "cen_accuracy": 0.5022
  },
  "27": {
    "cen_loss": 1.6721016195774079,
    "cen_accuracy": 0.5098
  },
  "28": {
    "cen_loss": 1.7145170661449431,
    "cen_accuracy": 0.5077
  },
  "29": {
    "cen_loss": 1.7630766138076783,
    "cen_accuracy": 0.5146
  },
  "30": {
    "cen_loss": 1.7630766191482543,
    "cen_accuracy": 0.5146
  },
  "31": {
    "cen_loss": 1.8210029260158538,
    "cen_accuracy": 0.495
  },
  "32": {
    "cen_loss": 1.7676876461029052,
    "cen_accuracy": 0.5088
  },
  "33": {
    "cen_loss": 1.6875177225589753,
    "cen_accuracy": 0.5241
  },
  "34": {
    "cen_loss": 1.7561357150554657,
    "cen_accuracy": 0.5184
  },
  "35": {
    "cen_loss": 1.6977156023025513,
    "cen_accuracy": 0.5169
  },
  "36": {
    "cen_loss": 1.7237045137405396,
    "cen_accuracy": 0.5265
  },
  "37": {
    "cen_loss": 1.7585391517162323,
    "cen_accuracy": 0.5162
  },
  "38": {
    "cen_loss": 1.6784467586994172,
    "cen_accuracy": 0.5214
  },
  "39": {
    "cen_loss": 1.7765444964408874,
    "cen_accuracy": 0.5185
  },
  "40": {
    "cen_loss": 1.7765445175170897,
    "cen_accuracy": 0.5185
  },
  "41": {
    "cen_loss": 1.7414593497276307,
    "cen_accuracy": 0.5268
  },
  "42": {
    "cen_loss": 1.7263935282707215,
    "cen_accuracy": 0.5301
  },
  "43": {
    "cen_loss": 1.669609700202942,
    "cen_accuracy": 0.5331
  },
  "44": {
    "cen_loss": 1.6587239262104034,
    "cen_accuracy": 0.5307
  },
  "45": {
    "cen_loss": 1.7119243053913116,
    "cen_accuracy": 0.5228
  },
  "46": {
    "cen_loss": 1.6932063205242156,
    "cen_accuracy": 0.5292
  },
  "47": {
    "cen_loss": 1.7468738335609435,
    "cen_accuracy": 0.5228
  },
  "48": {
    "cen_loss": 1.741303835582733,
    "cen_accuracy": 0.5304
  },
  "49": {
    "cen_loss": 1.7718777537822723,
    "cen_accuracy": 0.5325
  },
  "50": {
    "cen_loss": 1.7718777287960052,
    "cen_accuracy": 0.5325
  },
  "51": {
    "cen_loss": 1.7528344045639037,
    "cen_accuracy": 0.5216
  },
  "52": {
    "cen_loss": 1.6948046106815338,
    "cen_accuracy": 0.5305
  },
  "53": {
    "cen_loss": 1.7404210532665252,
    "cen_accuracy": 0.531
  },
  "54": {
    "cen_loss": 1.710203425359726,
    "cen_accuracy": 0.5295
  },
  "55": {
    "cen_loss": 1.7432407948493958,
    "cen_accuracy": 0.5261
  },
  "56": {
    "cen_loss": 1.7399020700454713,
    "cen_accuracy": 0.5382
  },
  "57": {
    "cen_loss": 1.7416723529338836,
    "cen_accuracy": 0.5352
  },
  "58": {
    "cen_loss": 1.6839882907867432,
    "cen_accuracy": 0.5326
  },
  "59": {
    "cen_loss": 1.7438057242393494,
    "cen_accuracy": 0.537
  },
  "60": {
    "cen_loss": 1.7438057162761689,
    "cen_accuracy": 0.537
  },
  "61": {
    "cen_loss": 1.7443498495578766,
    "cen_accuracy": 0.5294
  },
  "62": {
    "cen_loss": 1.699896263551712,
    "cen_accuracy": 0.5366
  },
  "63": {
    "cen_loss": 1.760977668094635,
    "cen_accuracy": 0.5276
  },
  "64": {
    "cen_loss": 1.7570735458374023,
    "cen_accuracy": 0.524
  },
  "65": {
    "cen_loss": 1.7273771276474,
    "cen_accuracy": 0.5334
  },
  "66": {
    "cen_loss": 1.7414226916790008,
    "cen_accuracy": 0.5203
  },
  "67": {
    "cen_loss": 1.779952031135559,
    "cen_accuracy": 0.5311
  },
  "68": {
    "cen_loss": 1.7887070285320281,
    "cen_accuracy": 0.5208
  },
  "69": {
    "cen_loss": 1.6941111370563506,
    "cen_accuracy": 0.5362
  },
  "70": {
    "cen_loss": 1.694111128616333,
    "cen_accuracy": 0.5362
  },
  "71": {
    "cen_loss": 1.7394866778373719,
    "cen_accuracy": 0.5332
  },
  "72": {
    "cen_loss": 1.740846786737442,
    "cen_accuracy": 0.5344
  },
  "73": {
    "cen_loss": 1.8126214277267456,
    "cen_accuracy": 0.5304
  },
  "74": {
    "cen_loss": 1.8402262768745423,
    "cen_accuracy": 0.5327
  },
  "75": {
    "cen_loss": 1.8419573481559754,
    "cen_accuracy": 0.5203
  },
  "76": {
    "cen_loss": 1.7318640107631684,
    "cen_accuracy": 0.5316
  },
  "77": {
    "cen_loss": 1.7374342767715454,
    "cen_accuracy": 0.5311
  },
  "78": {
    "cen_loss": 1.7776427155017853,
    "cen_accuracy": 0.5351
  },
  "79": {
    "cen_loss": 1.7804820115089417,
    "cen_accuracy": 0.5299
  },
  "80": {
    "cen_loss": 1.7804820144176483,
    "cen_accuracy": 0.5299
  },
  "81": {
    "cen_loss": 1.7421011890411378,
    "cen_accuracy": 0.5404
  },
  "82": {
    "cen_loss": 1.6921995355129242,
    "cen_accuracy": 0.5382
  },
  "83": {
    "cen_loss": 1.7061791127204895,
    "cen_accuracy": 0.5438
  },
  "84": {
    "cen_loss": 1.7194237703800201,
    "cen_accuracy": 0.5412
  },
  "85": {
    "cen_loss": 1.7082525971889495,
    "cen_accuracy": 0.5538
  },
  "86": {
    "cen_loss": 1.7524136620044708,
    "cen_accuracy": 0.545
  },
  "87": {
    "cen_loss": 1.759650781917572,
    "cen_accuracy": 0.5486
  },
  "88": {
    "cen_loss": 1.7629000024795531,
    "cen_accuracy": 0.5467
  },
  "89": {
    "cen_loss": 1.727793365430832,
    "cen_accuracy": 0.5414
  },
  "90": {
    "cen_loss": 1.7277933385848998,
    "cen_accuracy": 0.5414
  },
  "91": {
    "cen_loss": 1.6757717730522155,
    "cen_accuracy": 0.5507
  },
  "92": {
    "cen_loss": 1.8306432043552399,
    "cen_accuracy": 0.5396
  },
  "93": {
    "cen_loss": 1.7128094202041626,
    "cen_accuracy": 0.5491
  },
  "94": {
    "cen_loss": 1.7924452559947968,
    "cen_accuracy": 0.5468
  },
  "95": {
    "cen_loss": 1.696078413772583,
    "cen_accuracy": 0.5444
  },
  "96": {
    "cen_loss": 1.720084461593628,
    "cen_accuracy": 0.5498
  },
  "97": {
    "cen_loss": 1.773083308839798,
    "cen_accuracy": 0.5508
  },
  "98": {
    "cen_loss": 1.7178971082210541,
    "cen_accuracy": 0.5518
  },
  "99": {
    "cen_loss": 1.895153304195404,
    "cen_accuracy": 0.5288
  },
  "100": {
    "cen_loss": 1.895153314590454,
    "cen_accuracy": 0.5288
  },
  "101": {
    "cen_loss": 1.7451770539283753,
    "cen_accuracy": 0.5466
  }
}