{
  "0": {
    "cen_loss": 2.302716353225708,
    "cen_accuracy": 0.1
  },
  "1": {
    "cen_loss": 2.302716353225708,
    "cen_accuracy": 0.1
  },
  "2": {
    "cen_loss": 2.547775156402588,
    "cen_accuracy": 0.1
  },
  "3": {
    "cen_loss": 4.776487856292724,
    "cen_accuracy": 0.1
  },
  "4": {
    "cen_loss": 5.090920665359497,
    "cen_accuracy": 0.1
  },
  "5": {
    "cen_loss": 3.9681443946838377,
    "cen_accuracy": 0.1
  },
  "6": {
    "cen_loss": 6.687886214065552,
    "cen_accuracy": 0.1
  },
  "7": {
    "cen_loss": 3.9085839752197264,
    "cen_accuracy": 0.1001
  },
  "8": {
    "cen_loss": 4.1321493450164795,
    "cen_accuracy": 0.1005
  },
  "9": {
    "cen_loss": 5.536516314697265,
    "cen_accuracy": 0.1
  },
  "10": {
    "cen_loss": 3.3378314853668214,
    "cen_accuracy": 0.1018
  },
  "11": {
    "cen_loss": 3.7207490653991697,
    "cen_accuracy": 0.1149
  },
  "12": {
    "cen_loss": 3.088771562576294,
    "cen_accuracy": 0.2003
  },
  "13": {
    "cen_loss": 2.697375447463989,
    "cen_accuracy": 0.1909
  },
  "14": {
    "cen_loss": 2.5894794969558714,
    "cen_accuracy": 0.2064
  },
  "15": {
    "cen_loss": 2.2061501642227173,
    "cen_accuracy": 0.2903
  },
  "16": {
    "cen_loss": 2.3635367694854734,
    "cen_accuracy": 0.2578
  },
  "17": {
    "cen_loss": 1.660291039466858,
    "cen_accuracy": 0.4209
  },
  "18": {
    "cen_loss": 1.6963035646438598,
    "cen_accuracy": 0.4148
  },
  "19": {
    "cen_loss": 1.6747077714920044,
    "cen_accuracy": 0.3955
  },
  "20": {
    "cen_loss": 1.5386988634109497,
    "cen_accuracy": 0.4431
  },
  "21": {
    "cen_loss": 1.2883136486053466,
    "cen_accuracy": 0.546
  },
  "22": {
    "cen_loss": 1.4602770231246949,
    "cen_accuracy": 0.4854
  },
  "23": {
    "cen_loss": 1.3975964385032653,
    "cen_accuracy": 0.5131
  },
  "24": {
    "cen_loss": 1.2146787073135377,
    "cen_accuracy": 0.5777
  },
  "25": {
    "cen_loss": 1.3127233448982238,
    "cen_accuracy": 0.5408
  },
  "26": {
    "cen_loss": 1.4030916857719422,
    "cen_accuracy": 0.5209
  },
  "27": {
    "cen_loss": 1.4258819952964783,
    "cen_accuracy": 0.4881
  },
  "28": {
    "cen_loss": 1.408314995288849,
    "cen_accuracy": 0.5138
  },
  "29": {
    "cen_loss": 1.1630571362495423,
    "cen_accuracy": 0.5911
  },
  "30": {
    "cen_loss": 1.210560823726654,
    "cen_accuracy": 0.5751
  },
  "31": {
    "cen_loss": 1.4797007520198822,
    "cen_accuracy": 0.5086
  },
  "32": {
    "cen_loss": 1.2711572239398956,
    "cen_accuracy": 0.5591
  },
  "33": {
    "cen_loss": 1.3260377502441407,
    "cen_accuracy": 0.5541
  },
  "34": {
    "cen_loss": 1.1587332284927367,
    "cen_accuracy": 0.5939
  },
  "35": {
    "cen_loss": 1.280018485879898,
    "cen_accuracy": 0.5613
  },
  "36": {
    "cen_loss": 1.4728567750930786,
    "cen_accuracy": 0.513
  },
  "37": {
    "cen_loss": 1.0752184332847594,
    "cen_accuracy": 0.6488
  },
  "38": {
    "cen_loss": 1.0875987236976623,
    "cen_accuracy": 0.6219
  },
  "39": {
    "cen_loss": 1.1004705416679383,
    "cen_accuracy": 0.6243
  },
  "40": {
    "cen_loss": 1.1106472726345062,
    "cen_accuracy": 0.6064
  },
  "41": {
    "cen_loss": 1.549082098388672,
    "cen_accuracy": 0.4992
  },
  "42": {
    "cen_loss": 1.224997408771515,
    "cen_accuracy": 0.5801
  },
  "43": {
    "cen_loss": 1.1051326746940613,
    "cen_accuracy": 0.6192
  },
  "44": {
    "cen_loss": 1.3398133677482604,
    "cen_accuracy": 0.5587
  },
  "45": {
    "cen_loss": 1.0611574665546417,
    "cen_accuracy": 0.6269
  },
  "46": {
    "cen_loss": 1.263499516057968,
    "cen_accuracy": 0.565
  },
  "47": {
    "cen_loss": 1.4228421531200408,
    "cen_accuracy": 0.5403
  },
  "48": {
    "cen_loss": 1.3368015026569366,
    "cen_accuracy": 0.5511
  },
  "49": {
    "cen_loss": 1.3319684557437896,
    "cen_accuracy": 0.5568
  },
  "50": {
    "cen_loss": 1.2274726671218872,
    "cen_accuracy": 0.5759
  },
  "51": {
    "cen_loss": 1.4308436584472657,
    "cen_accuracy": 0.5181
  },
  "52": {
    "cen_loss": 1.479949361228943,
    "cen_accuracy": 0.5074
  },
  "53": {
    "cen_loss": 1.372573045730591,
    "cen_accuracy": 0.5409
  },
  "54": {
    "cen_loss": 1.2520672141075135,
    "cen_accuracy": 0.5727
  },
  "55": {
    "cen_loss": 1.2706472737789154,
    "cen_accuracy": 0.5737
  },
  "56": {
    "cen_loss": 1.008695802783966,
    "cen_accuracy": 0.6522
  },
  "57": {
    "cen_loss": 0.9083845619678498,
    "cen_accuracy": 0.686
  },
  "58": {
    "cen_loss": 1.034912553215027,
    "cen_accuracy": 0.6382
  },
  "59": {
    "cen_loss": 1.173777174949646,
    "cen_accuracy": 0.6066
  },
  "60": {
    "cen_loss": 0.9684003594398498,
    "cen_accuracy": 0.6735
  },
  "61": {
    "cen_loss": 1.1015993547677994,
    "cen_accuracy": 0.6297
  },
  "62": {
    "cen_loss": 0.9260381748914719,
    "cen_accuracy": 0.686
  },
  "63": {
    "cen_loss": 1.0339114822149276,
    "cen_accuracy": 0.6393
  },
  "64": {
    "cen_loss": 1.0415923717021942,
    "cen_accuracy": 0.6524
  },
  "65": {
    "cen_loss": 0.9446516790390015,
    "cen_accuracy": 0.6874
  },
  "66": {
    "cen_loss": 1.1509600330114365,
    "cen_accuracy": 0.6025
  },
  "67": {
    "cen_loss": 1.2283872956752777,
    "cen_accuracy": 0.5885
  },
  "68": {
    "cen_loss": 1.100944396686554,
    "cen_accuracy": 0.6316
  },
  "69": {
    "cen_loss": 1.0602217703342438,
    "cen_accuracy": 0.6436
  },
  "70": {
    "cen_loss": 0.9547419955015183,
    "cen_accuracy": 0.6811
  },
  "71": {
    "cen_loss": 1.0910696477890014,
    "cen_accuracy": 0.6259
  },
  "72": {
    "cen_loss": 1.0339908022403717,
    "cen_accuracy": 0.6503
  },
  "73": {
    "cen_loss": 1.0597286811828612,
    "cen_accuracy": 0.6419
  },
  "74": {
    "cen_loss": 1.0565885843038558,
    "cen_accuracy": 0.6457
  },
  "75": {
    "cen_loss": 1.1669637245416642,
    "cen_accuracy": 0.6175
  },
  "76": {
    "cen_loss": 1.2032173018455505,
    "cen_accuracy": 0.6
  },
  "77": {
    "cen_loss": 1.0613000680446625,
    "cen_accuracy": 0.6462
  },
  "78": {
    "cen_loss": 1.0051855363845825,
    "cen_accuracy": 0.6835
  },
  "79": {
    "cen_loss": 1.1134446806907654,
    "cen_accuracy": 0.6283
  },
  "80": {
    "cen_loss": 1.036550454378128,
    "cen_accuracy": 0.6516
  },
  "81": {
    "cen_loss": 1.1560427565574647,
    "cen_accuracy": 0.6294
  },
  "82": {
    "cen_loss": 1.024296886730194,
    "cen_accuracy": 0.6676
  },
  "83": {
    "cen_loss": 0.9836833756446839,
    "cen_accuracy": 0.6612
  },
  "84": {
    "cen_loss": 1.041390308356285,
    "cen_accuracy": 0.6508
  },
  "85": {
    "cen_loss": 1.0670506711006165,
    "cen_accuracy": 0.6378
  },
  "86": {
    "cen_loss": 1.08566746070385,
    "cen_accuracy": 0.649
  },
  "87": {
    "cen_loss": 1.05392638463974,
    "cen_accuracy": 0.66
  },
  "88": {
    "cen_loss": 1.1150158767223357,
    "cen_accuracy": 0.6402
  },
  "89": {
    "cen_loss": 0.9394719829082488,
    "cen_accuracy": 0.688
  },
  "90": {
    "cen_loss": 1.2029837124943734,
    "cen_accuracy": 0.5881
  },
  "91": {
    "cen_loss": 0.9706178761005402,
    "cen_accuracy": 0.6742
  },
  "92": {
    "cen_loss": 1.1762639326572417,
    "cen_accuracy": 0.6137
  },
  "93": {
    "cen_loss": 1.125954359960556,
    "cen_accuracy": 0.639
  },
  "94": {
    "cen_loss": 1.3033517441749574,
    "cen_accuracy": 0.6019
  },
  "95": {
    "cen_loss": 1.3670999823093415,
    "cen_accuracy": 0.5766
  },
  "96": {
    "cen_loss": 1.2969015709400178,
    "cen_accuracy": 0.5776
  },
  "97": {
    "cen_loss": 1.2693554468631745,
    "cen_accuracy": 0.6042
  },
  "98": {
    "cen_loss": 1.0127097508192062,
    "cen_accuracy": 0.6549
  },
  "99": {
    "cen_loss": 0.9177307044744492,
    "cen_accuracy": 0.6939
  },
  "100": {
    "cen_loss": 1.1090711971759797,
    "cen_accuracy": 0.646
  },
  "101": {
    "cen_loss": 1.1013865512371064,
    "cen_accuracy": 0.6292
  }
}