{
  "2": {
    "total_mJ": 3343053280.2986746,
    "total_ceq": 254.75484417135817,
    "num_expired_thresh": 0,
    "num_depleted": 0,
    "num_transmited_bytes": 1503050304
  },
  "3": {
    "total_mJ": 3324143717.066165,
    "total_ceq": 252.38319784424255,
    "num_expired_thresh": 0,
    "num_depleted": 0,
    "num_transmited_bytes": 1503050304
  },
  "4": {
    "total_mJ": 4595637817.454011,
    "total_ceq": 346.6888072616346,
    "num_expired_thresh": 0,
    "num_depleted": 0,
    "num_transmited_bytes": 1503050304
  },
  "5": {
    "total_mJ": 1155733304.9282696,
    "total_ceq": 88.93740250255779,
    "num_expired_thresh": 0,
    "num_depleted": 0,
    "num_transmited_bytes": 1503050304
  },
  "6": {
    "total_mJ": 3329661497.2636037,
    "total_ceq": 252.67474787463425,
    "num_expired_thresh": 0,
    "num_depleted": 0,
    "num_transmited_bytes": 1503050304
  },
  "7": {
    "total_mJ": 1667685850.284903,
    "total_ceq": 126.39422763449782,
    "num_expired_thresh": 0,
    "num_depleted": 0,
    "num_transmited_bytes": 1503050304
  },
  "8": {
    "total_mJ": 1802242467.0244117,
    "total_ceq": 134.65279711636586,
    "num_expired_thresh": 0,
    "num_depleted": 0,
    "num_transmited_bytes": 1503050304
  },
  "9": {
    "total_mJ": 4671188597.241916,
    "total_ceq": 354.3380612875884,
    "num_expired_thresh": 0,
    "num_depleted": 0,
    "num_transmited_bytes": 1503050304
  },
  "10": {
    "total_mJ": 2314021996.80824,
    "total_ceq": 174.66024431008628,
    "num_expired_thresh": 0,
    "num_depleted": 0,
    "num_transmited_bytes": 1503050304
  },
  "11": {
    "total_mJ": 2067370941.549469,
    "total_ceq": 156.17845483946365,
    "num_expired_thresh": 0,
    "num_depleted": 0,
    "num_transmited_bytes": 1503050304
  },
  "12": {
    "total_mJ": 1709393047.0443738,
    "total_ceq": 131.74755560902935,
    "num_expired_thresh": 0,
    "num_depleted": 0,
    "num_transmited_bytes": 1503050304
  },
  "13": {
    "total_mJ": 2346258684.5369873,
    "total_ceq": 179.76527907105014,
    "num_expired_thresh": 0,
    "num_depleted": 0,
    "num_transmited_bytes": 1503050304
  },
  "14": {
    "total_mJ": 3315406552.7397394,
    "total_ceq": 251.03809023904597,
    "num_expired_thresh": 0,
    "num_depleted": 0,
    "num_transmited_bytes": 1503050304
  },
  "15": {
    "total_mJ": 2015076706.6154516,
    "total_ceq": 152.57468755044852,
    "num_expired_thresh": 0,
    "num_depleted": 0,
    "num_transmited_bytes": 1503050304
  },
  "16": {
    "total_mJ": 2349101296.1792555,
    "total_ceq": 177.545436002229,
    "num_expired_thresh": 0,
    "num_depleted": 0,
    "num_transmited_bytes": 1503050304
  },
  "17": {
    "total_mJ": 1470101204.6491344,
    "total_ceq": 110.87449790137497,
    "num_expired_thresh": 0,
    "num_depleted": 0,
    "num_transmited_bytes": 1503050304
  },
  "18": {
    "total_mJ": 1625057301.176485,
    "total_ceq": 124.4121164730261,
    "num_expired_thresh": 0,
    "num_depleted": 0,
    "num_transmited_bytes": 1503050304
  },
  "19": {
    "total_mJ": 2380574792.573737,
    "total_ceq": 181.83419634088403,
    "num_expired_thresh": 0,
    "num_depleted": 0,
    "num_transmited_bytes": 1503050304
  },
  "20": {
    "total_mJ": 3319461832.6152287,
    "total_ceq": 251.72715467726874,
    "num_expired_thresh": 0,
    "num_depleted": 0,
    "num_transmited_bytes": 1503050304
  },
  "21": {
    "total_mJ": 2334536344.472291,
    "total_ceq": 178.07208004680527,
    "num_expired_thresh": 0,
    "num_depleted": 0,
    "num_transmited_bytes": 1503050304
  },
  "22": {
    "total_mJ": 4696132155.403132,
    "total_ceq": 357.26848794418777,
    "num_expired_thresh": 0,
    "num_depleted": 0,
    "num_transmited_bytes": 1503050304
  },
  "23": {
    "total_mJ": 2295897334.4487443,
    "total_ceq": 173.23187394206323,
    "num_expired_thresh": 0,
    "num_depleted": 0,
    "num_transmited_bytes": 1503050304
  },
  "24": {
    "total_mJ": 1670626816.15562,
    "total_ceq": 127.05105306739544,
    "num_expired_thresh": 0,
    "num_depleted": 0,
    "num_transmited_bytes": 1503050304
  },
  "25": {
    "total_mJ": 915535597.2495587,
    "total_ceq": 69.23243015754248,
    "num_expired_thresh": 0,
    "num_depleted": 0,
    "num_transmited_bytes": 1503050304
  },
  "26": {
    "total_mJ": 2066924328.2777653,
    "total_ceq": 158.55474629069244,
    "num_expired_thresh": 0,
    "num_depleted": 0,
    "num_transmited_bytes": 1503050304
  },
  "27": {
    "total_mJ": 3309327778.460995,
    "total_ceq": 251.64832265936008,
    "num_expired_thresh": 0,
    "num_depleted": 0,
    "num_transmited_bytes": 1503050304
  },
  "28": {
    "total_mJ": 4656499382.97405,
    "total_ceq": 351.95453581288433,
    "num_expired_thresh": 0,
    "num_depleted": 0,
    "num_transmited_bytes": 1503050304
  },
  "29": {
    "total_mJ": 1180298669.6087716,
    "total_ceq": 90.4004989602306,
    "num_expired_thresh": 0,
    "num_depleted": 0,
    "num_transmited_bytes": 1503050304
  },
  "30": {
    "total_mJ": 1540306799.5598495,
    "total_ceq": 117.95686101770697,
    "num_expired_thresh": 0,
    "num_depleted": 0,
    "num_transmited_bytes": 1503050304
  },
  "31": {
    "total_mJ": 2014142783.4014864,
    "total_ceq": 153.23164425624057,
    "num_expired_thresh": 0,
    "num_depleted": 0,
    "num_transmited_bytes": 1503050304
  },
  "32": {
    "total_mJ": 4649531606.866171,
    "total_ceq": 350.7299328950602,
    "num_expired_thresh": 0,
    "num_depleted": 0,
    "num_transmited_bytes": 1503050304
  },
  "33": {
    "total_mJ": 1637721672.0368044,
    "total_ceq": 123.10534028725237,
    "num_expired_thresh": 0,
    "num_depleted": 0,
    "num_transmited_bytes": 1503050304
  },
  "34": {
    "total_mJ": 3336435475.9069476,
    "total_ceq": 254.49500478189725,
    "num_expired_thresh": 0,
    "num_depleted": 0,
    "num_transmited_bytes": 1503050304
  },
  "35": {
    "total_mJ": 2054684785.4300067,
    "total_ceq": 156.19117658665343,
    "num_expired_thresh": 0,
    "num_depleted": 0,
    "num_transmited_bytes": 1503050304
  },
  "36": {
    "total_mJ": 2013045760.2282705,
    "total_ceq": 152.03862611651067,
    "num_expired_thresh": 0,
    "num_depleted": 0,
    "num_transmited_bytes": 1503050304
  },
  "37": {
    "total_mJ": 815008454.4939513,
    "total_ceq": 62.25577399190481,
    "num_expired_thresh": 0,
    "num_depleted": 0,
    "num_transmited_bytes": 1503050304
  },
  "38": {
    "total_mJ": 2364162847.759633,
    "total_ceq": 177.21249299448468,
    "num_expired_thresh": 0,
    "num_depleted": 0,
    "num_transmited_bytes": 1503050304
  },
  "39": {
    "total_mJ": 1532566265.113277,
    "total_ceq": 116.62645584809464,
    "num_expired_thresh": 0,
    "num_depleted": 0,
    "num_transmited_bytes": 1503050304
  },
  "40": {
    "total_mJ": 1771461801.6497548,
    "total_ceq": 132.32741444754888,
    "num_expired_thresh": 0,
    "num_depleted": 0,
    "num_transmited_bytes": 1503050304
  },
  "41": {
    "total_mJ": 4609342821.260586,
    "total_ceq": 348.5976089547612,
    "num_expired_thresh": 0,
    "num_depleted": 0,
    "num_transmited_bytes": 1503050304
  },
  "42": {
    "total_mJ": 3337480771.074562,
    "total_ceq": 251.39968998875946,
    "num_expired_thresh": 0,
    "num_depleted": 0,
    "num_transmited_bytes": 1503050304
  },
  "43": {
    "total_mJ": 4705748064.1110525,
    "total_ceq": 359.60524728749806,
    "num_expired_thresh": 0,
    "num_depleted": 0,
    "num_transmited_bytes": 1503050304
  },
  "44": {
    "total_mJ": 4636871464.567297,
    "total_ceq": 349.9748251213234,
    "num_expired_thresh": 0,
    "num_depleted": 0,
    "num_transmited_bytes": 1503050304
  },
  "45": {
    "total_mJ": 1642263782.9464235,
    "total_ceq": 125.35767720801036,
    "num_expired_thresh": 0,
    "num_depleted": 0,
    "num_transmited_bytes": 1503050304
  },
  "46": {
    "total_mJ": 2030968961.8097796,
    "total_ceq": 153.63670619103723,
    "num_expired_thresh": 0,
    "num_depleted": 0,