{
  "0": {
    "cen_loss": 0,
    "is_orig": true
  },
  "1": {
    "cen_loss": 0,
    "is_orig": true
  },
  "2": {
    "cen_loss": 2.304628080368042,
    "is_orig": true,
    "cen_accuracy": 0.1603
  },
  "3": {
    "cen_loss": 2.0643852062225343,
    "is_orig": false,
    "cen_accuracy": 0.2148
  },
  "4": {
    "cen_loss": 1.83543594455719,
    "is_orig": true,
    "cen_accuracy": 0.3411
  },
  "5": {
    "cen_loss": 1.836572773361206,
    "is_orig": false,
    "cen_accuracy": 0.3703
  },
  "6": {
    "cen_loss": 1.7772552556037904,
    "is_orig": true,
    "cen_accuracy": 0.3881
  },
  "7": {
    "cen_loss": 1.7291167578697204,
    "is_orig": false,
    "cen_accuracy": 0.402
  },
  "8": {
    "cen_loss": 1.7474220956802369,
    "is_orig": false,
    "cen_accuracy": 0.4175
  },
  "9": {
    "cen_loss": 1.8238603885650635,
    "is_orig": true,
    "cen_accuracy": 0.4019
  },
  "10": {
    "cen_loss": 1.8227569441795348,
    "is_orig": true,
    "cen_accuracy": 0.4022
  },
  "11": {
    "cen_loss": 1.8284748140335083,
    "is_orig": true,
    "cen_accuracy": 0.4161
  },
  "12": {
    "cen_loss": 1.9320381023406983,
    "is_orig": true,
    "cen_accuracy": 0.4111
  },
  "13": {
    "cen_loss": 1.8301417441368104,
    "is_orig": true,
    "cen_accuracy": 0.4124
  },
  "14": {
    "cen_loss": 1.8009314637184144,
    "is_orig": false,
    "cen_accuracy": 0.4185
  },
  "15": {
    "cen_loss": 1.9041218530654906,
    "is_orig": true,
    "cen_accuracy": 0.4018
  },
  "16": {
    "cen_loss": 1.9476176445007325,
    "is_orig": false,
    "cen_accuracy": 0.3773
  },
  "17": {
    "cen_loss": 1.875031594848633,
    "is_orig": false,
    "cen_accuracy": 0.4055
  },
  "18": {
    "cen_loss": 1.7554515506744384,
    "is_orig": true,
    "cen_accuracy": 0.4355
  },
  "19": {
    "cen_loss": 1.8744752668380738,
    "is_orig": true,
    "cen_accuracy": 0.4386
  },
  "20": {
    "cen_loss": 1.8744752339363098,
    "is_orig": true,
    "cen_accuracy": 0.4386
  },
  "21": {
    "cen_loss": 1.854098851299286,
    "is_orig": false,
    "cen_accuracy": 0.4339
  },
  "22": {
    "cen_loss": 1.9389896637916566,
    "is_orig": false,
    "cen_accuracy": 0.4382
  },
  "23": {
    "cen_loss": 1.8776979771614075,
    "is_orig": false,
    "cen_accuracy": 0.4414
  },
  "24": {
    "cen_loss": 1.8287745859146118,
    "is_orig": true,
    "cen_accuracy": 0.4636
  },
  "25": {
    "cen_loss": 1.8391383615970611,
    "is_orig": true,
    "cen_accuracy": 0.4515
  },
  "26": {
    "cen_loss": 1.9733850949287415,
    "is_orig": false,
    "cen_accuracy": 0.4418
  },
  "27": {
    "cen_loss": 1.7454015197753907,
    "is_orig": false,
    "cen_accuracy": 0.4634
  },
  "28": {
    "cen_loss": 1.88112474193573,
    "is_orig": false,
    "cen_accuracy": 0.4454
  },
  "29": {
    "cen_loss": 1.8635863238334656,
    "is_orig": true,
    "cen_accuracy": 0.4476
  },
  "30": {
    "cen_loss": 1.863586304473877,
    "is_orig": true,
    "cen_accuracy": 0.4476
  },
  "31": {
    "cen_loss": 1.7789702062606811,
    "is_orig": false,
    "cen_accuracy": 0.469
  },
  "32": {
    "cen_loss": 1.7767011353492737,
    "is_orig": false,
    "cen_accuracy": 0.4637
  },
  "33": {
    "cen_loss": 1.9316821930885315,
    "is_orig": true,
    "cen_accuracy": 0.4548
  },
  "34": {
    "cen_loss": 1.78653962392807,
    "is_orig": true,
    "cen_accuracy": 0.4752
  },
  "35": {
    "cen_loss": 1.9755590343475342,
    "is_orig": true,
    "cen_accuracy": 0.4756
  },
  "36": {
    "cen_loss": 1.8626204433441163,
    "is_orig": false,
    "cen_accuracy": 0.4658
  },
  "37": {
    "cen_loss": 1.881048715353012,
    "is_orig": true,
    "cen_accuracy": 0.4798
  },
  "38": {
    "cen_loss": 1.8416835141181946,
    "is_orig": true,
    "cen_accuracy": 0.4643
  },
  "39": {
    "cen_loss": 1.9227404997825623,
    "is_orig": false,
    "cen_accuracy": 0.4566
  },
  "40": {
    "cen_loss": 1.922740505027771,
    "is_orig": true,
    "cen_accuracy": 0.4566
  },
  "41": {
    "cen_loss": 1.7620743902206422,
    "is_orig": true,
    "cen_accuracy": 0.4806
  },
  "42": {
    "cen_loss": 1.9474449862480163,
    "is_orig": false,
    "cen_accuracy": 0.4621
  },
  "43": {
    "cen_loss": 1.8220041027069092,
    "is_orig": false,
    "cen_accuracy": 0.4838
  },
  "44": {
    "cen_loss": 1.866578119468689,
    "is_orig": false,
    "cen_accuracy": 0.4797
  },
  "45": {
    "cen_loss": 1.695343527173996,
    "is_orig": false,
    "cen_accuracy": 0.4934
  },
  "46": {
    "cen_loss": 1.8153082695007323,
    "is_orig": false,
    "cen_accuracy": 0.4678
  },
  "47": {
    "cen_loss": 1.7836115569114686,
    "is_orig": false,
    "cen_accuracy": 0.4858
  },
  "48": {
    "cen_loss": 1.8505993613243104,
    "is_orig": false,
    "cen_accuracy": 0.4504
  },
  "49": {
    "cen_loss": 1.7139909048080444,
    "is_orig": true,
    "cen_accuracy": 0.4951
  },
  "50": {
    "cen_loss": 1.7139909062862397,
    "is_orig": true,
    "cen_accuracy": 0.4951
  },
  "51": {
    "cen_loss": 1.945505263519287,
    "is_orig": true,
    "cen_accuracy": 0.468
  },
  "52": {
    "cen_loss": 1.730250624847412,
    "is_orig": true,
    "cen_accuracy": 0.498
  },
  "53": {
    "cen_loss": 1.7347364861488341,
    "is_orig": true,
    "cen_accuracy": 0.4906
  },
  "54": {
    "cen_loss": 2.3711153138160705,
    "is_orig": true,
    "cen_accuracy": 0.4135
  },
  "55": {
    "cen_loss": 1.8092688992500305,
    "is_orig": true,
    "cen_accuracy": 0.4881
  },
  "56": {
    "cen_loss": 1.9162331806182862,
    "is_orig": true,
    "cen_accuracy": 0.4658
  },
  "57": {
    "cen_loss": 1.9634048413276672,
    "is_orig": true,
    "cen_accuracy": 0.4657
  },
  "58": {
    "cen_loss": 1.918527293395996,
    "is_orig": true,
    "cen_accuracy": 0.4631
  },
  "59": {
    "cen_loss": 1.804515151119232,
    "is_orig": false,
    "cen_accuracy": 0.4755
  },
  "60": {
    "cen_loss": 1.8045151056289672,
    "is_orig": true,
    "cen_accuracy": 0.4755
  },
  "61": {
    "cen_loss": 1.7893505991458893,
    "is_orig": true,
    "cen_accuracy": 0.4842
  },
  "62": {
    "cen_loss": 2.09194806060791,
    "is_orig": true,
    "cen_accuracy": 0.4736
  },
  "63": {
    "cen_loss": 1.8669345153808594,
    "is_orig": true,
    "cen_accuracy": 0.4824
  },
  "64": {
    "cen_loss": 1.7636907735824585,
    "is_orig": true,
    "cen_accuracy": 0.4927
  },
  "65": {
    "cen_loss": 2.0952818261146544,
    "is_orig": true,
    "cen_accuracy": 0.4471
  },
  "66": {
    "cen_loss": 2.119342211818695,
    "is_orig": false,
    "cen_accuracy": 0.4631
  },
  "67": {
    "cen_loss": 1.794588053703308,
    "is_orig": false,
    "cen_accuracy": 0.4911
  },
  "68": {
    "cen_loss": 1.786910719013214,
    "is_orig": false,
    "cen_accuracy": 0.4965
  },
  "69": {
    "cen_loss": 1.9388948002815247,
    "is_orig": true,
    "cen_accuracy": 0.4678
  },
  "70": {
    "cen_loss": 1.9388947772026062,
    "is_orig": true,
    "cen_accuracy": 0.4678
  },
  "71": {
    "cen_loss": 1.9800282828807831,
    "is_orig": false,
    "cen_accuracy": 0.4748
  },
  "72": {
    "cen_loss": 2.231461145591736,
    "is_orig": false,
    "cen_accuracy": 0.4548
  },
  "73": {
    "cen_loss": 1.8673694546699524,
    "is_orig": false,
    "cen_accuracy": 0.4826
  },
  "74": {
    "cen_loss": 1.9811934043884278,
    "is_orig": true,
    "cen_accuracy": 0.4952
  },
  "75": {
    "cen_loss": 1.9095397795677185,
    "is_orig": false,
    "cen_accuracy": 0.4792
  },
  "76": {
    "cen_loss": 1.9407047830581665,
    "is_orig": true,
    "cen_accuracy": 0.4692
  },
  "77": {
    "cen_loss": 1.9948624667167663,
    "is_orig": true,
    "cen_accuracy": 0.4449
  },
  "78": {
    "cen_loss": 2.105657431125641,
    "is_orig": false,
    "cen_accuracy": 0.4475
  },
  "79": {
    "cen_loss": 2.1441934414863586,
    "is_orig": true,
    "cen_accuracy": 0.4674
  },
  "80": {
    "cen_loss": 2.144193439102173,
    "is_orig": true,
    "cen_accuracy": 0.4674
  },
  "81": {
    "cen_loss": 1.8202623735427856,
    "is_orig": true,