{
  "0": {
    "cen_loss": 2.3027724609375,
    "cen_accuracy": 0.09925
  },
  "1": {
    "cen_loss": 2.3027724609375,
    "cen_accuracy": 0.09925
  },
  "2": {
    "cen_loss": 2.333868127822876,
    "cen_accuracy": 0.10075
  },
  "3": {
    "cen_loss": 2.4841656646728514,
    "cen_accuracy": 0.09975
  },
  "4": {
    "cen_loss": 2.5663598175048827,
    "cen_accuracy": 0.098625
  },
  "5": {
    "cen_loss": 3.4628059368133544,
    "cen_accuracy": 0.098625
  },
  "6": {
    "cen_loss": 2.930105339050293,
    "cen_accuracy": 0.098625
  },
  "7": {
    "cen_loss": 2.8413466777801513,
    "cen_accuracy": 0.10075
  },
  "8": {
    "cen_loss": 2.930084590911865,
    "cen_accuracy": 0.13025
  },
  "9": {
    "cen_loss": 2.556979568481445,
    "cen_accuracy": 0.14525
  },
  "10": {
    "cen_loss": 1.8222179508209229,
    "cen_accuracy": 0.32775
  },
  "11": {
    "cen_loss": 1.9616841173171997,
    "cen_accuracy": 0.281375
  },
  "12": {
    "cen_loss": 2.0705767068862917,
    "cen_accuracy": 0.266875
  },
  "13": {
    "cen_loss": 1.8654806900024414,
    "cen_accuracy": 0.348
  },
  "14": {
    "cen_loss": 1.8749297409057617,
    "cen_accuracy": 0.350375
  },
  "15": {
    "cen_loss": 1.83462770652771,
    "cen_accuracy": 0.3535
  },
  "16": {
    "cen_loss": 1.7008885354995729,
    "cen_accuracy": 0.395
  },
  "17": {
    "cen_loss": 1.96663796710968,
    "cen_accuracy": 0.397625
  },
  "18": {
    "cen_loss": 1.7551629524230956,
    "cen_accuracy": 0.412375
  },
  "19": {
    "cen_loss": 1.6400287303924561,
    "cen_accuracy": 0.447375
  },
  "20": {
    "cen_loss": 1.7829256792068482,
    "cen_accuracy": 0.467375
  },
  "21": {
    "cen_loss": 1.6592235164642335,
    "cen_accuracy": 0.43375
  },
  "22": {
    "cen_loss": 1.7140252895355224,
    "cen_accuracy": 0.45775
  },
  "23": {
    "cen_loss": 1.7064304847717284,
    "cen_accuracy": 0.445625
  },
  "24": {
    "cen_loss": 1.621950315475464,
    "cen_accuracy": 0.48025
  },
  "25": {
    "cen_loss": 1.5690758123397828,
    "cen_accuracy": 0.480125
  },
  "26": {
    "cen_loss": 1.4845203237533569,
    "cen_accuracy": 0.503375
  },
  "27": {
    "cen_loss": 1.6391789951324462,
    "cen_accuracy": 0.480625
  },
  "28": {
    "cen_loss": 1.5871135129928589,
    "cen_accuracy": 0.509125
  },
  "29": {
    "cen_loss": 1.629333906173706,
    "cen_accuracy": 0.498
  },
  "30": {
    "cen_loss": 1.7894178428649903,
    "cen_accuracy": 0.50975
  },
  "31": {
    "cen_loss": 1.5125315632820129,
    "cen_accuracy": 0.517125
  },
  "32": {
    "cen_loss": 1.6457781429290772,
    "cen_accuracy": 0.488125
  },
  "33": {
    "cen_loss": 1.5857788286209107,
    "cen_accuracy": 0.497625
  },
  "34": {
    "cen_loss": 1.534132815361023,
    "cen_accuracy": 0.50775
  },
  "35": {
    "cen_loss": 1.5465190505981445,
    "cen_accuracy": 0.52575
  },
  "36": {
    "cen_loss": 1.5304631867408753,
    "cen_accuracy": 0.53275
  },
  "37": {
    "cen_loss": 1.5394394578933717,
    "cen_accuracy": 0.521625
  },
  "38": {
    "cen_loss": 1.5600502271652221,
    "cen_accuracy": 0.5125
  },
  "39": {
    "cen_loss": 1.5928336000442505,
    "cen_accuracy": 0.518
  },
  "40": {
    "cen_loss": 1.7851384811401367,
    "cen_accuracy": 0.522625
  },
  "41": {
    "cen_loss": 1.704247594833374,
    "cen_accuracy": 0.505
  },
  "42": {
    "cen_loss": 1.5327365727424622,
    "cen_accuracy": 0.535375
  },
  "43": {
    "cen_loss": 1.4721241569519044,
    "cen_accuracy": 0.547875
  },
  "44": {
    "cen_loss": 1.6322924556732177,
    "cen_accuracy": 0.51225
  },
  "45": {
    "cen_loss": 1.4471640062332154,
    "cen_accuracy": 0.546125
  },
  "46": {
    "cen_loss": 1.530718448638916,
    "cen_accuracy": 0.5325
  },
  "47": {
    "cen_loss": 1.634937484741211,
    "cen_accuracy": 0.531375
  },
  "48": {
    "cen_loss": 1.4734437494277954,
    "cen_accuracy": 0.548125
  },
  "49": {
    "cen_loss": 1.4674394426345825,
    "cen_accuracy": 0.554
  },
  "50": {
    "cen_loss": 1.683491379737854,
    "cen_accuracy": 0.5535
  },
  "51": {
    "cen_loss": 1.4718912272453308,
    "cen_accuracy": 0.54125
  },
  "52": {
    "cen_loss": 1.5691752724647523,
    "cen_accuracy": 0.543625
  },
  "53": {
    "cen_loss": 1.4900328998565673,
    "cen_accuracy": 0.553625
  },
  "54": {
    "cen_loss": 1.5083861083984376,
    "cen_accuracy": 0.54875
  },
  "55": {
    "cen_loss": 1.4864239597320557,
    "cen_accuracy": 0.5475
  },
  "56": {
    "cen_loss": 1.5709333543777466,
    "cen_accuracy": 0.54825
  },
  "57": {
    "cen_loss": 1.4781688594818114,
    "cen_accuracy": 0.55175
  },
  "58": {
    "cen_loss": 1.514979486465454,
    "cen_accuracy": 0.562375
  },
  "59": {
    "cen_loss": 1.4817685379981995,
    "cen_accuracy": 0.56
  },
  "60": {
    "cen_loss": 1.6798552742004396,
    "cen_accuracy": 0.5625
  },
  "61": {
    "cen_loss": 1.5645535836219788,
    "cen_accuracy": 0.55125
  },
  "62": {
    "cen_loss": 1.431118239879608,
    "cen_accuracy": 0.563375
  },
  "63": {
    "cen_loss": 1.6062276306152343,
    "cen_accuracy": 0.53775
  },
  "64": {
    "cen_loss": 1.4277747540473937,
    "cen_accuracy": 0.56375
  },
  "65": {
    "cen_loss": 1.4783885560035706,
    "cen_accuracy": 0.572875
  },
  "66": {
    "cen_loss": 1.4685543632507325,
    "cen_accuracy": 0.56525
  },
  "67": {
    "cen_loss": 1.4873872270584108,
    "cen_accuracy": 0.5725
  },
  "68": {
    "cen_loss": 1.476208430290222,
    "cen_accuracy": 0.56775
  },
  "69": {
    "cen_loss": 1.4213653163909912,
    "cen_accuracy": 0.56475
  },
  "70": {
    "cen_loss": 1.6274771862030029,
    "cen_accuracy": 0.56025
  },
  "71": {
    "cen_loss": 1.5127539629936217,
    "cen_accuracy": 0.559375
  },
  "72": {
    "cen_loss": 1.3787487244606018,
    "cen_accuracy": 0.572
  },
  "73": {
    "cen_loss": 1.445219425201416,
    "cen_accuracy": 0.58325
  },
  "74": {
    "cen_loss": 1.4044301571846007,
    "cen_accuracy": 0.577875
  },
  "75": {
    "cen_loss": 1.4780861916542054,
    "cen_accuracy": 0.57275
  },
  "76": {
    "cen_loss": 1.510612675189972,
    "cen_accuracy": 0.57525
  },
  "77": {
    "cen_loss": 1.5023793921470643,
    "cen_accuracy": 0.572625
  },
  "78": {
    "cen_loss": 1.4365316376686097,
    "cen_accuracy": 0.58325
  },
  "79": {
    "cen_loss": 1.461328598499298,
    "cen_accuracy": 0.585
  },
  "80": {
    "cen_loss": 1.5945723133087157,
    "cen_accuracy": 0.5875
  },
  "81": {
    "cen_loss": 1.5336950702667236,
    "cen_accuracy": 0.570375
  },
  "82": {
    "cen_loss": 1.5099098567962645,
    "cen_accuracy": 0.57875
  },
  "83": {
    "cen_loss": 1.3726672897338867,
    "cen_accuracy": 0.57925
  },
  "84": {
    "cen_loss": 1.4305044355392456,
    "cen_accuracy": 0.583
  },
  "85": {
    "cen_loss": 1.4002662043571472,
    "cen_accuracy": 0.58525
  },
  "86": {
    "cen_loss": 1.4056494755744935,
    "cen_accuracy": 0.584125
  },
  "87": {
    "cen_loss": 1.4247798137664796,
    "cen_accuracy": 0.582
  },
  "88": {
    "cen_loss": 1.4159548449516297,
    "cen_accuracy": 0.58425
  },
  "89": {
    "cen_loss": 1.4613766608238221,
    "cen_accuracy": 0.581375
  },
  "90": {
    "cen_loss": 1.6530875091552735,
    "cen_accuracy": 0.57575
  },
  "91": {
    "cen_loss": 1.6530875091552735,
    "cen_accuracy": 0.57575
  },
  "92": {
    "cen_loss": 1.3702656831741333,
    "cen_accuracy": 0.59375
  },
  "93": {
    "cen_loss": 1.459072253704071,
    "cen_accuracy": 0.578875
  },
  "94": {
    "cen_loss": 1.3644955048561096,
    "cen_accuracy": 0.595875
  },
  "95": {
    "cen_loss": 1.3980416207313537,
    "cen_accuracy": 0.595375
  },
  "96": {
    "cen_loss": 1.3966627597808838,
    "cen_accuracy": 0.593
  },
  "97": {
    "cen_loss": 1.4382294125556945,
    "cen_accuracy": 0.58525
  },
  "98": {
    "cen_loss": 1.3956450042724609,
    "cen_accuracy": 0.594
  },
  "99": {
    "cen_loss": 1.38164244556427,
    "cen_accuracy": 0.595625
  },
  "100": {
    "cen_loss": 1.498050555229187,
    "cen_accuracy": 0.600875
  },
  "101": {
    "cen_loss": 1.3985540828704834,