{
  "0": {
    "cen_loss": 2.305413151931763,
    "cen_accuracy": 0.0978
  },
  "1": {
    "cen_loss": 2.305413151931763,
    "cen_accuracy": 0.0978
  },
  "2": {
    "cen_loss": 2.0735450929641726,
    "cen_accuracy": 0.2409
  },
  "3": {
    "cen_loss": 1.657802152442932,
    "cen_accuracy": 0.3998
  },
  "4": {
    "cen_loss": 1.6344323240280152,
    "cen_accuracy": 0.4241
  },
  "5": {
    "cen_loss": 1.6490125883102418,
    "cen_accuracy": 0.4352
  },
  "6": {
    "cen_loss": 1.5903515635490417,
    "cen_accuracy": 0.4581
  },
  "7": {
    "cen_loss": 1.620864510822296,
    "cen_accuracy": 0.4453
  },
  "8": {
    "cen_loss": 1.6185824114799499,
    "cen_accuracy": 0.4635
  },
  "9": {
    "cen_loss": 1.6400797448158264,
    "cen_accuracy": 0.4705
  },
  "10": {
    "cen_loss": 1.6398645435333252,
    "cen_accuracy": 0.4706
  },
  "11": {
    "cen_loss": 1.6205868180274963,
    "cen_accuracy": 0.4726
  },
  "12": {
    "cen_loss": 1.6268670209884644,
    "cen_accuracy": 0.4772
  },
  "13": {
    "cen_loss": 1.7594864568710327,
    "cen_accuracy": 0.468
  },
  "14": {
    "cen_loss": 1.629177947616577,
    "cen_accuracy": 0.4887
  },
  "15": {
    "cen_loss": 1.6613466534614563,
    "cen_accuracy": 0.4838
  },
  "16": {
    "cen_loss": 1.6906125201225282,
    "cen_accuracy": 0.4853
  },
  "17": {
    "cen_loss": 1.6762285287857055,
    "cen_accuracy": 0.4925
  },
  "18": {
    "cen_loss": 1.6920793753623962,
    "cen_accuracy": 0.4965
  },
  "19": {
    "cen_loss": 1.7072158136367799,
    "cen_accuracy": 0.4976
  },
  "20": {
    "cen_loss": 1.7072158247947693,
    "cen_accuracy": 0.4976
  },
  "21": {
    "cen_loss": 1.6997683305740356,
    "cen_accuracy": 0.4955
  },
  "22": {
    "cen_loss": 1.699281848526001,
    "cen_accuracy": 0.5063
  },
  "23": {
    "cen_loss": 1.7712595052719116,
    "cen_accuracy": 0.5004
  },
  "24": {
    "cen_loss": 1.7485859915733337,
    "cen_accuracy": 0.5048
  },
  "25": {
    "cen_loss": 1.739398147201538,
    "cen_accuracy": 0.5086
  },
  "26": {
    "cen_loss": 1.7044264568328857,
    "cen_accuracy": 0.514
  },
  "27": {
    "cen_loss": 1.7285359396457671,
    "cen_accuracy": 0.512
  },
  "28": {
    "cen_loss": 1.6947949897766112,
    "cen_accuracy": 0.5183
  },
  "29": {
    "cen_loss": 1.6259962388515472,
    "cen_accuracy": 0.517
  },
  "30": {
    "cen_loss": 1.6259962458133697,
    "cen_accuracy": 0.517
  },
  "31": {
    "cen_loss": 1.680434299659729,
    "cen_accuracy": 0.5206
  },
  "32": {
    "cen_loss": 1.695768230676651,
    "cen_accuracy": 0.5297
  },
  "33": {
    "cen_loss": 1.625626678276062,
    "cen_accuracy": 0.5331
  },
  "34": {
    "cen_loss": 1.6939207191467285,
    "cen_accuracy": 0.5244
  },
  "35": {
    "cen_loss": 1.6627073117256164,
    "cen_accuracy": 0.54
  },
  "36": {
    "cen_loss": 1.719283652448654,
    "cen_accuracy": 0.5326
  },
  "37": {
    "cen_loss": 1.7116064054489135,
    "cen_accuracy": 0.5318
  },
  "38": {
    "cen_loss": 1.7875945902824402,
    "cen_accuracy": 0.5226
  },
  "39": {
    "cen_loss": 1.6533421146392822,
    "cen_accuracy": 0.5258
  },
  "40": {
    "cen_loss": 1.6533421031951905,
    "cen_accuracy": 0.5258
  },
  "41": {
    "cen_loss": 1.6773307911872863,
    "cen_accuracy": 0.5351
  },
  "42": {
    "cen_loss": 1.678904438686371,
    "cen_accuracy": 0.5377
  },
  "43": {
    "cen_loss": 1.7043333739280702,
    "cen_accuracy": 0.5388
  },
  "44": {
    "cen_loss": 1.664189863204956,
    "cen_accuracy": 0.5348
  },
  "45": {
    "cen_loss": 1.6937604658603669,
    "cen_accuracy": 0.5342
  },
  "46": {
    "cen_loss": 1.7339969820022583,
    "cen_accuracy": 0.529
  },
  "47": {
    "cen_loss": 1.6850527648448943,
    "cen_accuracy": 0.5291
  },
  "48": {
    "cen_loss": 1.7651260164260865,
    "cen_accuracy": 0.5321
  },
  "49": {
    "cen_loss": 1.6708872465133666,
    "cen_accuracy": 0.5381
  },
  "50": {
    "cen_loss": 1.6708872452735901,
    "cen_accuracy": 0.5381
  },
  "51": {
    "cen_loss": 1.6878409264564513,
    "cen_accuracy": 0.5404
  },
  "52": {
    "cen_loss": 1.662036438035965,
    "cen_accuracy": 0.5332
  },
  "53": {
    "cen_loss": 1.702031711244583,
    "cen_accuracy": 0.5334
  },
  "54": {
    "cen_loss": 1.7752436029434204,
    "cen_accuracy": 0.5363
  },
  "55": {
    "cen_loss": 1.7356641298770905,
    "cen_accuracy": 0.5301
  },
  "56": {
    "cen_loss": 1.7671691212177276,
    "cen_accuracy": 0.5362
  },
  "57": {
    "cen_loss": 1.77066640291214,
    "cen_accuracy": 0.5399
  },
  "58": {
    "cen_loss": 1.691860931777954,
    "cen_accuracy": 0.5322
  },
  "59": {
    "cen_loss": 1.7910790608406066,
    "cen_accuracy": 0.54
  },
  "60": {
    "cen_loss": 1.7910790457725525,
    "cen_accuracy": 0.54
  },
  "61": {
    "cen_loss": 1.7394677411556243,
    "cen_accuracy": 0.5274
  },
  "62": {
    "cen_loss": 1.8096733654022217,
    "cen_accuracy": 0.534
  },
  "63": {
    "cen_loss": 1.7869923309326172,
    "cen_accuracy": 0.5305
  },
  "64": {
    "cen_loss": 1.7196569310188294,
    "cen_accuracy": 0.5302
  },
  "65": {
    "cen_loss": 1.7285578680038451,
    "cen_accuracy": 0.5397
  },
  "66": {
    "cen_loss": 1.7467438432216644,
    "cen_accuracy": 0.5349
  },
  "67": {
    "cen_loss": 1.7413397037506104,
    "cen_accuracy": 0.5389
  },
  "68": {
    "cen_loss": 1.7620178874969483,
    "cen_accuracy": 0.5326
  },
  "69": {
    "cen_loss": 1.7210461832523345,
    "cen_accuracy": 0.5472
  },
  "70": {
    "cen_loss": 1.7210461668729782,
    "cen_accuracy": 0.5472
  },
  "71": {
    "cen_loss": 1.8128214958190918,
    "cen_accuracy": 0.5347
  },
  "72": {
    "cen_loss": 1.7597702850341796,
    "cen_accuracy": 0.5373
  },
  "73": {
    "cen_loss": 1.7439743342399596,
    "cen_accuracy": 0.533
  },
  "74": {
    "cen_loss": 1.7769946197509765,
    "cen_accuracy": 0.5409
  },
  "75": {
    "cen_loss": 1.745278839159012,
    "cen_accuracy": 0.5388
  },
  "76": {
    "cen_loss": 1.7786819555282594,
    "cen_accuracy": 0.5393
  },
  "77": {
    "cen_loss": 1.723964549255371,
    "cen_accuracy": 0.548
  },
  "78": {
    "cen_loss": 1.616252126121521,
    "cen_accuracy": 0.5453
  },
  "79": {
    "cen_loss": 1.7624345143318176,
    "cen_accuracy": 0.5352
  },
  "80": {
    "cen_loss": 1.7624344892978667,
    "cen_accuracy": 0.5352
  },
  "81": {
    "cen_loss": 1.7114876421451568,
    "cen_accuracy": 0.5454
  },
  "82": {
    "cen_loss": 1.7364128635883331,
    "cen_accuracy": 0.5445
  },
  "83": {
    "cen_loss": 1.7432764904499054,
    "cen_accuracy": 0.5462
  },
  "84": {
    "cen_loss": 1.6844910758972167,
    "cen_accuracy": 0.5415
  },
  "85": {
    "cen_loss": 1.7084156121253968,
    "cen_accuracy": 0.5502
  },
  "86": {
    "cen_loss": 1.7638804843902587,
    "cen_accuracy": 0.5476
  },
  "87": {
    "cen_loss": 1.7508410004615784,
    "cen_accuracy": 0.5425
  },
  "88": {
    "cen_loss": 1.7005729979038238,
    "cen_accuracy": 0.5475
  },
  "89": {
    "cen_loss": 1.6620711424350738,
    "cen_accuracy": 0.5519
  },
  "90": {
    "cen_loss": 1.6620711689472198,
    "cen_accuracy": 0.5519
  },
  "91": {
    "cen_loss": 1.7486380754470825,
    "cen_accuracy": 0.5565
  },
  "92": {
    "cen_loss": 1.7047338101387024,
    "cen_accuracy": 0.5532
  },
  "93": {
    "cen_loss": 1.7320819143772126,
    "cen_accuracy": 0.5446
  },
  "94": {
    "cen_loss": 1.8005944244861602,
    "cen_accuracy": 0.5474
  },
  "95": {
    "cen_loss": 1.7945234892845154,
    "cen_accuracy": 0.5389
  },
  "96": {
    "cen_loss": 1.754193205523491,
    "cen_accuracy": 0.5496
  },
  "97": {
    "cen_loss": 1.7031541481971741,
    "cen_accuracy": 0.549
  },
  "98": {
    "cen_loss": 1.850819961452484,
    "cen_accuracy": 0.5385
  },
  "99": {
    "cen_loss": 1.7749712399482727,
    "cen_accuracy": 0.5444
  },
  "100": {
    "cen_loss": 1.774971262741089,
    "cen_accuracy": 0.5444
  },
  "101": {
    "cen_loss": 1.8017030854940415,
    "cen_accuracy": 0.5538
  }
}