{
  "0": {
    "cen_loss": 2.3026963844299315,
    "cen_accuracy": 0.098
  },
  "1": {
    "cen_loss": 2.3026963844299315,
    "cen_accuracy": 0.098
  },
  "2": {
    "cen_loss": 2.3242335090637205,
    "cen_accuracy": 0.09725
  },
  "3": {
    "cen_loss": 2.3563540382385253,
    "cen_accuracy": 0.100625
  },
  "4": {
    "cen_loss": 2.405002477645874,
    "cen_accuracy": 0.099375
  },
  "5": {
    "cen_loss": 2.4560114593505857,
    "cen_accuracy": 0.09375
  },
  "6": {
    "cen_loss": 2.6005343074798586,
    "cen_accuracy": 0.099375
  },
  "7": {
    "cen_loss": 2.669470153808594,
    "cen_accuracy": 0.129375
  },
  "8": {
    "cen_loss": 2.6888233852386474,
    "cen_accuracy": 0.105
  },
  "9": {
    "cen_loss": 2.1294044723510743,
    "cen_accuracy": 0.21825
  },
  "10": {
    "cen_loss": 1.8265946683883667,
    "cen_accuracy": 0.3305
  },
  "11": {
    "cen_loss": 2.0572367582321167,
    "cen_accuracy": 0.233125
  },
  "12": {
    "cen_loss": 1.710625228881836,
    "cen_accuracy": 0.345625
  },
  "13": {
    "cen_loss": 1.6813936824798583,
    "cen_accuracy": 0.389
  },
  "14": {
    "cen_loss": 1.645334439277649,
    "cen_accuracy": 0.401875
  },
  "15": {
    "cen_loss": 1.5833724899291992,
    "cen_accuracy": 0.446125
  },
  "16": {
    "cen_loss": 1.6599084482192994,
    "cen_accuracy": 0.457375
  },
  "17": {
    "cen_loss": 1.5437873821258545,
    "cen_accuracy": 0.452
  },
  "18": {
    "cen_loss": 1.634766040802002,
    "cen_accuracy": 0.463875
  },
  "19": {
    "cen_loss": 1.5665047063827515,
    "cen_accuracy": 0.482375
  },
  "20": {
    "cen_loss": 1.7191522006988524,
    "cen_accuracy": 0.49275
  },
  "21": {
    "cen_loss": 1.5792285385131837,
    "cen_accuracy": 0.488875
  },
  "22": {
    "cen_loss": 1.5767563304901122,
    "cen_accuracy": 0.48875
  },
  "23": {
    "cen_loss": 1.602139567375183,
    "cen_accuracy": 0.493375
  },
  "24": {
    "cen_loss": 1.56388099193573,
    "cen_accuracy": 0.490375
  },
  "25": {
    "cen_loss": 1.6047948484420775,
    "cen_accuracy": 0.49725
  },
  "26": {
    "cen_loss": 1.5622811479568481,
    "cen_accuracy": 0.50875
  },
  "27": {
    "cen_loss": 1.5299141960144043,
    "cen_accuracy": 0.52425
  },
  "28": {
    "cen_loss": 1.4649893407821655,
    "cen_accuracy": 0.532625
  },
  "29": {
    "cen_loss": 1.5591660995483398,
    "cen_accuracy": 0.515625
  },
  "30": {
    "cen_loss": 1.7673809461593628,
    "cen_accuracy": 0.5155
  },
  "31": {
    "cen_loss": 1.5494724559783934,
    "cen_accuracy": 0.517875
  },
  "32": {
    "cen_loss": 1.491167293548584,
    "cen_accuracy": 0.53775
  },
  "33": {
    "cen_loss": 1.4542544031143187,
    "cen_accuracy": 0.5305
  },
  "34": {
    "cen_loss": 1.4614330825805664,
    "cen_accuracy": 0.534375
  },
  "35": {
    "cen_loss": 1.4852747297286988,
    "cen_accuracy": 0.5385
  },
  "36": {
    "cen_loss": 1.495935791015625,
    "cen_accuracy": 0.526875
  },
  "37": {
    "cen_loss": 1.4534286308288573,
    "cen_accuracy": 0.534375
  },
  "38": {
    "cen_loss": 1.4108298606872558,
    "cen_accuracy": 0.556375
  },
  "39": {
    "cen_loss": 1.4289985961914062,
    "cen_accuracy": 0.554
  },
  "40": {
    "cen_loss": 1.5840804777145385,
    "cen_accuracy": 0.5595
  },
  "41": {
    "cen_loss": 1.4600758862495422,
    "cen_accuracy": 0.541375
  },
  "42": {
    "cen_loss": 1.4466864466667175,
    "cen_accuracy": 0.555375
  },
  "43": {
    "cen_loss": 1.411104296684265,
    "cen_accuracy": 0.559375
  },
  "44": {
    "cen_loss": 1.418691343307495,
    "cen_accuracy": 0.568375
  },
  "45": {
    "cen_loss": 1.338591010570526,
    "cen_accuracy": 0.5755
  },
  "46": {
    "cen_loss": 1.4206139216423035,
    "cen_accuracy": 0.55775
  },
  "47": {
    "cen_loss": 1.377887086391449,
    "cen_accuracy": 0.569625
  },
  "48": {
    "cen_loss": 1.4100730514526367,
    "cen_accuracy": 0.572125
  },
  "49": {
    "cen_loss": 1.437165198326111,
    "cen_accuracy": 0.56775
  },
  "50": {
    "cen_loss": 1.7194011259078978,
    "cen_accuracy": 0.5495
  },
  "51": {
    "cen_loss": 1.7194011259078978,
    "cen_accuracy": 0.5495
  },
  "52": {
    "cen_loss": 1.4302861795425414,
    "cen_accuracy": 0.551375
  },
  "53": {
    "cen_loss": 1.3218206963539123,
    "cen_accuracy": 0.583875
  },
  "54": {
    "cen_loss": 1.4088014187812805,
    "cen_accuracy": 0.569125
  },
  "55": {
    "cen_loss": 1.3576835403442382,
    "cen_accuracy": 0.58325
  },
  "56": {
    "cen_loss": 1.3426117587089539,
    "cen_accuracy": 0.59125
  },
  "57": {
    "cen_loss": 1.3568933029174806,
    "cen_accuracy": 0.588375
  },
  "58": {
    "cen_loss": 1.34667134141922,
    "cen_accuracy": 0.58725
  },
  "59": {
    "cen_loss": 1.3906121892929078,
    "cen_accuracy": 0.578875
  },
  "60": {
    "cen_loss": 1.6164463171958923,
    "cen_accuracy": 0.572375
  },
  "61": {
    "cen_loss": 1.3096425199508668,
    "cen_accuracy": 0.593625
  },
  "62": {
    "cen_loss": 1.329050793647766,
    "cen_accuracy": 0.588125
  },
  "63": {
    "cen_loss": 1.3922218518257141,
    "cen_accuracy": 0.585125
  },
  "64": {
    "cen_loss": 1.415614230632782,
    "cen_accuracy": 0.571375
  },
  "65": {
    "cen_loss": 1.3469971661567688,
    "cen_accuracy": 0.590875
  },
  "66": {
    "cen_loss": 1.3372407550811767,
    "cen_accuracy": 0.59325
  },
  "67": {
    "cen_loss": 1.4561984391212464,
    "cen_accuracy": 0.571
  },
  "68": {
    "cen_loss": 1.3954153995513916,
    "cen_accuracy": 0.58625
  },
  "69": {
    "cen_loss": 1.3293186268806458,
    "cen_accuracy": 0.598625
  },
  "70": {
    "cen_loss": 1.6035157327651977,
    "cen_accuracy": 0.58575
  },
  "71": {
    "cen_loss": 1.3648151192665101,
    "cen_accuracy": 0.58675
  },
  "72": {
    "cen_loss": 1.4219332208633424,
    "cen_accuracy": 0.58
  },
  "73": {
    "cen_loss": 1.3162520723342896,
    "cen_accuracy": 0.604875
  },
  "74": {
    "cen_loss": 1.4416631412506105,
    "cen_accuracy": 0.57475
  },
  "75": {
    "cen_loss": 1.4148327045440674,
    "cen_accuracy": 0.5885
  },
  "76": {
    "cen_loss": 1.315796865940094,
    "cen_accuracy": 0.60575
  },
  "77": {
    "cen_loss": 1.376943603992462,
    "cen_accuracy": 0.589
  },
  "78": {
    "cen_loss": 1.3498195214271544,
    "cen_accuracy": 0.601125
  },
  "79": {
    "cen_loss": 1.3518849577903747,
    "cen_accuracy": 0.60175
  },
  "80": {
    "cen_loss": 1.5310201692581176,
    "cen_accuracy": 0.59225
  },
  "81": {
    "cen_loss": 1.3371627721786499,
    "cen_accuracy": 0.6035
  },
  "82": {
    "cen_loss": 1.4166105990409852,
    "cen_accuracy": 0.593125
  },
  "83": {
    "cen_loss": 1.3158913478851317,
    "cen_accuracy": 0.604375
  },
  "84": {
    "cen_loss": 1.3374465169906615,
    "cen_accuracy": 0.609875
  },
  "85": {
    "cen_loss": 1.3218640546798706,
    "cen_accuracy": 0.603875
  },
  "86": {
    "cen_loss": 1.388726224899292,
    "cen_accuracy": 0.5915
  },
  "87": {
    "cen_loss": 1.3781013789176941,
    "cen_accuracy": 0.60525
  },
  "88": {
    "cen_loss": 1.2869417943954469,
    "cen_accuracy": 0.617125
  },
  "89": {
    "cen_loss": 1.414670373916626,
    "cen_accuracy": 0.59825
  },
  "90": {
    "cen_loss": 1.571248394012451,
    "cen_accuracy": 0.59175
  },
  "91": {
    "cen_loss": 1.3373188710212707,
    "cen_accuracy": 0.604625
  },
  "92": {
    "cen_loss": 1.3742884125709534,
    "cen_accuracy": 0.606875
  },
  "93": {
    "cen_loss": 1.2784178404808044,
    "cen_accuracy": 0.608875
  },
  "94": {
    "cen_loss": 1.2701898756027221,
    "cen_accuracy": 0.60775
  },
  "95": {
    "cen_loss": 1.3131476140022278,
    "cen_accuracy": 0.61425
  },
  "96": {
    "cen_loss": 1.2727089591026306,
    "cen_accuracy": 0.6195
  },
  "97": {
    "cen_loss": 1.3645584902763366,
    "cen_accuracy": 0.60975
  },
  "98": {
    "cen_loss": 1.2698027458190917,
    "cen_accuracy": 0.62525
  },
  "99": {
    "cen_loss": 1.3492740578651428,
    "cen_accuracy": 0.6125
  },
  "100": {
    "cen_loss": 1.5182632079124452,
    "cen_accuracy": 0.607125
  },