{
  "2": {
    "total_mJ": 983707215.0860304,
    "total_ceq": 114.52584741048094,
    "num_expired_thresh": 0,
    "num_depleted": 0,
    "num_transmited_bytes": 787312064
  },
  "3": {
    "total_mJ": 995400910.1320486,
    "total_ceq": 115.88489900344617,
    "num_expired_thresh": 0,
    "num_depleted": 0,
    "num_transmited_bytes": 787312064
  },
  "4": {
    "total_mJ": 1156705134.45929,
    "total_ceq": 134.92839575921937,
    "num_expired_thresh": 0,
    "num_depleted": 0,
    "num_transmited_bytes": 787312064
  },
  "5": {
    "total_mJ": 1075462794.8533318,
    "total_ceq": 125.38588087209553,
    "num_expired_thresh": 0,
    "num_depleted": 0,
    "num_transmited_bytes": 787312064
  },
  "6": {
    "total_mJ": 948651374.3126525,
    "total_ceq": 110.15978213427245,
    "num_expired_thresh": 0,
    "num_depleted": 0,
    "num_transmited_bytes": 787312064
  },
  "7": {
    "total_mJ": 1107614338.8504739,
    "total_ceq": 129.13740085587764,
    "num_expired_thresh": 0,
    "num_depleted": 0,
    "num_transmited_bytes": 787312064
  },
  "8": {
    "total_mJ": 1120409964.999689,
    "total_ceq": 130.33493332501322,
    "num_expired_thresh": 0,
    "num_depleted": 0,
    "num_transmited_bytes": 787312064
  },
  "9": {
    "total_mJ": 1096056965.5773616,
    "total_ceq": 127.76036440773197,
    "num_expired_thresh": 0,
    "num_depleted": 0,
    "num_transmited_bytes": 787312064
  },
  "10": {
    "total_mJ": 1080941721.7859824,
    "total_ceq": 125.99019060265896,
    "num_expired_thresh": 0,
    "num_depleted": 0,
    "num_transmited_bytes": 787312064
  },
  "11": {
    "total_mJ": 1071661990.7524339,
    "total_ceq": 124.75740106728915,
    "num_expired_thresh": 0,
    "num_depleted": 0,
    "num_transmited_bytes": 787312064
  },
  "12": {
    "total_mJ": 727805903.6528509,
    "total_ceq": 84.50899652307574,
    "num_expired_thresh": 0,
    "num_depleted": 0,
    "num_transmited_bytes": 787312064
  },
  "13": {
    "total_mJ": 914764944.3014299,
    "total_ceq": 106.61554293840204,
    "num_expired_thresh": 0,
    "num_depleted": 0,
    "num_transmited_bytes": 787312064
  },
  "14": {
    "total_mJ": 1045561483.1522202,
    "total_ceq": 121.85941979362548,
    "num_expired_thresh": 0,
    "num_depleted": 0,
    "num_transmited_bytes": 787312064
  },
  "15": {
    "total_mJ": 999454176.6315783,
    "total_ceq": 116.39107514373039,
    "num_expired_thresh": 0,
    "num_depleted": 0,
    "num_transmited_bytes": 787312064
  },
  "16": {
    "total_mJ": 960266273.985658,
    "total_ceq": 111.95197344824714,
    "num_expired_thresh": 0,
    "num_depleted": 0,
    "num_transmited_bytes": 787312064
  },
  "17": {
    "total_mJ": 1165409815.6054106,
    "total_ceq": 135.6646074488531,
    "num_expired_thresh": 0,
    "num_depleted": 0,
    "num_transmited_bytes": 787312064
  },
  "18": {
    "total_mJ": 806368471.7371991,
    "total_ceq": 93.84125581917769,
    "num_expired_thresh": 0,
    "num_depleted": 0,
    "num_transmited_bytes": 787312064
  },
  "19": {
    "total_mJ": 1075254478.7967393,
    "total_ceq": 125.20575371063842,
    "num_expired_thresh": 0,
    "num_depleted": 0,
    "num_transmited_bytes": 787312064
  },
  "20": {
    "total_mJ": 1087144998.5466964,
    "total_ceq": 126.58210904781396,
    "num_expired_thresh": 0,
    "num_depleted": 0,
    "num_transmited_bytes": 787312064
  },
  "21": {
    "total_mJ": 823364210.2517937,
    "total_ceq": 96.22083074680937,
    "num_expired_thresh": 0,
    "num_depleted": 0,
    "num_transmited_bytes": 787312064
  },
  "22": {
    "total_mJ": 1156122097.0495348,
    "total_ceq": 134.81612604226353,
    "num_expired_thresh": 0,
    "num_depleted": 0,
    "num_transmited_bytes": 787312064
  },
  "23": {
    "total_mJ": 993628147.5374238,
    "total_ceq": 115.57469107456375,
    "num_expired_thresh": 0,
    "num_depleted": 0,
    "num_transmited_bytes": 787312064
  },
  "24": {
    "total_mJ": 1121425282.4464214,
    "total_ceq": 130.9556636569355,
    "num_expired_thresh": 0,
    "num_depleted": 0,
    "num_transmited_bytes": 787312064
  },
  "25": {
    "total_mJ": 1188282781.3291144,
    "total_ceq": 138.46725803375782,
    "num_expired_thresh": 0,
    "num_depleted": 0,
    "num_transmited_bytes": 787312064
  },
  "26": {
    "total_mJ": 949999491.9142759,
    "total_ceq": 110.66184250588825,
    "num_expired_thresh": 0,
    "num_depleted": 0,
    "num_transmited_bytes": 787312064
  },
  "27": {
    "total_mJ": 756815386.82809,
    "total_ceq": 88.21795314882696,
    "num_expired_thresh": 0,
    "num_depleted": 0,
    "num_transmited_bytes": 787312064
  },
  "28": {
    "total_mJ": 819681484.1450169,
    "total_ceq": 95.4015388442762,
    "num_expired_thresh": 0,
    "num_depleted": 0,
    "num_transmited_bytes": 787312064
  },
  "29": {
    "total_mJ": 775456352.7273918,
    "total_ceq": 90.38683931500057,
    "num_expired_thresh": 0,
    "num_depleted": 0,
    "num_transmited_bytes": 787312064
  },
  "30": {
    "total_mJ": 1110102955.8359118,
    "total_ceq": 129.1839735874247,
    "num_expired_thresh": 0,
    "num_depleted": 0,
    "num_transmited_bytes": 787312064
  },
  "31": {
    "total_mJ": 844717073.268179,
    "total_ceq": 98.3417401666857,
    "num_expired_thresh": 0,
    "num_depleted": 0,
    "num_transmited_bytes": 787312064
  },
  "32": {
    "total_mJ": 1019554156.7667624,
    "total_ceq": 118.80858962523071,
    "num_expired_thresh": 0,
    "num_depleted": 0,
    "num_transmited_bytes": 787312064
  },
  "33": {
    "total_mJ": 934032651.8824322,
    "total_ceq": 109.07106794025427,
    "num_expired_thresh": 0,
    "num_depleted": 0,
    "num_transmited_bytes": 787312064
  },
  "34": {
    "total_mJ": 1033433341.8215984,
    "total_ceq": 120.12193983470151,
    "num_expired_thresh": 0,
    "num_depleted": 0,
    "num_transmited_bytes": 787312064
  },
  "35": {
    "total_mJ": 1128746333.5024,
    "total_ceq": 131.5301337348307,
    "num_expired_thresh": 0,
    "num_depleted": 0,
    "num_transmited_bytes": 787312064
  },
  "36": {
    "total_mJ": 934855404.1888773,
    "total_ceq": 108.77878979957735,
    "num_expired_thresh": 0,
    "num_depleted": 0,
    "num_transmited_bytes": 787312064
  },
  "37": {
    "total_mJ": 647698298.0776508,
    "total_ceq": 75.22745319006192,
    "num_expired_thresh": 0,
    "num_depleted": 0,
    "num_transmited_bytes": 787312064
  },
  "38": {
    "total_mJ": 823134419.4257172,
    "total_ceq": 95.70362409532667,
    "num_expired_thresh": 0,
    "num_depleted": 0,
    "num_transmited_bytes": 787312064
  },
  "39": {
    "total_mJ": 1012129015.7108363,
    "total_ceq": 117.87029824089944,
    "num_expired_thresh": 0,
    "num_depleted": 0,
    "num_transmited_bytes": 787312064
  },
  "40": {
    "total_mJ": 970744808.4658266,
    "total_ceq": 112.97878154495285,
    "num_expired_thresh": 0,
    "num_depleted": 0,
    "num_transmited_bytes": 787312064
  },
  "41": {
    "total_mJ": 1182943779.2746303,
    "total_ceq": 137.60938399963808,
    "num_expired_thresh": 0,
    "num_depleted": 0,
    "num_transmited_bytes": 787312064
  },
  "42": {
    "total_mJ": 925608284.2343248,
    "total_ceq": 107.79399533585992,
    "num_expired_thresh": 0,
    "num_depleted": 0,
    "num_transmited_bytes": 787312064
  },
  "43": {
    "total_mJ": 679670996.4629996,
    "total_ceq": 79.24679334265034,
    "num_expired_thresh": 0,
    "num_depleted": 0,
    "num_transmited_bytes": 787312064
  },
  "44": {
    "total_mJ": 860410270.911109,
    "total_ceq": 100.2311071599344,
    "num_expired_thresh": 0,
    "num_depleted": 0,
    "num_transmited_bytes": 787312064
  },
  "45": {
    "total_mJ": 959288494.8507152,
    "total_ceq": 111.76689068654149,
    "num_expired_thresh": 0,
    "num_depleted": 0,
    "num_transmited_bytes": 787312064
  },
  "46": {
    "total_mJ": 965829374.8651798,
    "total_ceq": 112.49046668961648,
    "num_expired_thresh": 0,
    "num_depleted": 0,
    "num_transmited_bytes": 787312064
  },
  "47": {
    "total_mJ": 1046426754.5150689,