{
  "0": {
    "cen_loss": 2.302716353225708,
    "cen_accuracy": 0.1
  },
  "1": {
    "cen_loss": 2.302716353225708,
    "cen_accuracy": 0.1
  },
  "2": {
    "cen_loss": 2.757758102798462,
    "cen_accuracy": 0.1
  },
  "3": {
    "cen_loss": 4.907200952148438,
    "cen_accuracy": 0.1
  },
  "4": {
    "cen_loss": 6.008224452209473,
    "cen_accuracy": 0.1
  },
  "5": {
    "cen_loss": 6.007410932159424,
    "cen_accuracy": 0.1
  },
  "6": {
    "cen_loss": 3.615843134689331,
    "cen_accuracy": 0.1966
  },
  "7": {
    "cen_loss": 3.0812456211090087,
    "cen_accuracy": 0.1673
  },
  "8": {
    "cen_loss": 4.121104591941833,
    "cen_accuracy": 0.2861
  },
  "9": {
    "cen_loss": 3.3921513662338256,
    "cen_accuracy": 0.2295
  },
  "10": {
    "cen_loss": 2.9322587337493897,
    "cen_accuracy": 0.22
  },
  "11": {
    "cen_loss": 2.6976667812347412,
    "cen_accuracy": 0.1981
  },
  "12": {
    "cen_loss": 2.2977238429069518,
    "cen_accuracy": 0.3017
  },
  "13": {
    "cen_loss": 2.195730107784271,
    "cen_accuracy": 0.285
  },
  "14": {
    "cen_loss": 3.345591627120972,
    "cen_accuracy": 0.2528
  },
  "15": {
    "cen_loss": 1.8335205635070801,
    "cen_accuracy": 0.4173
  },
  "16": {
    "cen_loss": 1.7620672179222108,
    "cen_accuracy": 0.386
  },
  "17": {
    "cen_loss": 2.9485801778793337,
    "cen_accuracy": 0.3316
  },
  "18": {
    "cen_loss": 1.7830946188926697,
    "cen_accuracy": 0.3922
  },
  "19": {
    "cen_loss": 2.851295269203186,
    "cen_accuracy": 0.2817
  },
  "20": {
    "cen_loss": 3.3608257850646974,
    "cen_accuracy": 0.1909
  },
  "21": {
    "cen_loss": 2.6002355276107787,
    "cen_accuracy": 0.3476
  },
  "22": {
    "cen_loss": 2.413887762641907,
    "cen_accuracy": 0.3591
  },
  "23": {
    "cen_loss": 1.9869988235473632,
    "cen_accuracy": 0.354
  },
  "24": {
    "cen_loss": 2.5251078735351564,
    "cen_accuracy": 0.3311
  },
  "25": {
    "cen_loss": 1.6675287981033324,
    "cen_accuracy": 0.4348
  },
  "26": {
    "cen_loss": 1.8540928838729858,
    "cen_accuracy": 0.4028
  },
  "27": {
    "cen_loss": 2.446196612548828,
    "cen_accuracy": 0.3321
  },
  "28": {
    "cen_loss": 1.5574967281341552,
    "cen_accuracy": 0.4701
  },
  "29": {
    "cen_loss": 1.8458407541275024,
    "cen_accuracy": 0.4692
  },
  "30": {
    "cen_loss": 1.457214163684845,
    "cen_accuracy": 0.5129
  },
  "31": {
    "cen_loss": 2.305297804641724,
    "cen_accuracy": 0.3972
  },
  "32": {
    "cen_loss": 1.9269221784591675,
    "cen_accuracy": 0.4433
  },
  "33": {
    "cen_loss": 2.132988333034515,
    "cen_accuracy": 0.3668
  },
  "34": {
    "cen_loss": 4.825588926315308,
    "cen_accuracy": 0.2983
  },
  "35": {
    "cen_loss": 1.6510055082321167,
    "cen_accuracy": 0.4445
  },
  "36": {
    "cen_loss": 1.8496232523918152,
    "cen_accuracy": 0.3824
  },
  "37": {
    "cen_loss": 1.867625613117218,
    "cen_accuracy": 0.4177
  },
  "38": {
    "cen_loss": 2.0643399900436403,
    "cen_accuracy": 0.4053
  },
  "39": {
    "cen_loss": 2.911296750164032,
    "cen_accuracy": 0.3247
  },
  "40": {
    "cen_loss": 2.3694159315109253,
    "cen_accuracy": 0.4284
  },
  "41": {
    "cen_loss": 1.4857208062171936,
    "cen_accuracy": 0.5259
  },
  "42": {
    "cen_loss": 1.490865472984314,
    "cen_accuracy": 0.5107
  },
  "43": {
    "cen_loss": 1.8510049036026002,
    "cen_accuracy": 0.4491
  },
  "44": {
    "cen_loss": 1.9079036655426025,
    "cen_accuracy": 0.4203
  },
  "45": {
    "cen_loss": 1.9846832347869874,
    "cen_accuracy": 0.4649
  },
  "46": {
    "cen_loss": 2.5498236209869383,
    "cen_accuracy": 0.3466
  },
  "47": {
    "cen_loss": 1.1543159890651702,
    "cen_accuracy": 0.6012
  },
  "48": {
    "cen_loss": 1.3013339102745056,
    "cen_accuracy": 0.5719
  },
  "49": {
    "cen_loss": 1.8815006978988646,
    "cen_accuracy": 0.448
  },
  "50": {
    "cen_loss": 1.8331570035934448,
    "cen_accuracy": 0.4616
  },
  "51": {
    "cen_loss": 1.9945832184791565,
    "cen_accuracy": 0.446
  },
  "52": {
    "cen_loss": 2.3394106778144836,
    "cen_accuracy": 0.4139
  },
  "53": {
    "cen_loss": 2.308656430530548,
    "cen_accuracy": 0.3994
  },
  "54": {
    "cen_loss": 1.487060865688324,
    "cen_accuracy": 0.5448
  },
  "55": {
    "cen_loss": 1.2891161263942719,
    "cen_accuracy": 0.5989
  },
  "56": {
    "cen_loss": 2.0823164632320403,
    "cen_accuracy": 0.4038
  },
  "57": {
    "cen_loss": 1.6638828839302062,
    "cen_accuracy": 0.5109
  },
  "58": {
    "cen_loss": 2.4888073808670046,
    "cen_accuracy": 0.3772
  },
  "59": {
    "cen_loss": 2.128386488246918,
    "cen_accuracy": 0.4259
  },
  "60": {
    "cen_loss": 1.6563546642303466,
    "cen_accuracy": 0.4942
  },
  "61": {
    "cen_loss": 1.6787053154945373,
    "cen_accuracy": 0.4763
  },
  "62": {
    "cen_loss": 2.90577453289032,
    "cen_accuracy": 0.3111
  },
  "63": {
    "cen_loss": 1.3132816157817842,
    "cen_accuracy": 0.5664
  },
  "64": {
    "cen_loss": 2.661006385231018,
    "cen_accuracy": 0.3776
  },
  "65": {
    "cen_loss": 2.2206942393302915,
    "cen_accuracy": 0.3919
  },
  "66": {
    "cen_loss": 1.6757334476947785,
    "cen_accuracy": 0.477
  },
  "67": {
    "cen_loss": 1.6732325543880462,
    "cen_accuracy": 0.5014
  },
  "68": {
    "cen_loss": 1.761714772605896,
    "cen_accuracy": 0.4764
  },
  "69": {
    "cen_loss": 1.8845364417076111,
    "cen_accuracy": 0.4898
  },
  "70": {
    "cen_loss": 1.5778188358783722,
    "cen_accuracy": 0.5153
  },
  "71": {
    "cen_loss": 1.5121838920593262,
    "cen_accuracy": 0.5215
  },
  "72": {
    "cen_loss": 2.2526851284980776,
    "cen_accuracy": 0.3728
  },
  "73": {
    "cen_loss": 2.0017946959495543,
    "cen_accuracy": 0.4065
  },
  "74": {
    "cen_loss": 1.779537427330017,
    "cen_accuracy": 0.4722
  },
  "75": {
    "cen_loss": 2.2392099061965944,
    "cen_accuracy": 0.3942
  },
  "76": {
    "cen_loss": 2.136314831018448,
    "cen_accuracy": 0.4878
  },
  "77": {
    "cen_loss": 2.4334374389648437,
    "cen_accuracy": 0.3852
  },
  "78": {
    "cen_loss": 2.286030542755127,
    "cen_accuracy": 0.3988
  },
  "79": {
    "cen_loss": 3.1618483861923217,
    "cen_accuracy": 0.3152
  },
  "80": {
    "cen_loss": 1.3953716773509979,
    "cen_accuracy": 0.5542
  },
  "81": {
    "cen_loss": 2.6757276597976682,
    "cen_accuracy": 0.364
  },
  "82": {
    "cen_loss": 1.8584399406433105,
    "cen_accuracy": 0.4578
  },
  "83": {
    "cen_loss": 1.2215080184459686,
    "cen_accuracy": 0.5855
  },
  "84": {
    "cen_loss": 1.4852260848522185,
    "cen_accuracy": 0.5299
  },
  "85": {
    "cen_loss": 1.7681488542556762,
    "cen_accuracy": 0.4752
  },
  "86": {
    "cen_loss": 2.0495653059959413,
    "cen_accuracy": 0.4328
  },
  "87": {
    "cen_loss": 1.499130124759674,
    "cen_accuracy": 0.5341
  },
  "88": {
    "cen_loss": 2.890787939071655,
    "cen_accuracy": 0.366
  },
  "89": {
    "cen_loss": 2.8468302171707154,
    "cen_accuracy": 0.3513
  },
  "90": {
    "cen_loss": 1.6351647580623627,
    "cen_accuracy": 0.5185
  },
  "91": {
    "cen_loss": 1.7396811135292054,
    "cen_accuracy": 0.53
  },
  "92": {
    "cen_loss": 2.243352502632141,
    "cen_accuracy": 0.364
  },
  "93": {
    "cen_loss": 2.477634166908264,
    "cen_accuracy": 0.389
  },
  "94": {
    "cen_loss": 1.645872467327118,
    "cen_accuracy": 0.5483
  },
  "95": {
    "cen_loss": 2.0502200319290163,
    "cen_accuracy": 0.4068
  },
  "96": {
    "cen_loss": 1.9392258715629578,
    "cen_accuracy": 0.4725
  },
  "97": {
    "cen_loss": 1.6400103727340698,
    "cen_accuracy": 0.5066
  },
  "98": {
    "cen_loss": 1.180520763015747,
    "cen_accuracy": 0.621
  },
  "99": {
    "cen_loss": 1.7478284545898437,
    "cen_accuracy": 0.4682
  },
  "100": {
    "cen_loss": 1.4615459671974182,
    "cen_accuracy": 0.5521
  },
  "101": {
    "cen_loss": 1.5349984842777251,
    "cen_accuracy": 0.578
  }
}