{
  "0": {
    "cen_loss": 2.3026963844299315,
    "cen_accuracy": 0.098
  },
  "1": {
    "cen_loss": 2.3026963844299315,
    "cen_accuracy": 0.098
  },
  "2": {
    "cen_loss": 2.3624755630493164,
    "cen_accuracy": 0.099375
  },
  "3": {
    "cen_loss": 2.3670066738128663,
    "cen_accuracy": 0.101125
  },
  "4": {
    "cen_loss": 2.4097608757019042,
    "cen_accuracy": 0.09725
  },
  "5": {
    "cen_loss": 2.5703381271362304,
    "cen_accuracy": 0.100625
  },
  "6": {
    "cen_loss": 2.752122127532959,
    "cen_accuracy": 0.099125
  },
  "7": {
    "cen_loss": 2.653097423553467,
    "cen_accuracy": 0.099125
  },
  "8": {
    "cen_loss": 2.4120384731292726,
    "cen_accuracy": 0.158875
  },
  "9": {
    "cen_loss": 2.1546203813552856,
    "cen_accuracy": 0.17475
  },
  "10": {
    "cen_loss": 1.7699754467010498,
    "cen_accuracy": 0.331875
  },
  "11": {
    "cen_loss": 1.8649552869796753,
    "cen_accuracy": 0.302625
  },
  "12": {
    "cen_loss": 1.7607632637023927,
    "cen_accuracy": 0.34975
  },
  "13": {
    "cen_loss": 1.778491683959961,
    "cen_accuracy": 0.345625
  },
  "14": {
    "cen_loss": 1.6431147603988647,
    "cen_accuracy": 0.407875
  },
  "15": {
    "cen_loss": 1.6460069828033448,
    "cen_accuracy": 0.42875
  },
  "16": {
    "cen_loss": 1.5985291299819946,
    "cen_accuracy": 0.435375
  },
  "17": {
    "cen_loss": 1.6315999956130982,
    "cen_accuracy": 0.4495
  },
  "18": {
    "cen_loss": 1.582294280052185,
    "cen_accuracy": 0.4555
  },
  "19": {
    "cen_loss": 1.6034352884292602,
    "cen_accuracy": 0.4715
  },
  "20": {
    "cen_loss": 1.9985340137481689,
    "cen_accuracy": 0.45275
  },
  "21": {
    "cen_loss": 1.6853217515945436,
    "cen_accuracy": 0.452125
  },
  "22": {
    "cen_loss": 1.6094385080337525,
    "cen_accuracy": 0.48
  },
  "23": {
    "cen_loss": 1.568787425994873,
    "cen_accuracy": 0.49475
  },
  "24": {
    "cen_loss": 1.6196503992080689,
    "cen_accuracy": 0.488875
  },
  "25": {
    "cen_loss": 1.6376579189300537,
    "cen_accuracy": 0.493875
  },
  "26": {
    "cen_loss": 1.6071698846817017,
    "cen_accuracy": 0.493375
  },
  "27": {
    "cen_loss": 1.7636743259429932,
    "cen_accuracy": 0.472125
  },
  "28": {
    "cen_loss": 1.6693614377975463,
    "cen_accuracy": 0.486875
  },
  "29": {
    "cen_loss": 1.7361483821868897,
    "cen_accuracy": 0.486
  },
  "30": {
    "cen_loss": 1.9463351879119872,
    "cen_accuracy": 0.49275
  },
  "31": {
    "cen_loss": 1.5902241163253785,
    "cen_accuracy": 0.519
  },
  "32": {
    "cen_loss": 1.5424219899177551,
    "cen_accuracy": 0.517875
  },
  "33": {
    "cen_loss": 1.5815605683326721,
    "cen_accuracy": 0.516625
  },
  "34": {
    "cen_loss": 1.5648687047958374,
    "cen_accuracy": 0.515625
  },
  "35": {
    "cen_loss": 1.4953831391334533,
    "cen_accuracy": 0.52725
  },
  "36": {
    "cen_loss": 1.6218796839714051,
    "cen_accuracy": 0.512
  },
  "37": {
    "cen_loss": 1.4891709685325623,
    "cen_accuracy": 0.548
  },
  "38": {
    "cen_loss": 1.474859673500061,
    "cen_accuracy": 0.541875
  },
  "39": {
    "cen_loss": 1.474106909275055,
    "cen_accuracy": 0.5365
  },
  "40": {
    "cen_loss": 1.6981811838150025,
    "cen_accuracy": 0.531375
  },
  "41": {
    "cen_loss": 1.56248952293396,
    "cen_accuracy": 0.535
  },
  "42": {
    "cen_loss": 1.4731939654350281,
    "cen_accuracy": 0.540125
  },
  "43": {
    "cen_loss": 1.465027892112732,
    "cen_accuracy": 0.547375
  },
  "44": {
    "cen_loss": 1.5804209833145142,
    "cen_accuracy": 0.534375
  },
  "45": {
    "cen_loss": 1.5116178588867188,
    "cen_accuracy": 0.550625
  },
  "46": {
    "cen_loss": 1.5692969665527343,
    "cen_accuracy": 0.54025
  },
  "47": {
    "cen_loss": 1.4619617266654967,
    "cen_accuracy": 0.541125
  },
  "48": {
    "cen_loss": 1.4475205826759339,
    "cen_accuracy": 0.5515
  },
  "49": {
    "cen_loss": 1.5251878509521484,
    "cen_accuracy": 0.551625
  },
  "50": {
    "cen_loss": 1.6844284257888793,
    "cen_accuracy": 0.553375
  },
  "51": {
    "cen_loss": 1.4560596809387207,
    "cen_accuracy": 0.56325
  },
  "52": {
    "cen_loss": 1.5694321432113647,
    "cen_accuracy": 0.547375
  },
  "53": {
    "cen_loss": 1.5029111967086792,
    "cen_accuracy": 0.55625
  },
  "54": {
    "cen_loss": 1.5323472371101379,
    "cen_accuracy": 0.55225
  },
  "55": {
    "cen_loss": 1.4329401450157166,
    "cen_accuracy": 0.571625
  },
  "56": {
    "cen_loss": 1.4242853255271912,
    "cen_accuracy": 0.57075
  },
  "57": {
    "cen_loss": 1.3878581175804139,
    "cen_accuracy": 0.5715
  },
  "58": {
    "cen_loss": 1.3887844734191894,
    "cen_accuracy": 0.57075
  },
  "59": {
    "cen_loss": 1.4445303406715393,
    "cen_accuracy": 0.56525
  },
  "60": {
    "cen_loss": 1.614648006439209,
    "cen_accuracy": 0.568125
  },
  "61": {
    "cen_loss": 1.4410284767150878,
    "cen_accuracy": 0.5655
  },
  "62": {
    "cen_loss": 1.3962145342826844,
    "cen_accuracy": 0.57475
  },
  "63": {
    "cen_loss": 1.4122779965400696,
    "cen_accuracy": 0.578625
  },
  "64": {
    "cen_loss": 1.431286431312561,
    "cen_accuracy": 0.569875
  },
  "65": {
    "cen_loss": 1.3933463687896728,
    "cen_accuracy": 0.578125
  },
  "66": {
    "cen_loss": 1.46813432264328,
    "cen_accuracy": 0.564
  },
  "67": {
    "cen_loss": 1.3988725810050964,
    "cen_accuracy": 0.576125
  },
  "68": {
    "cen_loss": 1.4182693982124328,
    "cen_accuracy": 0.586125
  },
  "69": {
    "cen_loss": 1.3281748304367065,
    "cen_accuracy": 0.5925
  },
  "70": {
    "cen_loss": 1.542896023750305,
    "cen_accuracy": 0.576875
  },
  "71": {
    "cen_loss": 1.475245319366455,
    "cen_accuracy": 0.57725
  },
  "72": {
    "cen_loss": 1.430233006954193,
    "cen_accuracy": 0.587875
  },
  "73": {
    "cen_loss": 1.3625916385650634,
    "cen_accuracy": 0.588375
  },
  "74": {
    "cen_loss": 1.3557301921844482,
    "cen_accuracy": 0.58775
  },
  "75": {
    "cen_loss": 1.3756276836395265,
    "cen_accuracy": 0.57825
  },
  "76": {
    "cen_loss": 1.3306267228126525,
    "cen_accuracy": 0.59525
  },
  "77": {
    "cen_loss": 1.3837991127967835,
    "cen_accuracy": 0.586625
  },
  "78": {
    "cen_loss": 1.400149233341217,
    "cen_accuracy": 0.594875
  },
  "79": {
    "cen_loss": 1.4167787499427795,
    "cen_accuracy": 0.57775
  },
  "80": {
    "cen_loss": 1.595029260635376,
    "cen_accuracy": 0.579
  },
  "81": {
    "cen_loss": 1.394000207901001,
    "cen_accuracy": 0.588
  },
  "82": {
    "cen_loss": 1.3634412002563476,
    "cen_accuracy": 0.593375
  },
  "83": {
    "cen_loss": 1.3169963002204894,
    "cen_accuracy": 0.595875
  },
  "84": {
    "cen_loss": 1.5322665605545045,
    "cen_accuracy": 0.570625
  },
  "85": {
    "cen_loss": 1.377141010284424,
    "cen_accuracy": 0.5845
  },
  "86": {
    "cen_loss": 1.4255584759712219,
    "cen_accuracy": 0.58875
  },
  "87": {
    "cen_loss": 1.3110894498825074,
    "cen_accuracy": 0.608375
  },
  "88": {
    "cen_loss": 1.4075640387535095,
    "cen_accuracy": 0.58925
  },
  "89": {
    "cen_loss": 1.3870777649879455,
    "cen_accuracy": 0.603625
  },
  "90": {
    "cen_loss": 1.4714433751106262,
    "cen_accuracy": 0.608125
  },
  "91": {
    "cen_loss": 1.4714433751106262,
    "cen_accuracy": 0.608125
  },
  "92": {
    "cen_loss": 1.2929380931854249,
    "cen_accuracy": 0.601375
  },
  "93": {
    "cen_loss": 1.5098335342407228,
    "cen_accuracy": 0.568375
  },
  "94": {
    "cen_loss": 1.3602605538368224,
    "cen_accuracy": 0.592625
  },
  "95": {
    "cen_loss": 1.488186807155609,
    "cen_accuracy": 0.581375
  },
  "96": {
    "cen_loss": 1.4182464752197266,
    "cen_accuracy": 0.589375
  },
  "97": {
    "cen_loss": 1.3085511569976807,
    "cen_accuracy": 0.603
  },
  "98": {
    "cen_loss": 1.3638110632896423,
    "cen_accuracy": 0.594125
  },
  "99": {
    "cen_loss": 1.3419920835494996,
    "cen_accuracy": 0.60375
  },
  "100": {
    "cen_loss": 1.568267990589142,
    "cen_accuracy": 0.594125
  },