{
  "0": {
    "cen_loss": 2.3034822883605957,
    "cen_accuracy": 0.1055
  },
  "1": {
    "cen_loss": 2.3034822883605957,
    "cen_accuracy": 0.1055
  },
  "2": {
    "cen_loss": 2.6679662635803223,
    "cen_accuracy": 0.1645
  },
  "3": {
    "cen_loss": 2.309024828529358,
    "cen_accuracy": 0.1608
  },
  "4": {
    "cen_loss": 2.310071805381775,
    "cen_accuracy": 0.2084
  },
  "5": {
    "cen_loss": 2.2920503671646117,
    "cen_accuracy": 0.2428
  },
  "6": {
    "cen_loss": 2.52197784538269,
    "cen_accuracy": 0.2632
  },
  "7": {
    "cen_loss": 1.865856858253479,
    "cen_accuracy": 0.3383
  },
  "8": {
    "cen_loss": 1.8914032612800598,
    "cen_accuracy": 0.3943
  },
  "9": {
    "cen_loss": 2.667246244621277,
    "cen_accuracy": 0.3439
  },
  "10": {
    "cen_loss": 2.6621087406158446,
    "cen_accuracy": 0.3449
  },
  "11": {
    "cen_loss": 1.8620941016197206,
    "cen_accuracy": 0.3868
  },
  "12": {
    "cen_loss": 1.9804250377655028,
    "cen_accuracy": 0.3351
  },
  "13": {
    "cen_loss": 2.343040579032898,
    "cen_accuracy": 0.3316
  },
  "14": {
    "cen_loss": 1.7347137943267823,
    "cen_accuracy": 0.42
  },
  "15": {
    "cen_loss": 2.010762413406372,
    "cen_accuracy": 0.3755
  },
  "16": {
    "cen_loss": 2.337247170352936,
    "cen_accuracy": 0.3506
  },
  "17": {
    "cen_loss": 1.7710102551460265,
    "cen_accuracy": 0.3996
  },
  "18": {
    "cen_loss": 2.227766950416565,
    "cen_accuracy": 0.3534
  },
  "19": {
    "cen_loss": 2.1157106234550476,
    "cen_accuracy": 0.3753
  },
  "20": {
    "cen_loss": 2.1157105741500852,
    "cen_accuracy": 0.3753
  },
  "21": {
    "cen_loss": 2.602397435760498,
    "cen_accuracy": 0.3242
  },
  "22": {
    "cen_loss": 1.996252752685547,
    "cen_accuracy": 0.3902
  },
  "23": {
    "cen_loss": 2.014573320388794,
    "cen_accuracy": 0.3935
  },
  "24": {
    "cen_loss": 2.4562725091934206,
    "cen_accuracy": 0.3303
  },
  "25": {
    "cen_loss": 1.8290150354385375,
    "cen_accuracy": 0.4246
  },
  "26": {
    "cen_loss": 1.7801634696006774,
    "cen_accuracy": 0.4417
  },
  "27": {
    "cen_loss": 2.018860912513733,
    "cen_accuracy": 0.4012
  },
  "28": {
    "cen_loss": 2.510093811607361,
    "cen_accuracy": 0.3718
  },
  "29": {
    "cen_loss": 2.1163731249809263,
    "cen_accuracy": 0.3888
  },
  "30": {
    "cen_loss": 2.116373081588745,
    "cen_accuracy": 0.3888
  },
  "31": {
    "cen_loss": 1.8773915914535522,
    "cen_accuracy": 0.4438
  },
  "32": {
    "cen_loss": 2.112352737522125,
    "cen_accuracy": 0.4041
  },
  "33": {
    "cen_loss": 2.705496409416199,
    "cen_accuracy": 0.2947
  },
  "34": {
    "cen_loss": 2.071249337673187,
    "cen_accuracy": 0.3771
  },
  "35": {
    "cen_loss": 1.9739874707221985,
    "cen_accuracy": 0.3916
  },
  "36": {
    "cen_loss": 1.9484500692367555,
    "cen_accuracy": 0.4278
  },
  "37": {
    "cen_loss": 2.430251693248749,
    "cen_accuracy": 0.3715
  },
  "38": {
    "cen_loss": 2.183597200202942,
    "cen_accuracy": 0.3916
  },
  "39": {
    "cen_loss": 1.8906686742782592,
    "cen_accuracy": 0.4221
  },
  "40": {
    "cen_loss": 1.890668692588806,
    "cen_accuracy": 0.4221
  },
  "41": {
    "cen_loss": 1.9970939678192139,
    "cen_accuracy": 0.4178
  },
  "42": {
    "cen_loss": 2.496621613311768,
    "cen_accuracy": 0.353
  },
  "43": {
    "cen_loss": 2.272275228214264,
    "cen_accuracy": 0.3884
  },
  "44": {
    "cen_loss": 2.4063491355895996,
    "cen_accuracy": 0.3666
  },
  "45": {
    "cen_loss": 2.6268017190933226,
    "cen_accuracy": 0.3734
  },
  "46": {
    "cen_loss": 2.215403980064392,
    "cen_accuracy": 0.44
  },
  "47": {
    "cen_loss": 2.761250426864624,
    "cen_accuracy": 0.3564
  },
  "48": {
    "cen_loss": 1.7968086044311524,
    "cen_accuracy": 0.4199
  },
  "49": {
    "cen_loss": 2.2263928038597105,
    "cen_accuracy": 0.372
  },
  "50": {
    "cen_loss": 2.226392760658264,
    "cen_accuracy": 0.372
  },
  "51": {
    "cen_loss": 2.4114461826324463,
    "cen_accuracy": 0.3718
  },
  "52": {
    "cen_loss": 1.961369737148285,
    "cen_accuracy": 0.4312
  },
  "53": {
    "cen_loss": 1.8779829897880553,
    "cen_accuracy": 0.4478
  },
  "54": {
    "cen_loss": 2.2687900427818297,
    "cen_accuracy": 0.3909
  },
  "55": {
    "cen_loss": 2.222426355934143,
    "cen_accuracy": 0.4122
  },
  "56": {
    "cen_loss": 2.134115875530243,
    "cen_accuracy": 0.3937
  },
  "57": {
    "cen_loss": 1.9963237791061401,
    "cen_accuracy": 0.4084
  },
  "58": {
    "cen_loss": 2.4380866815567015,
    "cen_accuracy": 0.3657
  },
  "59": {
    "cen_loss": 2.2650621353149414,
    "cen_accuracy": 0.3905
  },
  "60": {
    "cen_loss": 2.2650620942115784,
    "cen_accuracy": 0.3905
  },
  "61": {
    "cen_loss": 1.9755914807319641,
    "cen_accuracy": 0.4334
  },
  "62": {
    "cen_loss": 2.259724827861786,
    "cen_accuracy": 0.3558
  },
  "63": {
    "cen_loss": 2.6721581186294556,
    "cen_accuracy": 0.336
  },
  "64": {
    "cen_loss": 2.3552938358306883,
    "cen_accuracy": 0.3707
  },
  "65": {
    "cen_loss": 1.8681692147254945,
    "cen_accuracy": 0.4467
  },
  "66": {
    "cen_loss": 2.4692884879112245,
    "cen_accuracy": 0.3801
  },
  "67": {
    "cen_loss": 2.220835532093048,
    "cen_accuracy": 0.3963
  },
  "68": {
    "cen_loss": 2.5127440114974977,
    "cen_accuracy": 0.3972
  },
  "69": {
    "cen_loss": 2.1000649087905883,
    "cen_accuracy": 0.4184
  },
  "70": {
    "cen_loss": 2.100064891529083,
    "cen_accuracy": 0.4184
  },
  "71": {
    "cen_loss": 1.9664904128074645,
    "cen_accuracy": 0.4366
  },
  "72": {
    "cen_loss": 2.20903866481781,
    "cen_accuracy": 0.4232
  },
  "73": {
    "cen_loss": 2.5440355619430544,
    "cen_accuracy": 0.3848
  },
  "74": {
    "cen_loss": 2.02762602558136,
    "cen_accuracy": 0.4088
  },
  "75": {
    "cen_loss": 2.201175697422028,
    "cen_accuracy": 0.4033
  },
  "76": {
    "cen_loss": 2.4911887912750244,
    "cen_accuracy": 0.3807
  },
  "77": {
    "cen_loss": 1.879258166885376,
    "cen_accuracy": 0.4467
  },
  "78": {
    "cen_loss": 2.4916708265304566,
    "cen_accuracy": 0.3908
  },
  "79": {
    "cen_loss": 2.0466177051544188,
    "cen_accuracy": 0.4177
  },
  "80": {
    "cen_loss": 2.0466176747322082,
    "cen_accuracy": 0.4177
  },
  "81": {
    "cen_loss": 1.901156135559082,
    "cen_accuracy": 0.4513
  },
  "82": {
    "cen_loss": 2.0404460689544677,
    "cen_accuracy": 0.4403
  },
  "83": {
    "cen_loss": 3.042042053413391,
    "cen_accuracy": 0.3962
  },
  "84": {
    "cen_loss": 2.527920950317383,
    "cen_accuracy": 0.3704
  },
  "85": {
    "cen_loss": 2.0879221316337584,
    "cen_accuracy": 0.3988
  },
  "86": {
    "cen_loss": 2.9257083950042726,
    "cen_accuracy": 0.3434
  },
  "87": {
    "cen_loss": 2.0643525782585144,
    "cen_accuracy": 0.4075
  },
  "88": {
    "cen_loss": 2.5716531036376953,
    "cen_accuracy": 0.3741
  },
  "89": {
    "cen_loss": 1.891221345615387,
    "cen_accuracy": 0.4154
  },
  "90": {
    "cen_loss": 1.8912213556289672,
    "cen_accuracy": 0.4154
  },
  "91": {
    "cen_loss": 1.869749081134796,
    "cen_accuracy": 0.4384
  },
  "92": {
    "cen_loss": 2.804359692668915,
    "cen_accuracy": 0.3782
  },
  "93": {
    "cen_loss": 1.8310857761383057,
    "cen_accuracy": 0.4475
  },
  "94": {
    "cen_loss": 2.8123996357917784,
    "cen_accuracy": 0.3667
  },
  "95": {
    "cen_loss": 1.9378295022010803,
    "cen_accuracy": 0.3953
  },
  "96": {
    "cen_loss": 3.2942954385757446,
    "cen_accuracy": 0.3437
  },
  "97": {
    "cen_loss": 1.9153851096153258,
    "cen_accuracy": 0.4343
  },
  "98": {
    "cen_loss": 3.3962170427322387,
    "cen_accuracy": 0.2847
  },
  "99": {
    "cen_loss": 2.353477081680298,
    "cen_accuracy": 0.3715
  },
  "100": {
    "cen_loss": 2.353477077674866,
    "cen_accuracy": 0.3715
  },
  "101": {
    "cen_loss": 1.8589859683036805,
    "cen_accuracy": 0.4348
  }
}