{
  "2": {
    "total_mJ": 1024909595.6219769,
    "total_ceq": 119.29785894772968,
    "num_expired_thresh": 0,
    "num_depleted": 0,
    "num_transmited_bytes": 787312064
  },
  "3": {
    "total_mJ": 1035173827.379246,
    "total_ceq": 120.32993375632303,
    "num_expired_thresh": 0,
    "num_depleted": 0,
    "num_transmited_bytes": 787312064
  },
  "4": {
    "total_mJ": 818696840.73991,
    "total_ceq": 94.97399594286487,
    "num_expired_thresh": 0,
    "num_depleted": 0,
    "num_transmited_bytes": 787312064
  },
  "5": {
    "total_mJ": 792070841.612163,
    "total_ceq": 92.21783862955812,
    "num_expired_thresh": 0,
    "num_depleted": 0,
    "num_transmited_bytes": 787312064
  },
  "6": {
    "total_mJ": 1016005018.6597711,
    "total_ceq": 118.43140598920259,
    "num_expired_thresh": 0,
    "num_depleted": 0,
    "num_transmited_bytes": 787312064
  },
  "7": {
    "total_mJ": 1151507951.7353482,
    "total_ceq": 134.3069210438833,
    "num_expired_thresh": 0,
    "num_depleted": 0,
    "num_transmited_bytes": 787312064
  },
  "8": {
    "total_mJ": 1090732284.326723,
    "total_ceq": 126.96573853740142,
    "num_expired_thresh": 0,
    "num_depleted": 0,
    "num_transmited_bytes": 787312064
  },
  "9": {
    "total_mJ": 923757286.718902,
    "total_ceq": 107.80829967826119,
    "num_expired_thresh": 0,
    "num_depleted": 0,
    "num_transmited_bytes": 787312064
  },
  "10": {
    "total_mJ": 1161094390.6306732,
    "total_ceq": 135.18975075523696,
    "num_expired_thresh": 0,
    "num_depleted": 0,
    "num_transmited_bytes": 787312064
  },
  "12": {
    "total_mJ": 655967197.4795704,
    "total_ceq": 76.36342846063339,
    "num_expired_thresh": 0,
    "num_depleted": 0,
    "num_transmited_bytes": 787312064
  },
  "13": {
    "total_mJ": 872736708.0527446,
    "total_ceq": 101.5224710836626,
    "num_expired_thresh": 0,
    "num_depleted": 0,
    "num_transmited_bytes": 787312064
  },
  "14": {
    "total_mJ": 879240369.9276785,
    "total_ceq": 102.40026819219321,
    "num_expired_thresh": 0,
    "num_depleted": 0,
    "num_transmited_bytes": 787312064
  },
  "15": {
    "total_mJ": 826501406.7678409,
    "total_ceq": 96.3069605934892,
    "num_expired_thresh": 0,
    "num_depleted": 0,
    "num_transmited_bytes": 787312064
  },
  "16": {
    "total_mJ": 884466833.684365,
    "total_ceq": 103.23659933381236,
    "num_expired_thresh": 0,
    "num_depleted": 0,
    "num_transmited_bytes": 787312064
  },
  "17": {
    "total_mJ": 920349217.381139,
    "total_ceq": 107.5100646803753,
    "num_expired_thresh": 0,
    "num_depleted": 0,
    "num_transmited_bytes": 787312064
  },
  "18": {
    "total_mJ": 1038523354.2877296,
    "total_ceq": 120.88324539226784,
    "num_expired_thresh": 0,
    "num_depleted": 0,
    "num_transmited_bytes": 787312064
  },
  "19": {
    "total_mJ": 1147018120.1422613,
    "total_ceq": 133.77964365160142,
    "num_expired_thresh": 0,
    "num_depleted": 0,
    "num_transmited_bytes": 787312064
  },
  "20": {
    "total_mJ": 880399678.8981258,
    "total_ceq": 102.82669954434436,
    "num_expired_thresh": 0,
    "num_depleted": 0,
    "num_transmited_bytes": 787312064
  },
  "21": {
    "total_mJ": 1148226866.6291,
    "total_ceq": 133.63703466845328,
    "num_expired_thresh": 0,
    "num_depleted": 0,
    "num_transmited_bytes": 787312064
  },
  "22": {
    "total_mJ": 993020591.4063716,
    "total_ceq": 115.53910322939906,
    "num_expired_thresh": 0,
    "num_depleted": 0,
    "num_transmited_bytes": 787312064
  },
  "23": {
    "total_mJ": 771449841.4674993,
    "total_ceq": 89.9922559049895,
    "num_expired_thresh": 0,
    "num_depleted": 0,
    "num_transmited_bytes": 787312064
  },
  "24": {
    "total_mJ": 1157543413.7835627,
    "total_ceq": 135.28355694050248,
    "num_expired_thresh": 0,
    "num_depleted": 0,
    "num_transmited_bytes": 787312064
  },
  "25": {
    "total_mJ": 988286335.1877224,
    "total_ceq": 115.05164199926125,
    "num_expired_thresh": 0,
    "num_depleted": 0,
    "num_transmited_bytes": 787312064
  },
  "26": {
    "total_mJ": 721295874.7446433,
    "total_ceq": 83.86208851703155,
    "num_expired_thresh": 0,
    "num_depleted": 0,
    "num_transmited_bytes": 787312064
  },
  "27": {
    "total_mJ": 874940732.0375483,
    "total_ceq": 102.04410575394972,
    "num_expired_thresh": 0,
    "num_depleted": 0,
    "num_transmited_bytes": 787312064
  },
  "28": {
    "total_mJ": 1206225732.4735029,
    "total_ceq": 140.22014298089078,
    "num_expired_thresh": 0,
    "num_depleted": 0,
    "num_transmited_bytes": 787312064
  },
  "29": {
    "total_mJ": 999319733.1948001,
    "total_ceq": 116.44082155294397,
    "num_expired_thresh": 0,
    "num_depleted": 0,
    "num_transmited_bytes": 787312064
  },
  "30": {
    "total_mJ": 1007028777.8931775,
    "total_ceq": 117.4734913530275,
    "num_expired_thresh": 0,
    "num_depleted": 0,
    "num_transmited_bytes": 787312064
  },
  "31": {
    "total_mJ": 1029364301.2923679,
    "total_ceq": 119.99793893109972,
    "num_expired_thresh": 0,
    "num_depleted": 0,
    "num_transmited_bytes": 787312064
  },
  "32": {
    "total_mJ": 990539696.5938745,
    "total_ceq": 115.33599423670195,
    "num_expired_thresh": 0,
    "num_depleted": 0,
    "num_transmited_bytes": 787312064
  },
  "33": {
    "total_mJ": 786832397.9037894,
    "total_ceq": 91.54992648120225,
    "num_expired_thresh": 0,
    "num_depleted": 0,
    "num_transmited_bytes": 787312064
  },
  "34": {
    "total_mJ": 885473554.5452374,
    "total_ceq": 102.98917731393091,
    "num_expired_thresh": 0,
    "num_depleted": 0,
    "num_transmited_bytes": 787312064
  },
  "35": {
    "total_mJ": 975497204.8043845,
    "total_ceq": 113.6587497417083,
    "num_expired_thresh": 0,
    "num_depleted": 0,
    "num_transmited_bytes": 787312064
  },
  "36": {
    "total_mJ": 1183142436.019196,
    "total_ceq": 137.88919507405814,
    "num_expired_thresh": 0,
    "num_depleted": 0,
    "num_transmited_bytes": 787312064
  },
  "37": {
    "total_mJ": 1110853765.2714562,
    "total_ceq": 129.3446371270691,
    "num_expired_thresh": 0,
    "num_depleted": 0,
    "num_transmited_bytes": 787312064
  },
  "38": {
    "total_mJ": 940692358.0909264,
    "total_ceq": 109.49425998519928,
    "num_expired_thresh": 0,
    "num_depleted": 0,
    "num_transmited_bytes": 787312064
  },
  "39": {
    "total_mJ": 1006217330.8168285,
    "total_ceq": 117.31613877308432,
    "num_expired_thresh": 0,
    "num_depleted": 0,
    "num_transmited_bytes": 787312064
  },
  "40": {
    "total_mJ": 933307629.0216306,
    "total_ceq": 108.75235254056778,
    "num_expired_thresh": 0,
    "num_depleted": 0,
    "num_transmited_bytes": 787312064
  },
  "41": {
    "total_mJ": 1152782771.8056014,
    "total_ceq": 134.3157687193952,
    "num_expired_thresh": 0,
    "num_depleted": 0,
    "num_transmited_bytes": 787312064
  },
  "42": {
    "total_mJ": 893242833.9287193,
    "total_ceq": 104.01052378133991,
    "num_expired_thresh": 0,
    "num_depleted": 0,
    "num_transmited_bytes": 787312064
  },
  "43": {
    "total_mJ": 1065130417.7108802,
    "total_ceq": 124.18556768797498,
    "num_expired_thresh": 0,
    "num_depleted": 0,
    "num_transmited_bytes": 787312064
  },
  "44": {
    "total_mJ": 1113164883.2196758,
    "total_ceq": 129.91680564288862,
    "num_expired_thresh": 0,
    "num_depleted": 0,
    "num_transmited_bytes": 787312064
  },
  "45": {
    "total_mJ": 1148129916.9219007,
    "total_ceq": 133.5381017642974,
    "num_expired_thresh": 0,
    "num_depleted": 0,
    "num_transmited_bytes": 787312064
  },
  "46": {
    "total_mJ": 1150696684.0858614,
    "total_ceq": 134.08618110126642,
    "num_expired_thresh": 0,
    "num_depleted": 0,
    "num_transmited_bytes": 787312064
  },
  "47": {
    "total_mJ": 994093747.088185,
    "total_ceq": 115.44781112993144,
    "num_expired_thresh": 0,
    "num_depleted": 0,
    "num_transmited_bytes": 787312064
  },
  "48": {
    "total_mJ": 729117214.2635263,