{
  "0": {
    "cen_loss": 2.3027744300842286,
    "fgn_paper": 0,
    "fgn_github": 0,
    "cen_accuracy": 0.1
  },
  "1": {
    "cen_loss": 2.3027744300842286,
    "fgn_paper": 0,
    "fgn_github": 0,
    "cen_accuracy": 0.1
  },
  "2": {
    "cen_loss": 2.548648246765137,
    "fgn_paper": 45.555079645344144,
    "fgn_github": 37.22597693350079,
    "cen_accuracy": 0.1
  },
  "3": {
    "cen_loss": 2.39911605796814,
    "fgn_paper": 43.27433069080252,
    "fgn_github": 33.77032505889277,
    "cen_accuracy": 0.1058
  },
  "4": {
    "cen_loss": 2.9156462379455568,
    "fgn_paper": 48.85555736822,
    "fgn_github": 37.445391862784476,
    "cen_accuracy": 0.1
  },
  "5": {
    "cen_loss": 2.8714268531799316,
    "fgn_paper": 34.31555157701698,
    "fgn_github": 28.29223820215887,
    "cen_accuracy": 0.1001
  },
  "6": {
    "cen_loss": 2.7148065259933474,
    "fgn_paper": 37.411791662998674,
    "fgn_github": 30.448824092515537,
    "cen_accuracy": 0.1129
  },
  "7": {
    "cen_loss": 2.8551488990783693,
    "fgn_paper": 33.4864244820311,
    "fgn_github": 22.62119261112077,
    "cen_accuracy": 0.1248
  },
  "8": {
    "cen_loss": 2.797813137435913,
    "fgn_paper": 33.87515691131969,
    "fgn_github": 26.047825435612186,
    "cen_accuracy": 0.1239
  },
  "9": {
    "cen_loss": 2.8596902994155884,
    "fgn_paper": 29.588799522935698,
    "fgn_github": 26.241104725159214,
    "cen_accuracy": 0.148
  },
  "10": {
    "cen_loss": 3.1039353200912476,
    "fgn_paper": 41.168853436480084,
    "fgn_github": 33.59686519745435,
    "cen_accuracy": 0.1361
  },
  "11": {
    "cen_loss": 3.5055975257873535,
    "fgn_paper": 32.45109374843446,
    "fgn_github": 27.078648394847683,
    "cen_accuracy": 0.1206
  },
  "12": {
    "cen_loss": 2.87177980594635,
    "fgn_paper": 36.369945782542686,
    "fgn_github": 25.687233052534754,
    "cen_accuracy": 0.1351
  },
  "13": {
    "cen_loss": 2.946531446456909,
    "fgn_paper": 26.645479671676878,
    "fgn_github": 22.329344473709902,
    "cen_accuracy": 0.1486
  },
  "14": {
    "cen_loss": 3.410164588165283,
    "fgn_paper": 35.0281674190423,
    "fgn_github": 28.219479160268385,
    "cen_accuracy": 0.1421
  },
  "15": {
    "cen_loss": 3.378706764602661,
    "fgn_paper": 35.205371705662174,
    "fgn_github": 31.42966537582746,
    "cen_accuracy": 0.149
  },
  "16": {
    "cen_loss": 2.9167048276901246,
    "fgn_paper": 37.56785034914458,
    "fgn_github": 28.911389799511785,
    "cen_accuracy": 0.1791
  },
  "17": {
    "cen_loss": 2.9177284746170042,
    "fgn_paper": 39.99728877920923,
    "fgn_github": 33.5938007624028,
    "cen_accuracy": 0.1608
  },
  "18": {
    "cen_loss": 2.779041972732544,
    "fgn_paper": 33.949342717816684,
    "fgn_github": 25.775068521144174,
    "cen_accuracy": 0.162
  },
  "19": {
    "cen_loss": 2.735177268981934,
    "fgn_paper": 25.14003750585529,
    "fgn_github": 21.270016853171064,
    "cen_accuracy": 0.1721
  },
  "20": {
    "cen_loss": 2.679506972694397,
    "fgn_paper": 28.188552496561627,
    "fgn_github": 22.730828153092435,
    "cen_accuracy": 0.1676
  },
  "21": {
    "cen_loss": 2.3317602138519287,
    "fgn_paper": 24.906009519736575,
    "fgn_github": 21.216839958719106,
    "cen_accuracy": 0.1997
  },
  "22": {
    "cen_loss": 2.7064862913131713,
    "fgn_paper": 33.30036415829538,
    "fgn_github": 24.433828163379946,
    "cen_accuracy": 0.1964
  },
  "23": {
    "cen_loss": 2.7127811754226685,
    "fgn_paper": 30.724456327748882,
    "fgn_github": 20.520689898757652,
    "cen_accuracy": 0.1889
  },
  "24": {
    "cen_loss": 2.119350589942932,
    "fgn_paper": 20.27015447645935,
    "fgn_github": 18.321290444060928,
    "cen_accuracy": 0.206
  },
  "25": {
    "cen_loss": 2.5267336887359617,
    "fgn_paper": 24.525749203717208,
    "fgn_github": 20.370744170824764,
    "cen_accuracy": 0.1861
  },
  "26": {
    "cen_loss": 2.4163956439971925,
    "fgn_paper": 33.14047205692051,
    "fgn_github": 25.191619599256498,
    "cen_accuracy": 0.2062
  },
  "27": {
    "cen_loss": 2.1851875801086424,
    "fgn_paper": 31.357206983188476,
    "fgn_github": 27.112186901234047,
    "cen_accuracy": 0.204
  },
  "28": {
    "cen_loss": 2.1130857961654663,
    "fgn_paper": 23.870090215560012,
    "fgn_github": 20.625198506271946,
    "cen_accuracy": 0.2219
  },
  "29": {
    "cen_loss": 2.2994672494888304,
    "fgn_paper": 35.08205886864845,
    "fgn_github": 30.031317032883457,
    "cen_accuracy": 0.2049
  },
  "30": {
    "cen_loss": 2.2653935443878175,
    "fgn_paper": 32.79870862450196,
    "fgn_github": 26.334639604638085,
    "cen_accuracy": 0.2086
  },
  "31": {
    "cen_loss": 2.4179879968643188,
    "fgn_paper": 39.020746556318144,
    "fgn_github": 31.27163016235471,
    "cen_accuracy": 0.1909
  },
  "32": {
    "cen_loss": 2.039304747581482,
    "fgn_paper": 24.394861521757147,
    "fgn_github": 22.955031202691163,
    "cen_accuracy": 0.2364
  },
  "33": {
    "cen_loss": 2.076983437538147,
    "fgn_paper": 30.69517704259065,
    "fgn_github": 25.113812032502146,
    "cen_accuracy": 0.2565
  },
  "34": {
    "cen_loss": 1.8777897121429443,
    "fgn_paper": 20.858971860095416,
    "fgn_github": 17.77069795688932,
    "cen_accuracy": 0.3124
  },
  "35": {
    "cen_loss": 2.015209497833252,
    "fgn_paper": 43.78809102050222,
    "fgn_github": 36.226600059170444,
    "cen_accuracy": 0.2626
  },
  "36": {
    "cen_loss": 1.921628200531006,
    "fgn_paper": 28.33464883376814,
    "fgn_github": 22.08839742079764,
    "cen_accuracy": 0.279
  },
  "37": {
    "cen_loss": 2.3208389446258546,
    "fgn_paper": 27.33318998764578,
    "fgn_github": 23.046397098515033,
    "cen_accuracy": 0.1931
  },
  "38": {
    "cen_loss": 2.47598269405365,
    "fgn_paper": 38.66964211640488,
    "fgn_github": 30.00817507832728,
    "cen_accuracy": 0.2
  },
  "39": {
    "cen_loss": 2.053035663795471,
    "fgn_paper": 31.076183976727208,
    "fgn_github": 27.86790246485939,
    "cen_accuracy": 0.2815
  },
  "40": {
    "cen_loss": 2.137861109352112,
    "fgn_paper": 43.98617941478785,
    "fgn_github": 39.31963788829293,
    "cen_accuracy": 0.2419
  },
  "41": {
    "cen_loss": 1.9528261260986328,
    "fgn_paper": 42.17262417373178,
    "fgn_github": 27.56556134654865,
    "cen_accuracy": 0.2819
  },
  "42": {
    "cen_loss": 2.24369649848938,
    "fgn_paper": 37.74119546122376,
    "fgn_github": 28.091858119783733,
    "cen_accuracy": 0.2302
  },
  "43": {
    "cen_loss": 2.4849199296951294,
    "fgn_paper": 44.48355523982261,
    "fgn_github": 29.43030212367297,
    "cen_accuracy": 0.1903
  },
  "44": {
    "cen_loss": 2.0477475357055663,
    "fgn_paper": 41.525459644028906,
    "fgn_github": 31.870575109401535,
    "cen_accuracy": 0.2704
  },
  "45": {
    "cen_loss": 1.635690455532074,
    "fgn_paper": 24.128482235146013,
    "fgn_github": 20.760294676393823,
    "cen_accuracy": 0.3935
  },
  "46": {
    "cen_loss": 1.7263633179664613,
    "fgn_paper": 40.19817436004386,
    "fgn_github": 26.42692865378914,
    "cen_accuracy": 0.3564
  },
  "47": {
    "cen_loss": 1.9092751180648804,
    "fgn_paper": 29.495725437581534,
    "fgn_github": 23.906197040401377,
    "cen_accuracy": 0.2792
  },
  "48": {
    "cen_loss": 1.627139642715454,
    "fgn_paper": 30.983897560831107,
    "fgn_github": 25.72296107402331,
    "cen_accuracy": 0.4062
  },
  "49": {
    "cen_loss": 1.8126554981231688,
    "fgn_paper": 23.184299854829085,
    "fgn_github": 16.223100324357663,
    "cen_accuracy": 0.3236
  },
  "50": {
    "cen_loss": 1.744684111595154,
    "fgn_paper": 36.82755239489021,
    "fgn_github": 27.592455512705982,
    "cen_accuracy": 0.337
  },
  "51": {
    "cen_loss": 1.6672252271652221,
    "fgn_paper": 39.49433216391523,
    "fgn_github": 33.28766456909933,
    "cen_accuracy": 0.3613
  },
  "52": {
    "cen_loss": 1.6972375749588013,
    "fgn_paper": 26.144882912246512,
    "fgn_github": 22.45915799500542,
    "cen_accuracy": 0.3555
  },
  "53": {
    "cen_loss": 1.7030968537330629,