{
  "0": {
    "cen_loss": 2.3027744300842286,
    "fgn_paper": 0,
    "fgn_github": 0,
    "cen_accuracy": 0.1
  },
  "1": {
    "cen_loss": 2.3027744300842286,
    "fgn_paper": 0,
    "fgn_github": 0,
    "cen_accuracy": 0.1
  },
  "2": {
    "cen_loss": 2.3414601238250734,
    "fgn_paper": 48.32013987752965,
    "fgn_github": 45.48083197129784,
    "cen_accuracy": 0.1
  },
  "3": {
    "cen_loss": 2.407842208480835,
    "fgn_paper": 47.352661097064626,
    "fgn_github": 42.49065728891722,
    "cen_accuracy": 0.1053
  },
  "4": {
    "cen_loss": 2.5490170391082763,
    "fgn_paper": 43.99531969300698,
    "fgn_github": 42.34526214936348,
    "cen_accuracy": 0.1063
  },
  "5": {
    "cen_loss": 2.644054135131836,
    "fgn_paper": 32.62957878264425,
    "fgn_github": 31.67367843126916,
    "cen_accuracy": 0.1
  },
  "6": {
    "cen_loss": 2.6002997285842895,
    "fgn_paper": 39.49379431982167,
    "fgn_github": 36.10165172383364,
    "cen_accuracy": 0.1211
  },
  "7": {
    "cen_loss": 3.218475960922241,
    "fgn_paper": 37.54101097974427,
    "fgn_github": 34.75609154659598,
    "cen_accuracy": 0.1115
  },
  "8": {
    "cen_loss": 3.179732619857788,
    "fgn_paper": 41.160567739847316,
    "fgn_github": 36.284535860280066,
    "cen_accuracy": 0.1308
  },
  "9": {
    "cen_loss": 3.337177412033081,
    "fgn_paper": 34.45747975234615,
    "fgn_github": 32.622492730467336,
    "cen_accuracy": 0.1432
  },
  "10": {
    "cen_loss": 2.8973458686828613,
    "fgn_paper": 35.254618217572094,
    "fgn_github": 33.81290142040099,
    "cen_accuracy": 0.142
  },
  "11": {
    "cen_loss": 2.590232555389404,
    "fgn_paper": 33.32087541818816,
    "fgn_github": 31.546797385345865,
    "cen_accuracy": 0.1795
  },
  "12": {
    "cen_loss": 2.6657567083358766,
    "fgn_paper": 42.66469670857074,
    "fgn_github": 39.568244206548606,
    "cen_accuracy": 0.167
  },
  "13": {
    "cen_loss": 2.500482682418823,
    "fgn_paper": 31.42603365694468,
    "fgn_github": 28.248830373836096,
    "cen_accuracy": 0.1853
  },
  "14": {
    "cen_loss": 2.7016524059295652,
    "fgn_paper": 36.741930401027446,
    "fgn_github": 34.92606810672754,
    "cen_accuracy": 0.147
  },
  "15": {
    "cen_loss": 2.496143285179138,
    "fgn_paper": 37.58532557258749,
    "fgn_github": 36.18538728255909,
    "cen_accuracy": 0.1802
  },
  "16": {
    "cen_loss": 2.3991003681182863,
    "fgn_paper": 41.48114936145458,
    "fgn_github": 40.08529254488509,
    "cen_accuracy": 0.194
  },
  "17": {
    "cen_loss": 2.2997900089263914,
    "fgn_paper": 33.076931959371045,
    "fgn_github": 31.43541653536183,
    "cen_accuracy": 0.2009
  },
  "18": {
    "cen_loss": 2.5380720949172972,
    "fgn_paper": 33.6704333755853,
    "fgn_github": 31.53549175493124,
    "cen_accuracy": 0.1732
  },
  "19": {
    "cen_loss": 2.2988985023498536,
    "fgn_paper": 34.52129328628695,
    "fgn_github": 32.68887469910293,
    "cen_accuracy": 0.2386
  },
  "20": {
    "cen_loss": 2.229338229942322,
    "fgn_paper": 33.00087001479023,
    "fgn_github": 31.10941042827079,
    "cen_accuracy": 0.2108
  },
  "21": {
    "cen_loss": 2.1143431722640993,
    "fgn_paper": 30.98655140151597,
    "fgn_github": 27.97318436182145,
    "cen_accuracy": 0.2303
  },
  "22": {
    "cen_loss": 2.0768913681030274,
    "fgn_paper": 29.03771890406871,
    "fgn_github": 26.22467774658706,
    "cen_accuracy": 0.2416
  },
  "23": {
    "cen_loss": 1.9087972255706787,
    "fgn_paper": 27.353553636275596,
    "fgn_github": 25.458889091238838,
    "cen_accuracy": 0.2807
  },
  "24": {
    "cen_loss": 2.1161045488357546,
    "fgn_paper": 36.76275695395309,
    "fgn_github": 34.29727893084177,
    "cen_accuracy": 0.2287
  },
  "25": {
    "cen_loss": 2.0665947883605957,
    "fgn_paper": 33.22789366320892,
    "fgn_github": 28.35751253053281,
    "cen_accuracy": 0.2494
  },
  "26": {
    "cen_loss": 1.9954542320251465,
    "fgn_paper": 30.551047516052204,
    "fgn_github": 27.9478346886254,
    "cen_accuracy": 0.2644
  },
  "27": {
    "cen_loss": 2.1067530975341797,
    "fgn_paper": 40.97371133649232,
    "fgn_github": 36.14951254056375,
    "cen_accuracy": 0.2439
  },
  "28": {
    "cen_loss": 1.8606580448150636,
    "fgn_paper": 32.89094881937207,
    "fgn_github": 28.470908413801265,
    "cen_accuracy": 0.3211
  },
  "29": {
    "cen_loss": 1.9612969047546387,
    "fgn_paper": 37.41286547562629,
    "fgn_github": 33.60716070990714,
    "cen_accuracy": 0.2912
  },
  "30": {
    "cen_loss": 1.7621431268692016,
    "fgn_paper": 29.228803549651882,
    "fgn_github": 28.636680773966354,
    "cen_accuracy": 0.3308
  },
  "31": {
    "cen_loss": 1.7290929704666138,
    "fgn_paper": 33.1027120498676,
    "fgn_github": 31.11437027339138,
    "cen_accuracy": 0.3384
  },
  "32": {
    "cen_loss": 1.8064799028396605,
    "fgn_paper": 35.876692004059656,
    "fgn_github": 31.629900499429645,
    "cen_accuracy": 0.3181
  },
  "33": {
    "cen_loss": 1.7820881378173827,
    "fgn_paper": 41.44173569292712,
    "fgn_github": 37.17844353386636,
    "cen_accuracy": 0.3267
  },
  "34": {
    "cen_loss": 2.090144549560547,
    "fgn_paper": 42.64933759573868,
    "fgn_github": 36.95544615478774,
    "cen_accuracy": 0.2549
  },
  "35": {
    "cen_loss": 1.9665159353256225,
    "fgn_paper": 36.516039351780165,
    "fgn_github": 33.530798980797115,
    "cen_accuracy": 0.297
  },
  "36": {
    "cen_loss": 1.7864819412231445,
    "fgn_paper": 42.33677845029761,
    "fgn_github": 39.59646940680958,
    "cen_accuracy": 0.3368
  },
  "37": {
    "cen_loss": 2.034383464050293,
    "fgn_paper": 41.72043861148935,
    "fgn_github": 37.66974953270327,
    "cen_accuracy": 0.296
  },
  "38": {
    "cen_loss": 1.851315388584137,
    "fgn_paper": 35.92410936043504,
    "fgn_github": 34.04963702640583,
    "cen_accuracy": 0.322
  },
  "39": {
    "cen_loss": 1.8804244359970093,
    "fgn_paper": 39.88495002698654,
    "fgn_github": 35.33930305867049,
    "cen_accuracy": 0.3249
  },
  "40": {
    "cen_loss": 1.5972217199325562,
    "fgn_paper": 36.23903974970525,
    "fgn_github": 34.08091303147113,
    "cen_accuracy": 0.3943
  },
  "41": {
    "cen_loss": 1.590233110332489,
    "fgn_paper": 36.7657874859422,
    "fgn_github": 33.354292067625536,
    "cen_accuracy": 0.4093
  },
  "42": {
    "cen_loss": 1.6766165721893311,
    "fgn_paper": 34.87142403754441,
    "fgn_github": 32.68705055816935,
    "cen_accuracy": 0.379
  },
  "43": {
    "cen_loss": 1.6972929176330567,
    "fgn_paper": 41.51155908192673,
    "fgn_github": 38.537223912258774,
    "cen_accuracy": 0.3846
  },
  "44": {
    "cen_loss": 1.6580869688987732,
    "fgn_paper": 35.90190556348236,
    "fgn_github": 33.063424020042596,
    "cen_accuracy": 0.3946
  },
  "45": {
    "cen_loss": 1.4798085926055908,
    "fgn_paper": 38.822790926313004,
    "fgn_github": 33.89240532744207,
    "cen_accuracy": 0.4577
  },
  "46": {
    "cen_loss": 1.3768544251441956,
    "fgn_paper": 35.23023272234174,
    "fgn_github": 32.507213753551355,
    "cen_accuracy": 0.4972
  },
  "47": {
    "cen_loss": 1.3812618082046508,
    "fgn_paper": 38.713438505127016,
    "fgn_github": 34.78127899277158,
    "cen_accuracy": 0.4884
  },
  "48": {
    "cen_loss": 1.316550412750244,
    "fgn_paper": 34.12932617435279,
    "fgn_github": 33.02386990059245,
    "cen_accuracy": 0.5224
  },
  "49": {
    "cen_loss": 1.3270093591690064,
    "fgn_paper": 30.000524085409733,
    "fgn_github": 28.860690825384903,
    "cen_accuracy": 0.5168
  },
  "50": {
    "cen_loss": 1.2824992927551269,
    "fgn_paper": 31.482302151378903,
    "fgn_github": 28.17891596615769,
    "cen_accuracy": 0.5317
  },
  "51": {
    "cen_loss": 1.297606666278839,
    "fgn_paper": 27.42482622743867,
    "fgn_github": 26.8899570858473,
    "cen_accuracy": 0.5202
  },
  "52": {
    "cen_loss": 1.218516600036621,
    "fgn_paper": 29.98610669585442,
    "fgn_github": 29.662723562152074,
    "cen_accuracy": 0.5545
  },
  "53": {
    "cen_loss": 1.2530281457424164,