{
  "2": {
    "total_mJ": 924079484.6382143,
    "total_ceq": 69.73900483102047,
    "num_expired_thresh": 0,
    "num_depleted": 0,
    "num_transmited_bytes": 21826112
  },
  "3": {
    "total_mJ": 1789718324.8469748,
    "total_ceq": 135.34408013638412,
    "num_expired_thresh": 0,
    "num_depleted": 0,
    "num_transmited_bytes": 21826112
  },
  "4": {
    "total_mJ": 2577182477.7045484,
    "total_ceq": 193.7861449696021,
    "num_expired_thresh": 0,
    "num_depleted": 0,
    "num_transmited_bytes": 21826112
  },
  "5": {
    "total_mJ": 1782663063.3337178,
    "total_ceq": 133.06474745560456,
    "num_expired_thresh": 0,
    "num_depleted": 0,
    "num_transmited_bytes": 21826112
  },
  "6": {
    "total_mJ": 958042037.4233865,
    "total_ceq": 72.32100718907533,
    "num_expired_thresh": 0,
    "num_depleted": 0,
    "num_transmited_bytes": 21826112
  },
  "7": {
    "total_mJ": 1225913224.6623342,
    "total_ceq": 92.25169751992433,
    "num_expired_thresh": 0,
    "num_depleted": 0,
    "num_transmited_bytes": 21826112
  },
  "8": {
    "total_mJ": 1221337440.9168699,
    "total_ceq": 92.42485184310817,
    "num_expired_thresh": 0,
    "num_depleted": 0,
    "num_transmited_bytes": 21826112
  },
  "9": {
    "total_mJ": 969834493.1362966,
    "total_ceq": 72.69456652162823,
    "num_expired_thresh": 0,
    "num_depleted": 0,
    "num_transmited_bytes": 21826112
  },
  "10": {
    "total_mJ": 1250387696.6430802,
    "total_ceq": 93.52673177028637,
    "num_expired_thresh": 0,
    "num_depleted": 0,
    "num_transmited_bytes": 21826112
  },
  "11": {
    "total_mJ": 1461929252.613453,
    "total_ceq": 109.09165967184846,
    "num_expired_thresh": 0,
    "num_depleted": 0,
    "num_transmited_bytes": 21826112
  },
  "12": {
    "total_mJ": 1460709445.71737,
    "total_ceq": 112.88634409197812,
    "num_expired_thresh": 0,
    "num_depleted": 0,
    "num_transmited_bytes": 21826112
  },
  "13": {
    "total_mJ": 968759677.3619188,
    "total_ceq": 71.9604043299949,
    "num_expired_thresh": 0,
    "num_depleted": 0,
    "num_transmited_bytes": 21826112
  },
  "14": {
    "total_mJ": 1539883159.3291633,
    "total_ceq": 115.8688598213055,
    "num_expired_thresh": 0,
    "num_depleted": 0,
    "num_transmited_bytes": 21826112
  },
  "15": {
    "total_mJ": 1787429320.4412472,
    "total_ceq": 132.65863128684597,
    "num_expired_thresh": 0,
    "num_depleted": 0,
    "num_transmited_bytes": 21826112
  },
  "16": {
    "total_mJ": 780095109.2017745,
    "total_ceq": 58.64350832771439,
    "num_expired_thresh": 0,
    "num_depleted": 0,
    "num_transmited_bytes": 21826112
  },
  "17": {
    "total_mJ": 1795315109.432738,
    "total_ceq": 133.6433525149041,
    "num_expired_thresh": 0,
    "num_depleted": 0,
    "num_transmited_bytes": 21826112
  },
  "18": {
    "total_mJ": 1625473338.4494479,
    "total_ceq": 122.1858045137935,
    "num_expired_thresh": 0,
    "num_depleted": 0,
    "num_transmited_bytes": 21826112
  },
  "19": {
    "total_mJ": 2559706030.9553757,
    "total_ceq": 193.59092393253346,
    "num_expired_thresh": 0,
    "num_depleted": 0,
    "num_transmited_bytes": 21826112
  },
  "20": {
    "total_mJ": 1255741261.9163094,
    "total_ceq": 94.3194896140926,
    "num_expired_thresh": 0,
    "num_depleted": 0,
    "num_transmited_bytes": 21826112
  },
  "21": {
    "total_mJ": 938950902.6769325,
    "total_ceq": 71.29917213495963,
    "num_expired_thresh": 0,
    "num_depleted": 0,
    "num_transmited_bytes": 21826112
  },
  "22": {
    "total_mJ": 2571791857.700871,
    "total_ceq": 194.66301083723235,
    "num_expired_thresh": 0,
    "num_depleted": 0,
    "num_transmited_bytes": 21826112
  },
  "23": {
    "total_mJ": 1256266482.4609382,
    "total_ceq": 93.85929393790065,
    "num_expired_thresh": 0,
    "num_depleted": 0,
    "num_transmited_bytes": 21826112
  },
  "24": {
    "total_mJ": 907488189.9227797,
    "total_ceq": 68.76063883121051,
    "num_expired_thresh": 0,
    "num_depleted": 0,
    "num_transmited_bytes": 21826112
  },
  "25": {
    "total_mJ": 947425408.0422479,
    "total_ceq": 71.58654255383323,
    "num_expired_thresh": 0,
    "num_depleted": 0,
    "num_transmited_bytes": 21826112
  },
  "26": {
    "total_mJ": 972424627.3602922,
    "total_ceq": 74.17141731094033,
    "num_expired_thresh": 0,
    "num_depleted": 0,
    "num_transmited_bytes": 21826112
  },
  "27": {
    "total_mJ": 1783809993.9692976,
    "total_ceq": 132.8984824490445,
    "num_expired_thresh": 0,
    "num_depleted": 0,
    "num_transmited_bytes": 21826112
  },
  "28": {
    "total_mJ": 1222470430.266218,
    "total_ceq": 92.32391215971676,
    "num_expired_thresh": 0,
    "num_depleted": 0,
    "num_transmited_bytes": 21826112
  },
  "29": {
    "total_mJ": 2119883069.3730576,
    "total_ceq": 159.00792582380183,
    "num_expired_thresh": 0,
    "num_depleted": 0,
    "num_transmited_bytes": 21826112
  },
  "30": {
    "total_mJ": 3234145865.70443,
    "total_ceq": 243.65247864297305,
    "num_expired_thresh": 0,
    "num_depleted": 0,
    "num_transmited_bytes": 21826112
  },
  "31": {
    "total_mJ": 1217454589.5018244,
    "total_ceq": 90.76216795373324,
    "num_expired_thresh": 0,
    "num_depleted": 0,
    "num_transmited_bytes": 21826112
  },
  "32": {
    "total_mJ": 1651618437.2863152,
    "total_ceq": 122.77876582895078,
    "num_expired_thresh": 0,
    "num_depleted": 0,
    "num_transmited_bytes": 21826112
  },
  "33": {
    "total_mJ": 914664343.7320946,
    "total_ceq": 68.74610768623566,
    "num_expired_thresh": 0,
    "num_depleted": 0,
    "num_transmited_bytes": 21826112
  },
  "34": {
    "total_mJ": 1252255527.199947,
    "total_ceq": 94.05739881686925,
    "num_expired_thresh": 0,
    "num_depleted": 0,
    "num_transmited_bytes": 21826112
  },
  "35": {
    "total_mJ": 1450713739.1272132,
    "total_ceq": 111.39853484005819,
    "num_expired_thresh": 0,
    "num_depleted": 0,
    "num_transmited_bytes": 21826112
  },
  "36": {
    "total_mJ": 625968059.0162959,
    "total_ceq": 47.767000371350946,
    "num_expired_thresh": 0,
    "num_depleted": 0,
    "num_transmited_bytes": 21826112
  },
  "37": {
    "total_mJ": 1292752925.1940172,
    "total_ceq": 97.58312548941193,
    "num_expired_thresh": 0,
    "num_depleted": 0,
    "num_transmited_bytes": 21826112
  },
  "38": {
    "total_mJ": 916328533.8052058,
    "total_ceq": 69.31618121784663,
    "num_expired_thresh": 0,
    "num_depleted": 0,
    "num_transmited_bytes": 21826112
  },
  "39": {
    "total_mJ": 3292613050.3182983,
    "total_ceq": 249.56655232185537,
    "num_expired_thresh": 0,
    "num_depleted": 0,
    "num_transmited_bytes": 21826112
  },
  "40": {
    "total_mJ": 2142811967.0542815,
    "total_ceq": 162.98981570348323,
    "num_expired_thresh": 0,
    "num_depleted": 0,
    "num_transmited_bytes": 21826112
  },
  "41": {
    "total_mJ": 1781328254.9757617,
    "total_ceq": 133.6784448311085,
    "num_expired_thresh": 0,
    "num_depleted": 0,
    "num_transmited_bytes": 21826112
  },
  "42": {
    "total_mJ": 3248664974.215987,
    "total_ceq": 245.875706822907,
    "num_expired_thresh": 0,
    "num_depleted": 0,
    "num_transmited_bytes": 21826112
  },
  "43": {
    "total_mJ": 1224323934.6069198,
    "total_ceq": 90.03400693064431,
    "num_expired_thresh": 0,
    "num_depleted": 0,
    "num_transmited_bytes": 21826112
  },
  "44": {
    "total_mJ": 1769145082.8203754,
    "total_ceq": 132.08012013779725,
    "num_expired_thresh": 0,
    "num_depleted": 0,
    "num_transmited_bytes": 21826112
  },
  "45": {
    "total_mJ": 1228610680.614614,
    "total_ceq": 91.32228720311525,
    "num_expired_thresh": 0,
    "num_depleted": 0,
    "num_transmited_bytes": 21826112
  },
  "46": {
    "total_mJ": 919997342.2566866,
    "total_ceq": 69.12685031321952,
    "num_expired_thresh": 0,
    "num_depleted": 0,
    "num_transmited_bytes": 21826112
  },
  "47": {
    "total_mJ": 1254722969.7894742,
    "total_ceq": 93.06167059598606,