{
  "0": {
    "cen_loss": 2.3027744300842286,
    "cen_accuracy": 0.1
  },
  "1": {
    "cen_loss": 2.3027744300842286,
    "cen_accuracy": 0.1
  },
  "2": {
    "cen_loss": 4.54547884979248,
    "cen_accuracy": 0.1
  },
  "3": {
    "cen_loss": 3.222419882583618,
    "cen_accuracy": 0.1372
  },
  "4": {
    "cen_loss": 6.246151998901367,
    "cen_accuracy": 0.1005
  },
  "5": {
    "cen_loss": 6.55509645690918,
    "cen_accuracy": 0.1
  },
  "6": {
    "cen_loss": 4.849379918670654,
    "cen_accuracy": 0.1285
  },
  "7": {
    "cen_loss": 4.187639764022827,
    "cen_accuracy": 0.1547
  },
  "8": {
    "cen_loss": 6.13465325088501,
    "cen_accuracy": 0.1007
  },
  "9": {
    "cen_loss": 3.1203819328308104,
    "cen_accuracy": 0.1792
  },
  "10": {
    "cen_loss": 3.782078534698486,
    "cen_accuracy": 0.1585
  },
  "11": {
    "cen_loss": 3.3441299486160276,
    "cen_accuracy": 0.1846
  },
  "12": {
    "cen_loss": 2.5913087217330935,
    "cen_accuracy": 0.238
  },
  "13": {
    "cen_loss": 2.7310547395706175,
    "cen_accuracy": 0.2484
  },
  "14": {
    "cen_loss": 2.1106204972267153,
    "cen_accuracy": 0.3137
  },
  "15": {
    "cen_loss": 2.080090338039398,
    "cen_accuracy": 0.34
  },
  "16": {
    "cen_loss": 2.3591860069274904,
    "cen_accuracy": 0.2982
  },
  "17": {
    "cen_loss": 2.3286056240081785,
    "cen_accuracy": 0.3288
  },
  "18": {
    "cen_loss": 1.8669887105941771,
    "cen_accuracy": 0.4176
  },
  "19": {
    "cen_loss": 1.8690597764968873,
    "cen_accuracy": 0.4117
  },
  "20": {
    "cen_loss": 1.7871302443027497,
    "cen_accuracy": 0.4319
  },
  "21": {
    "cen_loss": 1.8178615831375122,
    "cen_accuracy": 0.4366
  },
  "22": {
    "cen_loss": 1.6905784085273743,
    "cen_accuracy": 0.4581
  },
  "23": {
    "cen_loss": 1.6331273595809936,
    "cen_accuracy": 0.4663
  },
  "24": {
    "cen_loss": 1.590645610332489,
    "cen_accuracy": 0.4818
  },
  "25": {
    "cen_loss": 1.750293335056305,
    "cen_accuracy": 0.4582
  },
  "26": {
    "cen_loss": 1.3639157891750335,
    "cen_accuracy": 0.5334
  },
  "27": {
    "cen_loss": 1.3668216951847076,
    "cen_accuracy": 0.5399
  },
  "28": {
    "cen_loss": 1.7001274571418763,
    "cen_accuracy": 0.4879
  },
  "29": {
    "cen_loss": 1.3813185719013215,
    "cen_accuracy": 0.5744
  },
  "30": {
    "cen_loss": 1.4646642725944519,
    "cen_accuracy": 0.541
  },
  "31": {
    "cen_loss": 1.7440980909347534,
    "cen_accuracy": 0.4847
  },
  "32": {
    "cen_loss": 1.6098266319274903,
    "cen_accuracy": 0.4952
  },
  "33": {
    "cen_loss": 1.308968542122841,
    "cen_accuracy": 0.5862
  },
  "34": {
    "cen_loss": 1.549654328608513,
    "cen_accuracy": 0.5448
  },
  "35": {
    "cen_loss": 1.567759503364563,
    "cen_accuracy": 0.5111
  },
  "36": {
    "cen_loss": 1.569101787996292,
    "cen_accuracy": 0.5016
  },
  "37": {
    "cen_loss": 1.1617575813293457,
    "cen_accuracy": 0.6192
  },
  "38": {
    "cen_loss": 1.331097241306305,
    "cen_accuracy": 0.5836
  },
  "39": {
    "cen_loss": 1.6429430286884308,
    "cen_accuracy": 0.5457
  },
  "40": {
    "cen_loss": 1.1942714230060578,
    "cen_accuracy": 0.6097
  },
  "41": {
    "cen_loss": 1.5590967940330505,
    "cen_accuracy": 0.5559
  },
  "42": {
    "cen_loss": 1.367863783121109,
    "cen_accuracy": 0.5915
  },
  "43": {
    "cen_loss": 1.587286031961441,
    "cen_accuracy": 0.5374
  },
  "44": {
    "cen_loss": 1.7247955099105834,
    "cen_accuracy": 0.5102
  },
  "45": {
    "cen_loss": 1.46465235414505,
    "cen_accuracy": 0.5602
  },
  "46": {
    "cen_loss": 1.2498767878532409,
    "cen_accuracy": 0.5973
  },
  "47": {
    "cen_loss": 1.2946663207054139,
    "cen_accuracy": 0.6018
  },
  "48": {
    "cen_loss": 1.7230834196567535,
    "cen_accuracy": 0.5344
  },
  "49": {
    "cen_loss": 1.1326337018013,
    "cen_accuracy": 0.6257
  },
  "50": {
    "cen_loss": 1.2748353687763214,
    "cen_accuracy": 0.5989
  },
  "51": {
    "cen_loss": 1.2381936004638672,
    "cen_accuracy": 0.6021
  },
  "52": {
    "cen_loss": 0.9874225436210632,
    "cen_accuracy": 0.6689
  },
  "53": {
    "cen_loss": 0.9316183511137962,
    "cen_accuracy": 0.6894
  },
  "54": {
    "cen_loss": 0.964608462202549,
    "cen_accuracy": 0.6828
  },
  "55": {
    "cen_loss": 0.9174789455294609,
    "cen_accuracy": 0.6894
  },
  "56": {
    "cen_loss": 0.879692630147934,
    "cen_accuracy": 0.7023
  },
  "57": {
    "cen_loss": 1.172549672460556,
    "cen_accuracy": 0.62
  },
  "58": {
    "cen_loss": 0.9295570132493973,
    "cen_accuracy": 0.6851
  },
  "59": {
    "cen_loss": 0.9438431388854981,
    "cen_accuracy": 0.6879
  },
  "60": {
    "cen_loss": 0.9096835481643677,
    "cen_accuracy": 0.7005
  },
  "61": {
    "cen_loss": 0.9048529820680619,
    "cen_accuracy": 0.7013
  },
  "62": {
    "cen_loss": 0.9128567089796066,
    "cen_accuracy": 0.6989
  },
  "63": {
    "cen_loss": 0.9572000838518143,
    "cen_accuracy": 0.6869
  },
  "64": {
    "cen_loss": 0.8622627994298935,
    "cen_accuracy": 0.7116
  },
  "65": {
    "cen_loss": 0.861887815952301,
    "cen_accuracy": 0.7135
  },
  "66": {
    "cen_loss": 0.8585419627189637,
    "cen_accuracy": 0.7158
  },
  "67": {
    "cen_loss": 0.8886313507795334,
    "cen_accuracy": 0.7136
  },
  "68": {
    "cen_loss": 0.9335632692575455,
    "cen_accuracy": 0.6971
  },
  "69": {
    "cen_loss": 0.8861110435962677,
    "cen_accuracy": 0.7135
  },
  "70": {
    "cen_loss": 0.8922959007978439,
    "cen_accuracy": 0.7145
  },
  "71": {
    "cen_loss": 0.9552456183671951,
    "cen_accuracy": 0.6976
  },
  "72": {
    "cen_loss": 0.9809778024673462,
    "cen_accuracy": 0.6944
  },
  "73": {
    "cen_loss": 0.8371537899971009,
    "cen_accuracy": 0.7231
  },
  "74": {
    "cen_loss": 0.9114713626623153,
    "cen_accuracy": 0.7059
  },
  "75": {
    "cen_loss": 0.8620715514898301,
    "cen_accuracy": 0.7133
  },
  "76": {
    "cen_loss": 0.9164038799524308,
    "cen_accuracy": 0.7043
  },
  "77": {
    "cen_loss": 0.8694270112037659,
    "cen_accuracy": 0.7143
  },
  "78": {
    "cen_loss": 0.8686708003401756,
    "cen_accuracy": 0.7234
  },
  "79": {
    "cen_loss": 0.8885855591654778,
    "cen_accuracy": 0.7166
  },
  "80": {
    "cen_loss": 0.9044309572696686,
    "cen_accuracy": 0.7136
  },
  "81": {
    "cen_loss": 0.8730945833683014,
    "cen_accuracy": 0.7186
  },
  "82": {
    "cen_loss": 0.8770098570227624,
    "cen_accuracy": 0.7143
  },
  "83": {
    "cen_loss": 0.8534392858028412,
    "cen_accuracy": 0.7224
  },
  "84": {
    "cen_loss": 0.8399825924038887,
    "cen_accuracy": 0.7294
  },
  "85": {
    "cen_loss": 0.8278917931318283,
    "cen_accuracy": 0.7277
  },
  "86": {
    "cen_loss": 0.8678733543157577,
    "cen_accuracy": 0.7219
  },
  "87": {
    "cen_loss": 0.8529836172699928,
    "cen_accuracy": 0.7248
  },
  "88": {
    "cen_loss": 0.8436714424490929,
    "cen_accuracy": 0.7328
  },
  "89": {
    "cen_loss": 0.8055626948595047,
    "cen_accuracy": 0.7388
  },
  "90": {
    "cen_loss": 0.8404392089128494,
    "cen_accuracy": 0.7305
  },
  "91": {
    "cen_loss": 0.8272796094179153,
    "cen_accuracy": 0.7365
  },
  "92": {
    "cen_loss": 0.862686526799202,
    "cen_accuracy": 0.7236
  },
  "93": {
    "cen_loss": 0.8310462722301483,
    "cen_accuracy": 0.732
  },
  "94": {
    "cen_loss": 0.8459678049921989,
    "cen_accuracy": 0.731
  },
  "95": {
    "cen_loss": 0.9132890104174614,
    "cen_accuracy": 0.7185
  },
  "96": {
    "cen_loss": 0.8145491553544998,
    "cen_accuracy": 0.741
  },
  "97": {
    "cen_loss": 0.828103206896782,
    "cen_accuracy": 0.7379
  },
  "98": {
    "cen_loss": 0.8127850452661515,
    "cen_accuracy": 0.7401
  },
  "99": {
    "cen_loss": 0.8196540904045105,
    "cen_accuracy": 0.7356
  },
  "100": {
    "cen_loss": 0.9161163408041,
    "cen_accuracy": 0.7136
  },
  "101": {
    "cen_loss": 0.848886077785492,
    "cen_accuracy": 0.7332
  }
}