{
  "0": {
    "cen_loss": 2.302716353225708,
    "cen_accuracy": 0.1
  },
  "1": {
    "cen_loss": 2.302716353225708,
    "cen_accuracy": 0.1
  },
  "2": {
    "cen_loss": 2.6574739780426024,
    "cen_accuracy": 0.1
  },
  "3": {
    "cen_loss": 3.23501802482605,
    "cen_accuracy": 0.1
  },
  "4": {
    "cen_loss": 4.367413975143433,
    "cen_accuracy": 0.1034
  },
  "5": {
    "cen_loss": 6.2577148525238036,
    "cen_accuracy": 0.1
  },
  "6": {
    "cen_loss": 4.514410832214356,
    "cen_accuracy": 0.1
  },
  "7": {
    "cen_loss": 6.543060697555542,
    "cen_accuracy": 0.1
  },
  "8": {
    "cen_loss": 6.4261407405853275,
    "cen_accuracy": 0.1
  },
  "9": {
    "cen_loss": 6.259800537872314,
    "cen_accuracy": 0.1
  },
  "10": {
    "cen_loss": 4.543559375762939,
    "cen_accuracy": 0.124
  },
  "11": {
    "cen_loss": 3.397401347351074,
    "cen_accuracy": 0.1803
  },
  "12": {
    "cen_loss": 3.6556608081817625,
    "cen_accuracy": 0.1193
  },
  "13": {
    "cen_loss": 2.9939262504577635,
    "cen_accuracy": 0.1479
  },
  "14": {
    "cen_loss": 2.5831611961364747,
    "cen_accuracy": 0.2564
  },
  "15": {
    "cen_loss": 2.3244644315719603,
    "cen_accuracy": 0.2792
  },
  "16": {
    "cen_loss": 2.355262685585022,
    "cen_accuracy": 0.2968
  },
  "17": {
    "cen_loss": 1.8828802562713622,
    "cen_accuracy": 0.3653
  },
  "18": {
    "cen_loss": 1.988543222618103,
    "cen_accuracy": 0.34
  },
  "19": {
    "cen_loss": 2.924756388282776,
    "cen_accuracy": 0.2408
  },
  "20": {
    "cen_loss": 2.53737705078125,
    "cen_accuracy": 0.3525
  },
  "21": {
    "cen_loss": 1.948714517879486,
    "cen_accuracy": 0.4442
  },
  "22": {
    "cen_loss": 1.6560632232666015,
    "cen_accuracy": 0.4354
  },
  "23": {
    "cen_loss": 1.6101330172538757,
    "cen_accuracy": 0.4531
  },
  "24": {
    "cen_loss": 1.9134752120971679,
    "cen_accuracy": 0.3758
  },
  "25": {
    "cen_loss": 2.224523560714722,
    "cen_accuracy": 0.3383
  },
  "26": {
    "cen_loss": 1.7820106476783752,
    "cen_accuracy": 0.4318
  },
  "27": {
    "cen_loss": 1.8254900238513947,
    "cen_accuracy": 0.4599
  },
  "28": {
    "cen_loss": 1.6041722366333009,
    "cen_accuracy": 0.4714
  },
  "29": {
    "cen_loss": 1.4171499254226685,
    "cen_accuracy": 0.5098
  },
  "30": {
    "cen_loss": 1.3481166095733643,
    "cen_accuracy": 0.5442
  },
  "31": {
    "cen_loss": 1.4659616786956786,
    "cen_accuracy": 0.5037
  },
  "32": {
    "cen_loss": 1.2753909520149231,
    "cen_accuracy": 0.5686
  },
  "33": {
    "cen_loss": 1.5371725206375122,
    "cen_accuracy": 0.4984
  },
  "34": {
    "cen_loss": 1.413205300426483,
    "cen_accuracy": 0.5342
  },
  "35": {
    "cen_loss": 1.4030967031478883,
    "cen_accuracy": 0.4924
  },
  "36": {
    "cen_loss": 1.629830969429016,
    "cen_accuracy": 0.4635
  },
  "37": {
    "cen_loss": 1.3197868716716767,
    "cen_accuracy": 0.5513
  },
  "38": {
    "cen_loss": 1.3136124096870423,
    "cen_accuracy": 0.5525
  },
  "39": {
    "cen_loss": 1.5513069945335387,
    "cen_accuracy": 0.4729
  },
  "40": {
    "cen_loss": 1.243609323835373,
    "cen_accuracy": 0.5732
  },
  "41": {
    "cen_loss": 1.7538876209259033,
    "cen_accuracy": 0.4464
  },
  "42": {
    "cen_loss": 1.2471301403045654,
    "cen_accuracy": 0.5636
  },
  "43": {
    "cen_loss": 1.6321113359451294,
    "cen_accuracy": 0.4882
  },
  "44": {
    "cen_loss": 1.190555268239975,
    "cen_accuracy": 0.5914
  },
  "45": {
    "cen_loss": 1.265307551765442,
    "cen_accuracy": 0.5687
  },
  "46": {
    "cen_loss": 1.6668408777236938,
    "cen_accuracy": 0.4823
  },
  "47": {
    "cen_loss": 1.987969026184082,
    "cen_accuracy": 0.4236
  },
  "48": {
    "cen_loss": 1.6556388669967652,
    "cen_accuracy": 0.491
  },
  "49": {
    "cen_loss": 1.2186008665561676,
    "cen_accuracy": 0.5722
  },
  "50": {
    "cen_loss": 1.448635785675049,
    "cen_accuracy": 0.5131
  },
  "51": {
    "cen_loss": 1.7600082282543181,
    "cen_accuracy": 0.4673
  },
  "52": {
    "cen_loss": 1.3064014486789703,
    "cen_accuracy": 0.563
  },
  "53": {
    "cen_loss": 1.4498442254543304,
    "cen_accuracy": 0.5247
  },
  "54": {
    "cen_loss": 1.667903667163849,
    "cen_accuracy": 0.4869
  },
  "55": {
    "cen_loss": 2.2511456946372985,
    "cen_accuracy": 0.383
  },
  "56": {
    "cen_loss": 1.4831822654247284,
    "cen_accuracy": 0.5271
  },
  "57": {
    "cen_loss": 1.290909515619278,
    "cen_accuracy": 0.5911
  },
  "58": {
    "cen_loss": 1.3746025498867034,
    "cen_accuracy": 0.5592
  },
  "59": {
    "cen_loss": 1.2079301648616791,
    "cen_accuracy": 0.6118
  },
  "60": {
    "cen_loss": 1.1983626192331314,
    "cen_accuracy": 0.6053
  },
  "61": {
    "cen_loss": 1.1843975580692292,
    "cen_accuracy": 0.594
  },
  "62": {
    "cen_loss": 1.368092235326767,
    "cen_accuracy": 0.5679
  },
  "63": {
    "cen_loss": 1.1442670711517333,
    "cen_accuracy": 0.6084
  },
  "64": {
    "cen_loss": 1.4354981622695924,
    "cen_accuracy": 0.5214
  },
  "65": {
    "cen_loss": 1.1591593878269195,
    "cen_accuracy": 0.6108
  },
  "66": {
    "cen_loss": 1.2144006621837615,
    "cen_accuracy": 0.5959
  },
  "67": {
    "cen_loss": 1.1915850998878479,
    "cen_accuracy": 0.598
  },
  "68": {
    "cen_loss": 1.2434317363739014,
    "cen_accuracy": 0.5936
  },
  "69": {
    "cen_loss": 1.5631272485256196,
    "cen_accuracy": 0.5221
  },
  "70": {
    "cen_loss": 1.4098035883188247,
    "cen_accuracy": 0.5579
  },
  "71": {
    "cen_loss": 1.4286319388866424,
    "cen_accuracy": 0.5513
  },
  "72": {
    "cen_loss": 1.4871231009960175,
    "cen_accuracy": 0.5321
  },
  "73": {
    "cen_loss": 1.264695475769043,
    "cen_accuracy": 0.595
  },
  "74": {
    "cen_loss": 1.4166188638925552,
    "cen_accuracy": 0.5368
  },
  "75": {
    "cen_loss": 1.1751038185119629,
    "cen_accuracy": 0.6133
  },
  "76": {
    "cen_loss": 1.1950570540905,
    "cen_accuracy": 0.5982
  },
  "77": {
    "cen_loss": 1.075706542634964,
    "cen_accuracy": 0.6393
  },
  "78": {
    "cen_loss": 1.2918387645244598,
    "cen_accuracy": 0.5839
  },
  "79": {
    "cen_loss": 1.1128524565696716,
    "cen_accuracy": 0.6268
  },
  "80": {
    "cen_loss": 1.5048833169937135,
    "cen_accuracy": 0.5531
  },
  "81": {
    "cen_loss": 1.5063126292705535,
    "cen_accuracy": 0.5294
  },
  "82": {
    "cen_loss": 1.1439839417934419,
    "cen_accuracy": 0.6123
  },
  "83": {
    "cen_loss": 1.1088712875843048,
    "cen_accuracy": 0.6198
  },
  "84": {
    "cen_loss": 0.9919158330440522,
    "cen_accuracy": 0.6669
  },
  "85": {
    "cen_loss": 1.5125006992816925,
    "cen_accuracy": 0.5378
  },
  "86": {
    "cen_loss": 1.2814347043037415,
    "cen_accuracy": 0.5827
  },
  "87": {
    "cen_loss": 1.4976150813579558,
    "cen_accuracy": 0.545
  },
  "88": {
    "cen_loss": 1.4598426123142243,
    "cen_accuracy": 0.5827
  },
  "89": {
    "cen_loss": 0.9535207257270814,
    "cen_accuracy": 0.6833
  },
  "90": {
    "cen_loss": 1.6330558136463165,
    "cen_accuracy": 0.4934
  },
  "91": {
    "cen_loss": 1.2096885440349578,
    "cen_accuracy": 0.6071
  },
  "92": {
    "cen_loss": 1.2272989832401275,
    "cen_accuracy": 0.6112
  },
  "93": {
    "cen_loss": 1.2661073966026306,
    "cen_accuracy": 0.5809
  },
  "94": {
    "cen_loss": 1.5837349439620971,
    "cen_accuracy": 0.5326
  },
  "95": {
    "cen_loss": 1.338805199766159,
    "cen_accuracy": 0.583
  },
  "96": {
    "cen_loss": 1.3031761762142182,
    "cen_accuracy": 0.5935
  },
  "97": {
    "cen_loss": 1.381650953912735,
    "cen_accuracy": 0.5661
  },
  "98": {
    "cen_loss": 1.8996387853622436,
    "cen_accuracy": 0.459
  },
  "99": {
    "cen_loss": 2.116425727939606,
    "cen_accuracy": 0.4376
  },
  "100": {
    "cen_loss": 1.7358530230998992,
    "cen_accuracy": 0.4995
  },
  "101": {
    "cen_loss": 1.026861847257614,
    "cen_accuracy": 0.6649
  }
}