{
  "0": {
    "cen_loss": 2.3027744300842286,
    "cen_accuracy": 0.1
  },
  "1": {
    "cen_loss": 2.3027744300842286,
    "cen_accuracy": 0.1
  },
  "2": {
    "cen_loss": 4.655446697616577,
    "cen_accuracy": 0.1
  },
  "3": {
    "cen_loss": 5.094135319519043,
    "cen_accuracy": 0.1
  },
  "4": {
    "cen_loss": 4.4238153781890865,
    "cen_accuracy": 0.1
  },
  "5": {
    "cen_loss": 3.213392075920105,
    "cen_accuracy": 0.1172
  },
  "6": {
    "cen_loss": 2.6064149370193483,
    "cen_accuracy": 0.1059
  },
  "7": {
    "cen_loss": 7.519235792541504,
    "cen_accuracy": 0.1
  },
  "8": {
    "cen_loss": 3.0533580390930175,
    "cen_accuracy": 0.3237
  },
  "9": {
    "cen_loss": 3.0036066818237304,
    "cen_accuracy": 0.2622
  },
  "10": {
    "cen_loss": 3.9052102899551393,
    "cen_accuracy": 0.2292
  },
  "11": {
    "cen_loss": 3.583841955947876,
    "cen_accuracy": 0.251
  },
  "12": {
    "cen_loss": 4.811100618362427,
    "cen_accuracy": 0.1592
  },
  "13": {
    "cen_loss": 3.9745311492919924,
    "cen_accuracy": 0.2258
  },
  "14": {
    "cen_loss": 4.646798332977295,
    "cen_accuracy": 0.2658
  },
  "15": {
    "cen_loss": 2.8194738626480103,
    "cen_accuracy": 0.3186
  },
  "16": {
    "cen_loss": 3.4051559591293334,
    "cen_accuracy": 0.2407
  },
  "17": {
    "cen_loss": 2.3967112270355226,
    "cen_accuracy": 0.3545
  },
  "18": {
    "cen_loss": 3.2899378183364867,
    "cen_accuracy": 0.3013
  },
  "19": {
    "cen_loss": 4.040902240753174,
    "cen_accuracy": 0.1563
  },
  "20": {
    "cen_loss": 6.120853018188477,
    "cen_accuracy": 0.1074
  },
  "21": {
    "cen_loss": 3.024341142177582,
    "cen_accuracy": 0.3077
  },
  "22": {
    "cen_loss": 2.046164345550537,
    "cen_accuracy": 0.408
  },
  "23": {
    "cen_loss": 2.658879328918457,
    "cen_accuracy": 0.3695
  },
  "24": {
    "cen_loss": 2.3559097915649416,
    "cen_accuracy": 0.35
  },
  "25": {
    "cen_loss": 2.362814722442627,
    "cen_accuracy": 0.304
  },
  "26": {
    "cen_loss": 1.687865607357025,
    "cen_accuracy": 0.4165
  },
  "27": {
    "cen_loss": 2.170255470561981,
    "cen_accuracy": 0.3956
  },
  "28": {
    "cen_loss": 1.931721448326111,
    "cen_accuracy": 0.4035
  },
  "29": {
    "cen_loss": 1.954942955970764,
    "cen_accuracy": 0.408
  },
  "30": {
    "cen_loss": 2.0113701149940493,
    "cen_accuracy": 0.4091
  },
  "31": {
    "cen_loss": 3.030343258857727,
    "cen_accuracy": 0.2993
  },
  "32": {
    "cen_loss": 3.031268451499939,
    "cen_accuracy": 0.3338
  },
  "33": {
    "cen_loss": 2.6253543729782103,
    "cen_accuracy": 0.3476
  },
  "34": {
    "cen_loss": 3.3962756092071533,
    "cen_accuracy": 0.3245
  },
  "35": {
    "cen_loss": 2.6656608693122865,
    "cen_accuracy": 0.3503
  },
  "36": {
    "cen_loss": 2.100275625705719,
    "cen_accuracy": 0.396
  },
  "37": {
    "cen_loss": 4.021774665641785,
    "cen_accuracy": 0.2503
  },
  "38": {
    "cen_loss": 2.15140491476059,
    "cen_accuracy": 0.336
  },
  "39": {
    "cen_loss": 2.3826212109565734,
    "cen_accuracy": 0.4465
  },
  "40": {
    "cen_loss": 2.946906003189087,
    "cen_accuracy": 0.4151
  },
  "41": {
    "cen_loss": 1.8410369229316712,
    "cen_accuracy": 0.4784
  },
  "42": {
    "cen_loss": 1.8027980461120605,
    "cen_accuracy": 0.5193
  },
  "43": {
    "cen_loss": 2.5973190828323363,
    "cen_accuracy": 0.3386
  },
  "44": {
    "cen_loss": 1.4971643155574799,
    "cen_accuracy": 0.561
  },
  "45": {
    "cen_loss": 2.297795001602173,
    "cen_accuracy": 0.3716
  },
  "46": {
    "cen_loss": 2.031419241333008,
    "cen_accuracy": 0.5196
  },
  "47": {
    "cen_loss": 1.6109565426826478,
    "cen_accuracy": 0.4851
  },
  "48": {
    "cen_loss": 2.098851843261719,
    "cen_accuracy": 0.4213
  },
  "49": {
    "cen_loss": 2.337196734905243,
    "cen_accuracy": 0.3794
  },
  "50": {
    "cen_loss": 2.8586160488128662,
    "cen_accuracy": 0.3483
  },
  "51": {
    "cen_loss": 1.6622681198120117,
    "cen_accuracy": 0.4965
  },
  "52": {
    "cen_loss": 2.2097313752174377,
    "cen_accuracy": 0.4559
  },
  "53": {
    "cen_loss": 1.686306269788742,
    "cen_accuracy": 0.5798
  },
  "54": {
    "cen_loss": 2.0423119012832642,
    "cen_accuracy": 0.4789
  },
  "55": {
    "cen_loss": 4.070387236785889,
    "cen_accuracy": 0.3312
  },
  "56": {
    "cen_loss": 2.947432837677002,
    "cen_accuracy": 0.2607
  },
  "57": {
    "cen_loss": 2.276264629840851,
    "cen_accuracy": 0.3643
  },
  "58": {
    "cen_loss": 2.539866088676453,
    "cen_accuracy": 0.2901
  },
  "59": {
    "cen_loss": 2.65693337020874,
    "cen_accuracy": 0.317
  },
  "60": {
    "cen_loss": 3.5363945901870726,
    "cen_accuracy": 0.2904
  },
  "61": {
    "cen_loss": 1.333905252456665,
    "cen_accuracy": 0.5006
  },
  "62": {
    "cen_loss": 1.7797860595703126,
    "cen_accuracy": 0.3868
  },
  "63": {
    "cen_loss": 1.5540024132728576,
    "cen_accuracy": 0.5105
  },
  "64": {
    "cen_loss": 1.6817592026233672,
    "cen_accuracy": 0.5243
  },
  "65": {
    "cen_loss": 3.64235888671875,
    "cen_accuracy": 0.2488
  },
  "66": {
    "cen_loss": 2.549809267425537,
    "cen_accuracy": 0.2355
  },
  "67": {
    "cen_loss": 1.693329994392395,
    "cen_accuracy": 0.5039
  },
  "68": {
    "cen_loss": 2.0849090085029602,
    "cen_accuracy": 0.4605
  },
  "69": {
    "cen_loss": 2.3023726716041564,
    "cen_accuracy": 0.4952
  },
  "70": {
    "cen_loss": 3.1452091805458067,
    "cen_accuracy": 0.4225
  },
  "71": {
    "cen_loss": 1.5057061016082764,
    "cen_accuracy": 0.5569
  },
  "72": {
    "cen_loss": 2.7761838005065917,
    "cen_accuracy": 0.3826
  },
  "73": {
    "cen_loss": 1.4219936886787414,
    "cen_accuracy": 0.5759
  },
  "74": {
    "cen_loss": 1.4386967122077943,
    "cen_accuracy": 0.5354
  },
  "75": {
    "cen_loss": 1.684478096485138,
    "cen_accuracy": 0.5686
  },
  "76": {
    "cen_loss": 1.3798787949323654,
    "cen_accuracy": 0.613
  },
  "77": {
    "cen_loss": 2.5857394254684447,
    "cen_accuracy": 0.3675
  },
  "78": {
    "cen_loss": 1.4345469654083252,
    "cen_accuracy": 0.5864
  },
  "79": {
    "cen_loss": 1.4650436926364898,
    "cen_accuracy": 0.5111
  },
  "80": {
    "cen_loss": 2.0959418519973756,
    "cen_accuracy": 0.4237
  },
  "81": {
    "cen_loss": 1.3994558022499084,
    "cen_accuracy": 0.494
  },
  "82": {
    "cen_loss": 1.5458788779258728,
    "cen_accuracy": 0.5039
  },
  "83": {
    "cen_loss": 1.8888048114776612,
    "cen_accuracy": 0.5149
  },
  "84": {
    "cen_loss": 2.8016302667617796,
    "cen_accuracy": 0.3447
  },
  "85": {
    "cen_loss": 1.6428754772901535,
    "cen_accuracy": 0.5138
  },
  "86": {
    "cen_loss": 1.8486117890357971,
    "cen_accuracy": 0.5026
  },
  "87": {
    "cen_loss": 1.1697350416183472,
    "cen_accuracy": 0.5984
  },
  "88": {
    "cen_loss": 1.5583237956523894,
    "cen_accuracy": 0.5395
  },
  "89": {
    "cen_loss": 1.8603421986579896,
    "cen_accuracy": 0.5535
  },
  "90": {
    "cen_loss": 2.067071908044815,
    "cen_accuracy": 0.5304
  },
  "91": {
    "cen_loss": 2.4162833756446838,
    "cen_accuracy": 0.3992
  },
  "92": {
    "cen_loss": 1.4242016131401063,
    "cen_accuracy": 0.5099
  },
  "93": {
    "cen_loss": 0.9189728872537613,
    "cen_accuracy": 0.6994
  },
  "94": {
    "cen_loss": 1.9119805662155152,
    "cen_accuracy": 0.5445
  },
  "95": {
    "cen_loss": 0.9088119950771332,
    "cen_accuracy": 0.6801
  },
  "96": {
    "cen_loss": 2.0368816044807434,
    "cen_accuracy": 0.4756
  },
  "97": {
    "cen_loss": 2.436950375843048,
    "cen_accuracy": 0.4055
  },
  "98": {
    "cen_loss": 1.932113912010193,
    "cen_accuracy": 0.4144
  },
  "99": {
    "cen_loss": 2.1846017526626587,
    "cen_accuracy": 0.5064
  },
  "100": {
    "cen_loss": 2.6165812558174135,
    "cen_accuracy": 0.4642
  },
  "101": {
    "cen_loss": 1.844229246044159,
    "cen_accuracy": 0.5275
  },
  "102": {
    "cen_loss": 1.1544516589164733,
    "cen_accuracy": 0.6217
  },
  "103": {
    "cen_loss": 1.394608804321289,