{
  "0": {
    "cen_loss": 2.303392876815796,
    "cen_accuracy": 0.1
  },
  "1": {
    "cen_loss": 2.303392876815796,
    "cen_accuracy": 0.1
  },
  "2": {
    "cen_loss": 2.181292451286316,
    "cen_accuracy": 0.1858
  },
  "3": {
    "cen_loss": 1.7480047943115233,
    "cen_accuracy": 0.3726
  },
  "4": {
    "cen_loss": 1.7981265825271606,
    "cen_accuracy": 0.3592
  },
  "5": {
    "cen_loss": 1.6559214516639709,
    "cen_accuracy": 0.4359
  },
  "6": {
    "cen_loss": 1.7817680290222169,
    "cen_accuracy": 0.3869
  },
  "7": {
    "cen_loss": 1.7852634410858155,
    "cen_accuracy": 0.4132
  },
  "8": {
    "cen_loss": 1.7308050726890565,
    "cen_accuracy": 0.4339
  },
  "9": {
    "cen_loss": 1.9123876456260682,
    "cen_accuracy": 0.4167
  },
  "10": {
    "cen_loss": 1.910048205947876,
    "cen_accuracy": 0.4169
  },
  "11": {
    "cen_loss": 1.707602895450592,
    "cen_accuracy": 0.4595
  },
  "12": {
    "cen_loss": 1.633379190826416,
    "cen_accuracy": 0.4787
  },
  "13": {
    "cen_loss": 1.6487460185050964,
    "cen_accuracy": 0.4837
  },
  "14": {
    "cen_loss": 1.8801741106033325,
    "cen_accuracy": 0.4597
  },
  "15": {
    "cen_loss": 1.7918323125839233,
    "cen_accuracy": 0.4621
  },
  "16": {
    "cen_loss": 1.7696258941650391,
    "cen_accuracy": 0.4739
  },
  "17": {
    "cen_loss": 1.8016971677780151,
    "cen_accuracy": 0.4386
  },
  "18": {
    "cen_loss": 1.7470912944793702,
    "cen_accuracy": 0.4719
  },
  "19": {
    "cen_loss": 1.7133262745857238,
    "cen_accuracy": 0.478
  },
  "20": {
    "cen_loss": 1.7133262893676757,
    "cen_accuracy": 0.478
  },
  "21": {
    "cen_loss": 1.7891650769233705,
    "cen_accuracy": 0.464
  },
  "22": {
    "cen_loss": 1.8030400940895082,
    "cen_accuracy": 0.4731
  },
  "23": {
    "cen_loss": 1.750200346851349,
    "cen_accuracy": 0.4879
  },
  "24": {
    "cen_loss": 1.721112178325653,
    "cen_accuracy": 0.4944
  },
  "25": {
    "cen_loss": 1.662598509311676,
    "cen_accuracy": 0.4921
  },
  "26": {
    "cen_loss": 1.6432421475410461,
    "cen_accuracy": 0.5063
  },
  "27": {
    "cen_loss": 1.6724781487464906,
    "cen_accuracy": 0.5038
  },
  "28": {
    "cen_loss": 1.7132019329071044,
    "cen_accuracy": 0.4738
  },
  "29": {
    "cen_loss": 1.7477557257652283,
    "cen_accuracy": 0.4889
  },
  "30": {
    "cen_loss": 1.7477557209014893,
    "cen_accuracy": 0.4889
  },
  "31": {
    "cen_loss": 1.64235096244812,
    "cen_accuracy": 0.5094
  },
  "32": {
    "cen_loss": 1.6352305912017822,
    "cen_accuracy": 0.5168
  },
  "33": {
    "cen_loss": 1.7063998302459717,
    "cen_accuracy": 0.4916
  },
  "34": {
    "cen_loss": 1.5982535982131958,
    "cen_accuracy": 0.527
  },
  "35": {
    "cen_loss": 1.868220657634735,
    "cen_accuracy": 0.4746
  },
  "36": {
    "cen_loss": 1.7615698389053345,
    "cen_accuracy": 0.4894
  },
  "37": {
    "cen_loss": 1.6675191247940064,
    "cen_accuracy": 0.5182
  },
  "38": {
    "cen_loss": 1.8383458178520202,
    "cen_accuracy": 0.4974
  },
  "39": {
    "cen_loss": 1.7911175641059875,
    "cen_accuracy": 0.5087
  },
  "40": {
    "cen_loss": 1.7911175656318665,
    "cen_accuracy": 0.5087
  },
  "41": {
    "cen_loss": 1.6459310227394104,
    "cen_accuracy": 0.5137
  },
  "42": {
    "cen_loss": 1.9371682371139527,
    "cen_accuracy": 0.4702
  },
  "43": {
    "cen_loss": 1.7641763055801392,
    "cen_accuracy": 0.5017
  },
  "44": {
    "cen_loss": 1.677575640296936,
    "cen_accuracy": 0.5047
  },
  "45": {
    "cen_loss": 1.7530453219890594,
    "cen_accuracy": 0.5074
  },
  "46": {
    "cen_loss": 1.7103367739677429,
    "cen_accuracy": 0.5173
  },
  "47": {
    "cen_loss": 1.7082923709869384,
    "cen_accuracy": 0.498
  },
  "48": {
    "cen_loss": 1.7973510618209838,
    "cen_accuracy": 0.4996
  },
  "49": {
    "cen_loss": 1.7592976325035095,
    "cen_accuracy": 0.501
  },
  "50": {
    "cen_loss": 1.759297648525238,
    "cen_accuracy": 0.501
  },
  "51": {
    "cen_loss": 1.7526851441860198,
    "cen_accuracy": 0.5088
  },
  "52": {
    "cen_loss": 1.7192596719741822,
    "cen_accuracy": 0.5194
  },
  "53": {
    "cen_loss": 1.698659952545166,
    "cen_accuracy": 0.5104
  },
  "54": {
    "cen_loss": 1.7731943526744842,
    "cen_accuracy": 0.4842
  },
  "55": {
    "cen_loss": 1.8372638743400573,
    "cen_accuracy": 0.4914
  },
  "56": {
    "cen_loss": 1.8930863340377808,
    "cen_accuracy": 0.5067
  },
  "57": {
    "cen_loss": 1.8934560118675232,
    "cen_accuracy": 0.4899
  },
  "58": {
    "cen_loss": 1.7086108016490937,
    "cen_accuracy": 0.5187
  },
  "59": {
    "cen_loss": 1.7329933869361878,
    "cen_accuracy": 0.5144
  },
  "60": {
    "cen_loss": 1.7329933424949646,
    "cen_accuracy": 0.5144
  },
  "61": {
    "cen_loss": 1.6885146742343902,
    "cen_accuracy": 0.5281
  },
  "62": {
    "cen_loss": 1.6405710945606231,
    "cen_accuracy": 0.5307
  },
  "63": {
    "cen_loss": 1.876047429561615,
    "cen_accuracy": 0.5126
  },
  "64": {
    "cen_loss": 1.7591610246181488,
    "cen_accuracy": 0.5126
  },
  "65": {
    "cen_loss": 1.8845514090538025,
    "cen_accuracy": 0.502
  },
  "66": {
    "cen_loss": 1.7888304149150849,
    "cen_accuracy": 0.5092
  },
  "67": {
    "cen_loss": 1.7911401291847229,
    "cen_accuracy": 0.5071
  },
  "68": {
    "cen_loss": 1.887277568912506,
    "cen_accuracy": 0.5018
  },
  "69": {
    "cen_loss": 1.8338354140281676,
    "cen_accuracy": 0.4919
  },
  "70": {
    "cen_loss": 1.8338354049682617,
    "cen_accuracy": 0.4919
  },
  "71": {
    "cen_loss": 1.820572978782654,
    "cen_accuracy": 0.5054
  },
  "72": {
    "cen_loss": 1.8645086529731751,
    "cen_accuracy": 0.4973
  },
  "73": {
    "cen_loss": 2.1973821855545044,
    "cen_accuracy": 0.4822
  },
  "74": {
    "cen_loss": 2.042176531410217,
    "cen_accuracy": 0.4906
  },
  "75": {
    "cen_loss": 1.8799404419898986,
    "cen_accuracy": 0.4886
  },
  "76": {
    "cen_loss": 1.7724589735031129,
    "cen_accuracy": 0.5037
  },
  "77": {
    "cen_loss": 1.7989596080303192,
    "cen_accuracy": 0.5034
  },
  "78": {
    "cen_loss": 1.7677230821609498,
    "cen_accuracy": 0.5073
  },
  "79": {
    "cen_loss": 1.857284709739685,
    "cen_accuracy": 0.5214
  },
  "80": {
    "cen_loss": 1.8572846691131593,
    "cen_accuracy": 0.5214
  },
  "81": {
    "cen_loss": 1.8727815393447875,
    "cen_accuracy": 0.5114
  },
  "82": {
    "cen_loss": 1.8529553943634034,
    "cen_accuracy": 0.4901
  },
  "83": {
    "cen_loss": 1.7548824436187744,
    "cen_accuracy": 0.5299
  },
  "84": {
    "cen_loss": 1.8221991998672484,
    "cen_accuracy": 0.5222
  },
  "85": {
    "cen_loss": 1.8499686982154846,
    "cen_accuracy": 0.5121
  },
  "86": {
    "cen_loss": 1.9396404093265533,
    "cen_accuracy": 0.4889
  },
  "87": {
    "cen_loss": 1.7398451848983765,
    "cen_accuracy": 0.5097
  },
  "88": {
    "cen_loss": 2.01205235414505,
    "cen_accuracy": 0.485
  },
  "89": {
    "cen_loss": 1.8878065308332443,
    "cen_accuracy": 0.5003
  },
  "90": {
    "cen_loss": 1.8878064610958099,
    "cen_accuracy": 0.5003
  },
  "91": {
    "cen_loss": 1.7901702780723572,
    "cen_accuracy": 0.5143
  },
  "92": {
    "cen_loss": 1.6823382167339325,
    "cen_accuracy": 0.528
  },
  "93": {
    "cen_loss": 1.914357403755188,
    "cen_accuracy": 0.5077
  },
  "94": {
    "cen_loss": 1.8501568050384523,
    "cen_accuracy": 0.5227
  },
  "95": {
    "cen_loss": 1.7577327199935913,
    "cen_accuracy": 0.5153
  },
  "96": {
    "cen_loss": 1.7874567048549652,
    "cen_accuracy": 0.5182
  },
  "97": {
    "cen_loss": 1.888861361026764,
    "cen_accuracy": 0.5074
  },
  "98": {
    "cen_loss": 1.816692077255249,
    "cen_accuracy": 0.4998
  },
  "99": {
    "cen_loss": 1.927937068939209,
    "cen_accuracy": 0.5054
  },
  "100": {
    "cen_loss": 1.9279370665550233,
    "cen_accuracy": 0.5054
  },
  "101": {
    "cen_loss": 1.8843632650375366,
    "cen_accuracy": 0.5049
  }
}