{
  "0": {
    "cen_loss": 0,
    "is_orig": true
  },
  "1": {
    "cen_loss": 0,
    "is_orig": true
  },
  "2": {
    "cen_loss": 2.3095344207763673,
    "is_orig": true,
    "cen_accuracy": 0.1331
  },
  "3": {
    "cen_loss": 2.1890391975402834,
    "is_orig": true,
    "cen_accuracy": 0.2283
  },
  "4": {
    "cen_loss": 1.9693378969192505,
    "is_orig": true,
    "cen_accuracy": 0.2983
  },
  "5": {
    "cen_loss": 2.118926642036438,
    "is_orig": false,
    "cen_accuracy": 0.2306
  },
  "6": {
    "cen_loss": 2.233946403026581,
    "is_orig": true,
    "cen_accuracy": 0.2992
  },
  "7": {
    "cen_loss": 2.0432003891944883,
    "is_orig": true,
    "cen_accuracy": 0.3342
  },
  "8": {
    "cen_loss": 1.995978809928894,
    "is_orig": true,
    "cen_accuracy": 0.3861
  },
  "9": {
    "cen_loss": 1.9586160705566407,
    "is_orig": true,
    "cen_accuracy": 0.374
  },
  "10": {
    "cen_loss": 1.9563220080375672,
    "is_orig": true,
    "cen_accuracy": 0.3743
  },
  "11": {
    "cen_loss": 2.120749411392212,
    "is_orig": true,
    "cen_accuracy": 0.385
  },
  "12": {
    "cen_loss": 1.729228773212433,
    "is_orig": true,
    "cen_accuracy": 0.419
  },
  "13": {
    "cen_loss": 2.09942958984375,
    "is_orig": false,
    "cen_accuracy": 0.3459
  },
  "14": {
    "cen_loss": 1.7004175778388977,
    "is_orig": true,
    "cen_accuracy": 0.4187
  },
  "15": {
    "cen_loss": 2.8030805475234986,
    "is_orig": true,
    "cen_accuracy": 0.3019
  },
  "16": {
    "cen_loss": 2.0193355476379393,
    "is_orig": true,
    "cen_accuracy": 0.3727
  },
  "17": {
    "cen_loss": 1.958251953125,
    "is_orig": false,
    "cen_accuracy": 0.3766
  },
  "18": {
    "cen_loss": 2.9159404264450073,
    "is_orig": true,
    "cen_accuracy": 0.29
  },
  "19": {
    "cen_loss": 2.1230461292266845,
    "is_orig": true,
    "cen_accuracy": 0.3595
  },
  "20": {
    "cen_loss": 2.123046156978607,
    "is_orig": true,
    "cen_accuracy": 0.3595
  },
  "21": {
    "cen_loss": 2.8362276208877564,
    "is_orig": true,
    "cen_accuracy": 0.3208
  },
  "22": {
    "cen_loss": 2.5744386888504027,
    "is_orig": false,
    "cen_accuracy": 0.3396
  },
  "23": {
    "cen_loss": 2.558798020553589,
    "is_orig": false,
    "cen_accuracy": 0.3612
  },
  "24": {
    "cen_loss": 2.19733574886322,
    "is_orig": false,
    "cen_accuracy": 0.3413
  },
  "25": {
    "cen_loss": 2.164192413139343,
    "is_orig": false,
    "cen_accuracy": 0.3838
  },
  "26": {
    "cen_loss": 2.1314356455802916,
    "is_orig": false,
    "cen_accuracy": 0.4048
  },
  "27": {
    "cen_loss": 1.8893246780395507,
    "is_orig": false,
    "cen_accuracy": 0.3807
  },
  "28": {
    "cen_loss": 2.0771955679893495,
    "is_orig": false,
    "cen_accuracy": 0.4044
  },
  "29": {
    "cen_loss": 2.404457518386841,
    "is_orig": false,
    "cen_accuracy": 0.3619
  },
  "30": {
    "cen_loss": 2.40445749130249,
    "is_orig": true,
    "cen_accuracy": 0.3619
  },
  "31": {
    "cen_loss": 1.857163601207733,
    "is_orig": true,
    "cen_accuracy": 0.4371
  },
  "32": {
    "cen_loss": 2.4234466808319093,
    "is_orig": false,
    "cen_accuracy": 0.3864
  },
  "33": {
    "cen_loss": 1.968712898349762,
    "is_orig": false,
    "cen_accuracy": 0.4284
  },
  "34": {
    "cen_loss": 2.8430815004348755,
    "is_orig": false,
    "cen_accuracy": 0.3733
  },
  "35": {
    "cen_loss": 2.318180033111572,
    "is_orig": false,
    "cen_accuracy": 0.3723
  },
  "36": {
    "cen_loss": 1.7834293976783753,
    "is_orig": false,
    "cen_accuracy": 0.4394
  },
  "37": {
    "cen_loss": 1.7551135486602782,
    "is_orig": true,
    "cen_accuracy": 0.4644
  },
  "38": {
    "cen_loss": 1.869784011554718,
    "is_orig": true,
    "cen_accuracy": 0.4609
  },
  "39": {
    "cen_loss": 2.1092501717567442,
    "is_orig": true,
    "cen_accuracy": 0.407
  },
  "40": {
    "cen_loss": 2.109250221538544,
    "is_orig": true,
    "cen_accuracy": 0.407
  },
  "41": {
    "cen_loss": 2.436885235595703,
    "is_orig": true,
    "cen_accuracy": 0.3862
  },
  "42": {
    "cen_loss": 2.009784655570984,
    "is_orig": true,
    "cen_accuracy": 0.4206
  },
  "43": {
    "cen_loss": 1.7466897994041444,
    "is_orig": false,
    "cen_accuracy": 0.4718
  },
  "44": {
    "cen_loss": 2.2620891551971436,
    "is_orig": false,
    "cen_accuracy": 0.3588
  },
  "45": {
    "cen_loss": 3.8381512870788574,
    "is_orig": false,
    "cen_accuracy": 0.2664
  },
  "46": {
    "cen_loss": 2.0056988107681275,
    "is_orig": false,
    "cen_accuracy": 0.3883
  },
  "47": {
    "cen_loss": 2.6495550483703614,
    "is_orig": false,
    "cen_accuracy": 0.3817
  },
  "48": {
    "cen_loss": 1.8966667067527772,
    "is_orig": false,
    "cen_accuracy": 0.4422
  },
  "49": {
    "cen_loss": 2.0405427636146545,
    "is_orig": true,
    "cen_accuracy": 0.4224
  },
  "50": {
    "cen_loss": 2.0405427293777465,
    "is_orig": true,
    "cen_accuracy": 0.4224
  },
  "51": {
    "cen_loss": 2.4221056087493897,
    "is_orig": true,
    "cen_accuracy": 0.3961
  },
  "52": {
    "cen_loss": 1.722838325214386,
    "is_orig": true,
    "cen_accuracy": 0.4595
  },
  "53": {
    "cen_loss": 1.9076078722000123,
    "is_orig": false,
    "cen_accuracy": 0.4442
  },
  "54": {
    "cen_loss": 3.2090566551208495,
    "is_orig": true,
    "cen_accuracy": 0.3381
  },
  "55": {
    "cen_loss": 2.218368015956879,
    "is_orig": false,
    "cen_accuracy": 0.3816
  },
  "56": {
    "cen_loss": 2.9327885124206543,
    "is_orig": false,
    "cen_accuracy": 0.3505
  },
  "57": {
    "cen_loss": 2.472388226890564,
    "is_orig": true,
    "cen_accuracy": 0.3713
  },
  "58": {
    "cen_loss": 3.232314822769165,
    "is_orig": true,
    "cen_accuracy": 0.3264
  },
  "59": {
    "cen_loss": 2.370100960636139,
    "is_orig": true,
    "cen_accuracy": 0.3994
  },
  "60": {
    "cen_loss": 2.370100953388214,
    "is_orig": true,
    "cen_accuracy": 0.3994
  },
  "61": {
    "cen_loss": 2.4830576797485353,
    "is_orig": false,
    "cen_accuracy": 0.3557
  },
  "62": {
    "cen_loss": 2.1965948563575743,
    "is_orig": false,
    "cen_accuracy": 0.3917
  },
  "63": {
    "cen_loss": 2.0392733925819395,
    "is_orig": true,
    "cen_accuracy": 0.4195
  },
  "64": {
    "cen_loss": 2.023575328540802,
    "is_orig": true,
    "cen_accuracy": 0.4458
  },
  "65": {
    "cen_loss": 1.931085283279419,
    "is_orig": false,
    "cen_accuracy": 0.4332
  },
  "66": {
    "cen_loss": 1.6818249067306519,
    "is_orig": true,
    "cen_accuracy": 0.4739
  },
  "67": {
    "cen_loss": 1.9781827448368072,
    "is_orig": true,
    "cen_accuracy": 0.4523
  },
  "68": {
    "cen_loss": 1.9083933912277222,
    "is_orig": true,
    "cen_accuracy": 0.4289
  },
  "69": {
    "cen_loss": 2.553899555015564,
    "is_orig": true,
    "cen_accuracy": 0.3716
  },
  "70": {
    "cen_loss": 2.553899522304535,
    "is_orig": true,
    "cen_accuracy": 0.3716
  },
  "71": {
    "cen_loss": 2.863774212551117,
    "is_orig": false,
    "cen_accuracy": 0.3726
  },
  "72": {
    "cen_loss": 2.5226528513908386,
    "is_orig": false,
    "cen_accuracy": 0.3989
  },
  "73": {
    "cen_loss": 2.0771469369888305,
    "is_orig": true,
    "cen_accuracy": 0.4048
  },
  "74": {
    "cen_loss": 2.8421193181991575,
    "is_orig": false,
    "cen_accuracy": 0.3707
  },
  "75": {
    "cen_loss": 1.8739612898826599,
    "is_orig": true,
    "cen_accuracy": 0.4335
  },
  "76": {
    "cen_loss": 2.0701817612648012,
    "is_orig": true,
    "cen_accuracy": 0.4093
  },
  "77": {
    "cen_loss": 1.8816179706573486,
    "is_orig": false,
    "cen_accuracy": 0.4493
  },
  "78": {
    "cen_loss": 2.2772676124572753,
    "is_orig": true,
    "cen_accuracy": 0.3827
  },
  "79": {
    "cen_loss": 1.7749004057884217,
    "is_orig": true,
    "cen_accuracy": 0.4638
  },
  "80": {
    "cen_loss": 1.7749004094123841,
    "is_orig": true,
    "cen_accuracy": 0.4638
  },
  "81": {
    "cen_loss": 2.3232603468894957,
    "is_orig": true,