{
  "0": {
    "cen_loss": 2.302716353225708,
    "cen_accuracy": 0.1
  },
  "1": {
    "cen_loss": 2.302716353225708,
    "cen_accuracy": 0.1
  },
  "2": {
    "cen_loss": 3.138602721786499,
    "cen_accuracy": 0.1
  },
  "3": {
    "cen_loss": 7.439600680160522,
    "cen_accuracy": 0.1
  },
  "4": {
    "cen_loss": 6.040953653717041,
    "cen_accuracy": 0.1
  },
  "5": {
    "cen_loss": 6.635531378555298,
    "cen_accuracy": 0.101
  },
  "6": {
    "cen_loss": 5.360603311538696,
    "cen_accuracy": 0.1016
  },
  "7": {
    "cen_loss": 5.956858617019654,
    "cen_accuracy": 0.1543
  },
  "8": {
    "cen_loss": 5.855349662780761,
    "cen_accuracy": 0.1471
  },
  "9": {
    "cen_loss": 5.148230299377442,
    "cen_accuracy": 0.1322
  },
  "10": {
    "cen_loss": 4.878149547958374,
    "cen_accuracy": 0.1232
  },
  "11": {
    "cen_loss": 3.9277936798095703,
    "cen_accuracy": 0.1648
  },
  "12": {
    "cen_loss": 3.594315390777588,
    "cen_accuracy": 0.1712
  },
  "13": {
    "cen_loss": 2.157252222251892,
    "cen_accuracy": 0.3296
  },
  "14": {
    "cen_loss": 2.107548705482483,
    "cen_accuracy": 0.3361
  },
  "15": {
    "cen_loss": 2.112934655761719,
    "cen_accuracy": 0.3587
  },
  "16": {
    "cen_loss": 1.702895272064209,
    "cen_accuracy": 0.4419
  },
  "17": {
    "cen_loss": 1.6447085739135743,
    "cen_accuracy": 0.4603
  },
  "18": {
    "cen_loss": 1.5235758016586303,
    "cen_accuracy": 0.5016
  },
  "19": {
    "cen_loss": 1.4826651539802551,
    "cen_accuracy": 0.5205
  },
  "20": {
    "cen_loss": 1.321453123998642,
    "cen_accuracy": 0.5682
  },
  "21": {
    "cen_loss": 1.5501837668418885,
    "cen_accuracy": 0.5087
  },
  "22": {
    "cen_loss": 1.3808461115837096,
    "cen_accuracy": 0.5611
  },
  "23": {
    "cen_loss": 1.33022090382576,
    "cen_accuracy": 0.5787
  },
  "24": {
    "cen_loss": 1.5908926830768586,
    "cen_accuracy": 0.5206
  },
  "25": {
    "cen_loss": 1.3384069289207459,
    "cen_accuracy": 0.573
  },
  "26": {
    "cen_loss": 1.256355513048172,
    "cen_accuracy": 0.6093
  },
  "27": {
    "cen_loss": 1.284351437139511,
    "cen_accuracy": 0.5925
  },
  "28": {
    "cen_loss": 1.1029679479599,
    "cen_accuracy": 0.6507
  },
  "29": {
    "cen_loss": 1.0596993322849273,
    "cen_accuracy": 0.6599
  },
  "30": {
    "cen_loss": 1.2735244525194167,
    "cen_accuracy": 0.6395
  },
  "31": {
    "cen_loss": 1.1900945864200592,
    "cen_accuracy": 0.6364
  },
  "32": {
    "cen_loss": 1.0638132419347763,
    "cen_accuracy": 0.667
  },
  "33": {
    "cen_loss": 1.0361571234226228,
    "cen_accuracy": 0.6727
  },
  "34": {
    "cen_loss": 1.1265102837562562,
    "cen_accuracy": 0.6488
  },
  "35": {
    "cen_loss": 1.117015543603897,
    "cen_accuracy": 0.6683
  },
  "36": {
    "cen_loss": 1.0593469018936157,
    "cen_accuracy": 0.6685
  },
  "37": {
    "cen_loss": 1.1041346413850783,
    "cen_accuracy": 0.6602
  },
  "38": {
    "cen_loss": 0.9533883660018444,
    "cen_accuracy": 0.6949
  },
  "39": {
    "cen_loss": 0.984876927113533,
    "cen_accuracy": 0.6895
  },
  "40": {
    "cen_loss": 0.9862129962921142,
    "cen_accuracy": 0.6954
  },
  "41": {
    "cen_loss": 0.9875999224424362,
    "cen_accuracy": 0.6942
  },
  "42": {
    "cen_loss": 1.034906343638897,
    "cen_accuracy": 0.6792
  },
  "43": {
    "cen_loss": 0.9818184248566627,
    "cen_accuracy": 0.6912
  },
  "44": {
    "cen_loss": 0.9647342491865158,
    "cen_accuracy": 0.6974
  },
  "45": {
    "cen_loss": 0.9600451133966446,
    "cen_accuracy": 0.7052
  },
  "46": {
    "cen_loss": 0.9237588387966156,
    "cen_accuracy": 0.7116
  },
  "47": {
    "cen_loss": 0.9120093180418014,
    "cen_accuracy": 0.7151
  },
  "48": {
    "cen_loss": 0.9453289415359497,
    "cen_accuracy": 0.7134
  },
  "49": {
    "cen_loss": 0.9076278335809708,
    "cen_accuracy": 0.72
  },
  "50": {
    "cen_loss": 0.901828428041935,
    "cen_accuracy": 0.7255
  },
  "51": {
    "cen_loss": 1.0109386615276337,
    "cen_accuracy": 0.6913
  },
  "52": {
    "cen_loss": 0.9038505798339844,
    "cen_accuracy": 0.7198
  },
  "53": {
    "cen_loss": 0.9159679795265198,
    "cen_accuracy": 0.7132
  },
  "54": {
    "cen_loss": 0.9024863426685333,
    "cen_accuracy": 0.7225
  },
  "55": {
    "cen_loss": 0.9025670184135437,
    "cen_accuracy": 0.7226
  },
  "56": {
    "cen_loss": 0.8970725252509117,
    "cen_accuracy": 0.7265
  },
  "57": {
    "cen_loss": 0.9215455998301506,
    "cen_accuracy": 0.7189
  },
  "58": {
    "cen_loss": 0.9032375042438507,
    "cen_accuracy": 0.7228
  },
  "59": {
    "cen_loss": 0.8520551663517952,
    "cen_accuracy": 0.7393
  },
  "60": {
    "cen_loss": 0.9125195025324822,
    "cen_accuracy": 0.7216
  },
  "61": {
    "cen_loss": 0.8992013394832611,
    "cen_accuracy": 0.7297
  },
  "62": {
    "cen_loss": 0.845947585439682,
    "cen_accuracy": 0.7367
  },
  "63": {
    "cen_loss": 0.851162822598219,
    "cen_accuracy": 0.7409
  },
  "64": {
    "cen_loss": 0.937064563202858,
    "cen_accuracy": 0.7221
  },
  "65": {
    "cen_loss": 0.871413662815094,
    "cen_accuracy": 0.7328
  },
  "66": {
    "cen_loss": 0.8339109518170357,
    "cen_accuracy": 0.7383
  },
  "67": {
    "cen_loss": 0.8940621870756149,
    "cen_accuracy": 0.7356
  },
  "68": {
    "cen_loss": 0.8915881665825843,
    "cen_accuracy": 0.7337
  },
  "69": {
    "cen_loss": 0.8595774050235748,
    "cen_accuracy": 0.7399
  },
  "70": {
    "cen_loss": 0.8446612756490708,
    "cen_accuracy": 0.7375
  },
  "71": {
    "cen_loss": 0.8181181086122989,
    "cen_accuracy": 0.7455
  },
  "72": {
    "cen_loss": 0.8057663561463356,
    "cen_accuracy": 0.7548
  },
  "73": {
    "cen_loss": 0.8820431114792824,
    "cen_accuracy": 0.7373
  },
  "74": {
    "cen_loss": 0.8716196748495102,
    "cen_accuracy": 0.7335
  },
  "75": {
    "cen_loss": 0.8116058146655559,
    "cen_accuracy": 0.7496
  },
  "76": {
    "cen_loss": 0.7873355257272721,
    "cen_accuracy": 0.7518
  },
  "77": {
    "cen_loss": 0.7867641024112701,
    "cen_accuracy": 0.7575
  },
  "78": {
    "cen_loss": 0.7817276714086533,
    "cen_accuracy": 0.7676
  },
  "79": {
    "cen_loss": 0.8215346012353897,
    "cen_accuracy": 0.7516
  },
  "80": {
    "cen_loss": 0.851332689332962,
    "cen_accuracy": 0.7449
  },
  "81": {
    "cen_loss": 0.8007447895407677,
    "cen_accuracy": 0.7554
  },
  "82": {
    "cen_loss": 0.8150275771498681,
    "cen_accuracy": 0.7542
  },
  "83": {
    "cen_loss": 0.882672850716114,
    "cen_accuracy": 0.7448
  },
  "84": {
    "cen_loss": 0.8187353989601135,
    "cen_accuracy": 0.7582
  },
  "85": {
    "cen_loss": 0.7733205281376838,
    "cen_accuracy": 0.7718
  },
  "86": {
    "cen_loss": 0.7859306614875794,
    "cen_accuracy": 0.7671
  },
  "87": {
    "cen_loss": 0.8314078968524933,
    "cen_accuracy": 0.7574
  },
  "88": {
    "cen_loss": 0.8023921302080155,
    "cen_accuracy": 0.7613
  },
  "89": {
    "cen_loss": 0.8427537004351616,
    "cen_accuracy": 0.7467
  },
  "90": {
    "cen_loss": 0.7497491429150105,
    "cen_accuracy": 0.7752
  },
  "91": {
    "cen_loss": 0.7896471172690391,
    "cen_accuracy": 0.7607
  },
  "92": {
    "cen_loss": 0.8144504654467106,
    "cen_accuracy": 0.7635
  },
  "93": {
    "cen_loss": 0.7942957471609116,
    "cen_accuracy": 0.7671
  },
  "94": {
    "cen_loss": 0.7801829138875007,
    "cen_accuracy": 0.7739
  },
  "95": {
    "cen_loss": 0.8380509388208389,
    "cen_accuracy": 0.7594
  },
  "96": {
    "cen_loss": 0.7785673582553864,
    "cen_accuracy": 0.769
  },
  "97": {
    "cen_loss": 0.7748487087607384,
    "cen_accuracy": 0.7701
  },
  "98": {
    "cen_loss": 0.7908078597307205,
    "cen_accuracy": 0.7684
  },
  "99": {
    "cen_loss": 0.8219556676983834,
    "cen_accuracy": 0.7701
  },
  "100": {
    "cen_loss": 0.7937878929376602,
    "cen_accuracy": 0.7717
  },
  "101": {
    "cen_loss": 0.7724704714238644,
    "cen_accuracy": 0.7708
  }
}