{
  "0": {
    "cen_loss": 2.3069078960418703,
    "cen_accuracy": 0.10125
  },
  "1": {
    "cen_loss": 2.3069078960418703,
    "cen_accuracy": 0.10125
  },
  "2": {
    "cen_loss": 2.2086233100891115,
    "cen_accuracy": 0.190875
  },
  "3": {
    "cen_loss": 1.800423687696457,
    "cen_accuracy": 0.330375
  },
  "4": {
    "cen_loss": 1.5843015344142914,
    "cen_accuracy": 0.4305
  }
}