{
  "0": {
    "cen_loss": 2.30270415186882,
    "cen_accuracy": 0.101375
  },
  "1": {
    "cen_loss": 2.30270415186882,
    "cen_accuracy": 0.101375
  },
  "2": {
    "cen_loss": 2.40005888736248,
    "cen_accuracy": 0.099375
  },
  "3": {
    "cen_loss": 2.366480728507042,
    "cen_accuracy": 0.098875
  },
  "4": {
    "cen_loss": 2.351690670967102,
    "cen_accuracy": 0.101375
  },
  "5": {
    "cen_loss": 2.3993895478248595,
    "cen_accuracy": 0.098625
  },
  "6": {
    "cen_loss": 2.4197640783786776,
    "cen_accuracy": 0.101125
  },
  "7": {
    "cen_loss": 2.3678332028388978,
    "cen_accuracy": 0.099375
  },
  "8": {
    "cen_loss": 2.3629600312709806,
    "cen_accuracy": 0.10125
  },
  "9": {
    "cen_loss": 2.614644355297089,
    "cen_accuracy": 0.097875
  },
  "10": {
    "cen_loss": 2.6087793909311294,
    "cen_accuracy": 0.097875
  },
  "11": {
    "cen_loss": 2.388591168880463,
    "cen_accuracy": 0.101125
  },
  "12": {
    "cen_loss": 2.416750942468643,
    "cen_accuracy": 0.0995
  },
  "13": {
    "cen_loss": 2.4537513729333877,
    "cen_accuracy": 0.101125
  },
  "14": {
    "cen_loss": 2.3804991838932037,
    "cen_accuracy": 0.099375
  },
  "15": {
    "cen_loss": 2.3848839547634126,
    "cen_accuracy": 0.087375
  },
  "16": {
    "cen_loss": 2.380632812023163,
    "cen_accuracy": 0.097875
  },
  "17": {
    "cen_loss": 2.381752331495285,
    "cen_accuracy": 0.10625
  },
  "18": {
    "cen_loss": 2.374883008956909,
    "cen_accuracy": 0.098125
  },
  "19": {
    "cen_loss": 2.3978994195461274,
    "cen_accuracy": 0.099375
  },
  "20": {
    "cen_loss": 2.3472069529294965,
    "cen_accuracy": 0.119625
  },
  "21": {
    "cen_loss": 2.400796997308731,
    "cen_accuracy": 0.122625
  },
  "22": {
    "cen_loss": 2.3520315455198286,
    "cen_accuracy": 0.100625
  },
  "23": {
    "cen_loss": 2.3904382227659227,
    "cen_accuracy": 0.104625
  },
  "24": {
    "cen_loss": 2.454676167368889,
    "cen_accuracy": 0.099875
  },
  "25": {
    "cen_loss": 2.4238730001449587,
    "cen_accuracy": 0.121625
  },
  "26": {
    "cen_loss": 2.34913866686821,
    "cen_accuracy": 0.098125
  },
  "27": {
    "cen_loss": 2.442040882587433,
    "cen_accuracy": 0.098875
  },
  "28": {
    "cen_loss": 2.4281866478919985,
    "cen_accuracy": 0.1095
  },
  "29": {
    "cen_loss": 2.3912743817567828,
    "cen_accuracy": 0.098375
  },
  "30": {
    "cen_loss": 2.451568160176277,
    "cen_accuracy": 0.126875
  },
  "31": {
    "cen_loss": 2.4416028832197187,
    "cen_accuracy": 0.097875
  },
  "32": {
    "cen_loss": 2.3867927944660186,
    "cen_accuracy": 0.106625
  },
  "33": {
    "cen_loss": 2.5396830419301986,
    "cen_accuracy": 0.102125
  },
  "34": {
    "cen_loss": 2.4375197249650955,
    "cen_accuracy": 0.111
  },
  "35": {
    "cen_loss": 2.384870323419571,
    "cen_accuracy": 0.117125
  },
  "36": {
    "cen_loss": 2.4918245586156846,
    "cen_accuracy": 0.099375
  },
  "37": {
    "cen_loss": 2.491656261086464,
    "cen_accuracy": 0.106125
  },
  "38": {
    "cen_loss": 2.3889408123493197,
    "cen_accuracy": 0.101
  },
  "39": {
    "cen_loss": 2.418107505559921,
    "cen_accuracy": 0.100625
  },
  "40": {
    "cen_loss": 2.549666899085045,
    "cen_accuracy": 0.132
  },
  "41": {
    "cen_loss": 2.337625789165497,
    "cen_accuracy": 0.106375
  },
  "42": {
    "cen_loss": 2.3490601133108138,
    "cen_accuracy": 0.121
  },
  "43": {
    "cen_loss": 2.337762199878693,
    "cen_accuracy": 0.102
  },
  "44": {
    "cen_loss": 2.389035812139511,
    "cen_accuracy": 0.105375
  },
  "45": {
    "cen_loss": 2.3054735770225525,
    "cen_accuracy": 0.130875
  },
  "46": {
    "cen_loss": 2.3978223712444304,
    "cen_accuracy": 0.100875
  },
  "47": {
    "cen_loss": 2.5386753386259078,
    "cen_accuracy": 0.155
  },
  "48": {
    "cen_loss": 2.7190574568510057,
    "cen_accuracy": 0.097875
  },
  "49": {
    "cen_loss": 2.278063072800636,
    "cen_accuracy": 0.1465
  },
  "50": {
    "cen_loss": 2.213846161365509,
    "cen_accuracy": 0.1845
  },
  "51": {
    "cen_loss": 2.570608043193817,
    "cen_accuracy": 0.10775
  },
  "52": {
    "cen_loss": 2.361624106168747,
    "cen_accuracy": 0.144875
  },
  "53": {
    "cen_loss": 2.481427872300148,
    "cen_accuracy": 0.10825
  },
  "54": {
    "cen_loss": 2.5830193197727205,
    "cen_accuracy": 0.146125
  },
  "55": {
    "cen_loss": 2.523741604566574,
    "cen_accuracy": 0.102
  },
  "56": {
    "cen_loss": 2.4001835314035413,
    "cen_accuracy": 0.180875
  },
  "57": {
    "cen_loss": 2.4281211441755293,
    "cen_accuracy": 0.10175
  },
  "58": {
    "cen_loss": 3.065968349933624,
    "cen_accuracy": 0.1685
  },
  "59": {
    "cen_loss": 2.732318242311478,
    "cen_accuracy": 0.110375
  },
  "60": {
    "cen_loss": 2.929714971661568,
    "cen_accuracy": 0.123125
  },
  "61": {
    "cen_loss": 2.508074149131775,
    "cen_accuracy": 0.09975
  },
  "62": {
    "cen_loss": 2.3950923014879226,
    "cen_accuracy": 0.115625
  },
  "63": {
    "cen_loss": 2.5242965165376665,
    "cen_accuracy": 0.15425
  },
  "64": {
    "cen_loss": 2.661465578079224,
    "cen_accuracy": 0.11575
  },
  "65": {
    "cen_loss": 2.5184747869968414,
    "cen_accuracy": 0.098625
  },
  "66": {
    "cen_loss": 2.890992779135704,
    "cen_accuracy": 0.165
  },
  "67": {
    "cen_loss": 2.4152233607769014,
    "cen_accuracy": 0.116
  },
  "68": {
    "cen_loss": 2.4863099290132524,
    "cen_accuracy": 0.116375
  },
  "69": {
    "cen_loss": 2.483208420753479,
    "cen_accuracy": 0.101625
  },
  "70": {
    "cen_loss": 2.4071251916885377,
    "cen_accuracy": 0.137125
  },
  "71": {
    "cen_loss": 2.4071251916885377,
    "cen_accuracy": 0.137125
  },
  "72": {
    "cen_loss": 2.3258927114009857,
    "cen_accuracy": 0.1315
  },
  "73": {
    "cen_loss": 2.490921823978424,
    "cen_accuracy": 0.185
  },
  "74": {
    "cen_loss": 2.754133053302765,
    "cen_accuracy": 0.101
  },
  "75": {
    "cen_loss": 2.87618278503418,
    "cen_accuracy": 0.125375
  },
  "76": {
    "cen_loss": 2.5722513345479965,
    "cen_accuracy": 0.101625
  },
  "77": {
    "cen_loss": 2.296639048337936,
    "cen_accuracy": 0.141
  },
  "78": {
    "cen_loss": 2.7326598310470582,
    "cen_accuracy": 0.111875
  },
  "79": {
    "cen_loss": 2.315676949381828,
    "cen_accuracy": 0.198
  },
  "80": {
    "cen_loss": 2.4157794193029405,
    "cen_accuracy": 0.206
  },
  "81": {
    "cen_loss": 2.387923635840416,
    "cen_accuracy": 0.113625
  },
  "82": {
    "cen_loss": 2.7842612956762314,
    "cen_accuracy": 0.134375
  },
  "83": {
    "cen_loss": 3.152891905426979,
    "cen_accuracy": 0.099875
  },
  "84": {
    "cen_loss": 2.2146318054199217,
    "cen_accuracy": 0.183375
  },
  "85": {
    "cen_loss": 2.427276897907257,
    "cen_accuracy": 0.128875
  },
  "86": {
    "cen_loss": 2.5161160103082656,
    "cen_accuracy": 0.1205
  },
  "87": {
    "cen_loss": 2.341270463824272,
    "cen_accuracy": 0.18225
  },
  "88": {
    "cen_loss": 2.4743537167310716,
    "cen_accuracy": 0.12025
  },
  "89": {
    "cen_loss": 2.354294114112854,
    "cen_accuracy": 0.12525
  },
  "90": {
    "cen_loss": 2.422094513654709,
    "cen_accuracy": 0.14275
  },
  "91": {
    "cen_loss": 2.1751865133047104,
    "cen_accuracy": 0.14675
  },
  "92": {
    "cen_loss": 2.2098984372615815,
    "cen_accuracy": 0.137875
  },
  "93": {
    "cen_loss": 2.211957627415657,
    "cen_accuracy": 0.20625
  },
  "94": {
    "cen_loss": 2.1116095497608183,
    "cen_accuracy": 0.25875
  },
  "95": {
    "cen_loss": 2.289136667966843,
    "cen_accuracy": 0.147375
  },
  "96": {
    "cen_loss": 2.4933633217811586,
    "cen_accuracy": 0.19975
  },
  "97": {
    "cen_loss": 2.2391217917203905,
    "cen_accuracy": 0.209625
  },
  "98": {
    "cen_loss": 2.108549432039261,
    "cen_accuracy": 0.245
  },
  "99": {
    "cen_loss": 2.0870849635601045,
    "cen_accuracy": 0.161625
  },
  "100": {
    "cen_loss": 2.0584913425445555,
    "cen_accuracy": 0.185125
  },
  "101": {
    "cen_loss": 2.089378747701645,