{
  "2": {
    "total_mJ": 155077431.884037,
    "total_ceq": 15.940857536304348,
    "num_expired_thresh": 0,
    "num_depleted": 0,
    "num_transmited_bytes": 787312064
  },
  "3": {
    "total_mJ": 86764070.59320049,
    "total_ceq": 8.629626356212885,
    "num_expired_thresh": 0,
    "num_depleted": 0,
    "num_transmited_bytes": 787312064
  },
  "4": {
    "total_mJ": 169154873.9051444,
    "total_ceq": 16.935942970547945,
    "num_expired_thresh": 0,
    "num_depleted": 0,
    "num_transmited_bytes": 787312064
  },
  "5": {
    "total_mJ": 160769817.39634928,
    "total_ceq": 16.168533992135988,
    "num_expired_thresh": 0,
    "num_depleted": 0,
    "num_transmited_bytes": 787312064
  },
  "6": {
    "total_mJ": 120361272.35418053,
    "total_ceq": 12.092847215360312,
    "num_expired_thresh": 0,
    "num_depleted": 0,
    "num_transmited_bytes": 787312064
  },
  "7": {
    "total_mJ": 63054507.94724244,
    "total_ceq": 6.315819270044605,
    "num_expired_thresh": 0,
    "num_depleted": 0,
    "num_transmited_bytes": 787312064
  },
  "8": {
    "total_mJ": 134139295.81996724,
    "total_ceq": 13.617931328632595,
    "num_expired_thresh": 0,
    "num_depleted": 0,
    "num_transmited_bytes": 787312064
  },
  "9": {
    "total_mJ": 117798655.48589605,
    "total_ceq": 11.702793519619268,
    "num_expired_thresh": 0,
    "num_depleted": 0,
    "num_transmited_bytes": 787312064
  },
  "10": {
    "total_mJ": 173841560.0019419,
    "total_ceq": 17.75256867406745,
    "num_expired_thresh": 0,
    "num_depleted": 0,
    "num_transmited_bytes": 787312064
  },
  "11": {
    "total_mJ": 84525209.56353046,
    "total_ceq": 8.514193197067497,
    "num_expired_thresh": 0,
    "num_depleted": 0,
    "num_transmited_bytes": 787312064
  },
  "12": {
    "total_mJ": 140019509.72453925,
    "total_ceq": 14.132122052116195,
    "num_expired_thresh": 0,
    "num_depleted": 0,
    "num_transmited_bytes": 787312064
  },
  "13": {
    "total_mJ": 124160663.07480757,
    "total_ceq": 12.514303738332208,
    "num_expired_thresh": 0,
    "num_depleted": 0,
    "num_transmited_bytes": 787312064
  },
  "14": {
    "total_mJ": 132094787.64124532,
    "total_ceq": 13.281368225257308,
    "num_expired_thresh": 0,
    "num_depleted": 0,
    "num_transmited_bytes": 787312064
  },
  "15": {
    "total_mJ": 139885989.03145486,
    "total_ceq": 14.380395109642297,
    "num_expired_thresh": 0,
    "num_depleted": 0,
    "num_transmited_bytes": 787312064
  },
  "16": {
    "total_mJ": 104625290.59360911,
    "total_ceq": 10.499376057250654,
    "num_expired_thresh": 0,
    "num_depleted": 0,
    "num_transmited_bytes": 787312064
  },
  "17": {
    "total_mJ": 138883604.10385945,
    "total_ceq": 14.208303379395158,
    "num_expired_thresh": 0,
    "num_depleted": 0,
    "num_transmited_bytes": 787312064
  },
  "18": {
    "total_mJ": 140052692.5996541,
    "total_ceq": 14.135106741130992,
    "num_expired_thresh": 0,
    "num_depleted": 0,
    "num_transmited_bytes": 787312064
  },
  "19": {
    "total_mJ": 156002868.2410188,
    "total_ceq": 16.028879431960043,
    "num_expired_thresh": 0,
    "num_depleted": 0,
    "num_transmited_bytes": 787312064
  },
  "20": {
    "total_mJ": 128841779.1188759,
    "total_ceq": 13.15504247515397,
    "num_expired_thresh": 0,
    "num_depleted": 0,
    "num_transmited_bytes": 787312064
  },
  "21": {
    "total_mJ": 120554503.53425246,
    "total_ceq": 12.149756815022775,
    "num_expired_thresh": 0,
    "num_depleted": 0,
    "num_transmited_bytes": 787312064
  },
  "22": {
    "total_mJ": 134444186.89725113,
    "total_ceq": 13.766586134038784,
    "num_expired_thresh": 0,
    "num_depleted": 0,
    "num_transmited_bytes": 787312064
  },
  "23": {
    "total_mJ": 171345662.90792835,
    "total_ceq": 17.053059056980285,
    "num_expired_thresh": 0,
    "num_depleted": 0,
    "num_transmited_bytes": 787312064
  },
  "24": {
    "total_mJ": 130283102.7013438,
    "total_ceq": 13.275724748814536,
    "num_expired_thresh": 0,
    "num_depleted": 0,
    "num_transmited_bytes": 787312064
  },
  "25": {
    "total_mJ": 136482414.82376525,
    "total_ceq": 13.784050855428159,
    "num_expired_thresh": 0,
    "num_depleted": 0,
    "num_transmited_bytes": 787312064
  },
  "26": {
    "total_mJ": 131283297.98726627,
    "total_ceq": 13.335194453431631,
    "num_expired_thresh": 0,
    "num_depleted": 0,
    "num_transmited_bytes": 787312064
  },
  "27": {
    "total_mJ": 118446561.55851452,
    "total_ceq": 12.027692143872057,
    "num_expired_thresh": 0,
    "num_depleted": 0,
    "num_transmited_bytes": 787312064
  },
  "28": {
    "total_mJ": 158611809.52865726,
    "total_ceq": 15.937022970195217,
    "num_expired_thresh": 0,
    "num_depleted": 0,
    "num_transmited_bytes": 787312064
  },
  "29": {
    "total_mJ": 157392354.03505018,
    "total_ceq": 15.537974637615783,
    "num_expired_thresh": 0,
    "num_depleted": 0,
    "num_transmited_bytes": 787312064
  },
  "30": {
    "total_mJ": 160837598.84391573,
    "total_ceq": 16.18004602289847,
    "num_expired_thresh": 1,
    "num_depleted": 0,
    "num_transmited_bytes": 787312064
  },
  "31": {
    "total_mJ": 138345582.24347517,
    "total_ceq": 13.883398138847795,
    "num_expired_thresh": 1,
    "num_depleted": 0,
    "num_transmited_bytes": 787312064
  },
  "32": {
    "total_mJ": 121208334.30021313,
    "total_ceq": 12.078622058724894,
    "num_expired_thresh": 2,
    "num_depleted": 0,
    "num_transmited_bytes": 787312064
  },
  "33": {
    "total_mJ": 139187017.7130723,
    "total_ceq": 14.09385071132072,
    "num_expired_thresh": 7,
    "num_depleted": 0,
    "num_transmited_bytes": 787312064
  },
  "34": {
    "total_mJ": 90686878.89899871,
    "total_ceq": 9.289992357831268,
    "num_expired_thresh": 11,
    "num_depleted": 0,
    "num_transmited_bytes": 787312064
  },
  "35": {
    "total_mJ": 109791326.80588318,
    "total_ceq": 10.936950542671717,
    "num_expired_thresh": 19,
    "num_depleted": 0,
    "num_transmited_bytes": 787312064
  },
  "36": {
    "total_mJ": 156527477.98447198,
    "total_ceq": 15.96220042197066,
    "num_expired_thresh": 19,
    "num_depleted": 0,
    "num_transmited_bytes": 787312064
  },
  "37": {
    "total_mJ": 139804137.47044203,
    "total_ceq": 14.00810081561268,
    "num_expired_thresh": 19,
    "num_depleted": 0,
    "num_transmited_bytes": 787312064
  },
  "38": {
    "total_mJ": 155202140.13900137,
    "total_ceq": 15.950063799408113,
    "num_expired_thresh": 19,
    "num_depleted": 0,
    "num_transmited_bytes": 787312064
  },
  "39": {
    "total_mJ": 171130734.78593782,
    "total_ceq": 17.389086250136117,
    "num_expired_thresh": 19,
    "num_depleted": 0,
    "num_transmited_bytes": 787312064
  },
  "40": {
    "total_mJ": 174086728.7413577,
    "total_ceq": 17.782389374675354,
    "num_expired_thresh": 19,
    "num_depleted": 0,
    "num_transmited_bytes": 787312064
  },
  "41": {
    "total_mJ": 161313503.87641752,
    "total_ceq": 16.16952433615181,
    "num_expired_thresh": 19,
    "num_depleted": 0,
    "num_transmited_bytes": 787312064
  },
  "42": {
    "total_mJ": 121707375.56778562,
    "total_ceq": 12.119299141016219,
    "num_expired_thresh": 19,
    "num_depleted": 0,
    "num_transmited_bytes": 787312064
  },
  "43": {
    "total_mJ": 139184286.17184466,
    "total_ceq": 14.250511680371615,
    "num_expired_thresh": 19,
    "num_depleted": 0,
    "num_transmited_bytes": 787312064
  },
  "44": {
    "total_mJ": 103023479.96847223,
    "total_ceq": 10.28477478347794,
    "num_expired_thresh": 19,
    "num_depleted": 0,
    "num_transmited_bytes": 787312064
  },
  "45": {
    "total_mJ": 110984560.46051674,
    "total_ceq": 11.263538939380258,
    "num_expired_thresh": 19,
    "num_depleted": 0,
    "num_transmited_bytes": 787312064
  },
  "46": {
    "total_mJ": 130501175.55020477,
    "total_ceq": 12.957994295785685,
    "num_expired_thresh": 19,
    "num_depleted": 0,
    "num_transmited_bytes": 787312064
  },