{
  "0": {
    "cen_loss": 2.302716353225708,
    "cen_accuracy": 0.1
  },
  "1": {
    "cen_loss": 2.302716353225708,
    "cen_accuracy": 0.1
  },
  "2": {
    "cen_loss": 5.121216220855713,
    "cen_accuracy": 0.1
  },
  "3": {
    "cen_loss": 6.554097965240478,
    "cen_accuracy": 0.1
  },
  "4": {
    "cen_loss": 5.090933819198608,
    "cen_accuracy": 0.1005
  },
  "5": {
    "cen_loss": 6.652062894439697,
    "cen_accuracy": 0.1318
  },
  "6": {
    "cen_loss": 7.184566512298584,
    "cen_accuracy": 0.1
  },
  "7": {
    "cen_loss": 5.595443039703369,
    "cen_accuracy": 0.1004
  },
  "8": {
    "cen_loss": 3.8405797183990478,
    "cen_accuracy": 0.1264
  },
  "9": {
    "cen_loss": 3.250704305076599,
    "cen_accuracy": 0.1623
  },
  "10": {
    "cen_loss": 4.798260705566406,
    "cen_accuracy": 0.1023
  },
  "11": {
    "cen_loss": 2.653918617630005,
    "cen_accuracy": 0.2094
  },
  "12": {
    "cen_loss": 2.288582612800598,
    "cen_accuracy": 0.3121
  },
  "13": {
    "cen_loss": 2.003179238319397,
    "cen_accuracy": 0.3549
  },
  "14": {
    "cen_loss": 2.196266585922241,
    "cen_accuracy": 0.3328
  },
  "15": {
    "cen_loss": 2.321200513267517,
    "cen_accuracy": 0.3415
  },
  "16": {
    "cen_loss": 2.1162324348926544,
    "cen_accuracy": 0.3794
  },
  "17": {
    "cen_loss": 1.917176159954071,
    "cen_accuracy": 0.4081
  },
  "18": {
    "cen_loss": 1.6769432988166808,
    "cen_accuracy": 0.4426
  },
  "19": {
    "cen_loss": 1.4545349496364592,
    "cen_accuracy": 0.5152
  },
  "20": {
    "cen_loss": 1.8947735011100768,
    "cen_accuracy": 0.404
  },
  "21": {
    "cen_loss": 1.445469693660736,
    "cen_accuracy": 0.5281
  },
  "22": {
    "cen_loss": 1.3474486032962798,
    "cen_accuracy": 0.5513
  },
  "23": {
    "cen_loss": 1.6772586647033692,
    "cen_accuracy": 0.4822
  },
  "24": {
    "cen_loss": 1.4987835186004639,
    "cen_accuracy": 0.5391
  },
  "25": {
    "cen_loss": 1.4381658673763276,
    "cen_accuracy": 0.5408
  },
  "26": {
    "cen_loss": 1.3330474623203277,
    "cen_accuracy": 0.5601
  },
  "27": {
    "cen_loss": 1.2376853764533997,
    "cen_accuracy": 0.6046
  },
  "28": {
    "cen_loss": 1.3871129514217377,
    "cen_accuracy": 0.55
  },
  "29": {
    "cen_loss": 1.4544940482616424,
    "cen_accuracy": 0.5356
  },
  "30": {
    "cen_loss": 1.2185239045143128,
    "cen_accuracy": 0.5973
  },
  "31": {
    "cen_loss": 1.2513399740695954,
    "cen_accuracy": 0.5879
  },
  "32": {
    "cen_loss": 1.0788215194702149,
    "cen_accuracy": 0.6339
  },
  "33": {
    "cen_loss": 1.172538782119751,
    "cen_accuracy": 0.611
  },
  "34": {
    "cen_loss": 1.3928757157325744,
    "cen_accuracy": 0.5834
  },
  "35": {
    "cen_loss": 1.5052581898450852,
    "cen_accuracy": 0.5745
  },
  "36": {
    "cen_loss": 1.3220158569812774,
    "cen_accuracy": 0.5962
  },
  "37": {
    "cen_loss": 1.325542906856537,
    "cen_accuracy": 0.5887
  },
  "38": {
    "cen_loss": 1.5843536118984223,
    "cen_accuracy": 0.5366
  },
  "39": {
    "cen_loss": 1.145336250591278,
    "cen_accuracy": 0.6277
  },
  "40": {
    "cen_loss": 1.2037350969314575,
    "cen_accuracy": 0.6234
  },
  "41": {
    "cen_loss": 1.2831453433036804,
    "cen_accuracy": 0.6074
  },
  "42": {
    "cen_loss": 1.241543425321579,
    "cen_accuracy": 0.6059
  },
  "43": {
    "cen_loss": 1.5238819342613221,
    "cen_accuracy": 0.5583
  },
  "44": {
    "cen_loss": 0.953984308218956,
    "cen_accuracy": 0.6783
  },
  "45": {
    "cen_loss": 1.2319827015638352,
    "cen_accuracy": 0.6223
  },
  "46": {
    "cen_loss": 1.115555350780487,
    "cen_accuracy": 0.6408
  },
  "47": {
    "cen_loss": 1.263379605293274,
    "cen_accuracy": 0.6131
  },
  "48": {
    "cen_loss": 1.209295163500309,
    "cen_accuracy": 0.6307
  },
  "49": {
    "cen_loss": 1.1800401897192,
    "cen_accuracy": 0.6387
  },
  "50": {
    "cen_loss": 1.171695057272911,
    "cen_accuracy": 0.661
  },
  "51": {
    "cen_loss": 1.3242661622047425,
    "cen_accuracy": 0.6147
  },
  "52": {
    "cen_loss": 0.9228659380435944,
    "cen_accuracy": 0.7055
  },
  "53": {
    "cen_loss": 1.2060653861045838,
    "cen_accuracy": 0.6362
  },
  "54": {
    "cen_loss": 1.106481079006195,
    "cen_accuracy": 0.6538
  },
  "55": {
    "cen_loss": 1.1083399502038955,
    "cen_accuracy": 0.6522
  },
  "56": {
    "cen_loss": 1.1394362819433212,
    "cen_accuracy": 0.6523
  },
  "57": {
    "cen_loss": 1.0896954065799713,
    "cen_accuracy": 0.6749
  },
  "58": {
    "cen_loss": 0.9739926135063172,
    "cen_accuracy": 0.694
  },
  "59": {
    "cen_loss": 1.0176520582914352,
    "cen_accuracy": 0.6885
  },
  "60": {
    "cen_loss": 0.9507533594727516,
    "cen_accuracy": 0.6971
  },
  "61": {
    "cen_loss": 1.0573587152004242,
    "cen_accuracy": 0.6804
  },
  "62": {
    "cen_loss": 1.0926945455789565,
    "cen_accuracy": 0.654
  },
  "63": {
    "cen_loss": 0.980852872467041,
    "cen_accuracy": 0.7044
  },
  "64": {
    "cen_loss": 1.0194362054347992,
    "cen_accuracy": 0.692
  },
  "65": {
    "cen_loss": 0.9958466856479645,
    "cen_accuracy": 0.6926
  },
  "66": {
    "cen_loss": 0.9802717082500457,
    "cen_accuracy": 0.6953
  },
  "67": {
    "cen_loss": 1.0888120475769043,
    "cen_accuracy": 0.686
  },
  "68": {
    "cen_loss": 1.0956499019145967,
    "cen_accuracy": 0.6788
  },
  "69": {
    "cen_loss": 1.073760646867752,
    "cen_accuracy": 0.6734
  },
  "70": {
    "cen_loss": 0.9454690264225006,
    "cen_accuracy": 0.7042
  },
  "71": {
    "cen_loss": 0.8535233942747116,
    "cen_accuracy": 0.7253
  },
  "72": {
    "cen_loss": 0.9212504197955131,
    "cen_accuracy": 0.7081
  },
  "73": {
    "cen_loss": 0.9083152141213418,
    "cen_accuracy": 0.7237
  },
  "74": {
    "cen_loss": 1.2500810114383698,
    "cen_accuracy": 0.6339
  },
  "75": {
    "cen_loss": 1.09119864692688,
    "cen_accuracy": 0.6586
  },
  "76": {
    "cen_loss": 1.1206996444940567,
    "cen_accuracy": 0.6666
  },
  "77": {
    "cen_loss": 0.8330701881885528,
    "cen_accuracy": 0.7302
  },
  "78": {
    "cen_loss": 0.9303651257038117,
    "cen_accuracy": 0.7147
  },
  "79": {
    "cen_loss": 0.9227769054412842,
    "cen_accuracy": 0.7106
  },
  "80": {
    "cen_loss": 0.8724724529743194,
    "cen_accuracy": 0.7323
  },
  "81": {
    "cen_loss": 0.9211305227041244,
    "cen_accuracy": 0.7222
  },
  "82": {
    "cen_loss": 0.9832734996199608,
    "cen_accuracy": 0.7154
  },
  "83": {
    "cen_loss": 0.8953401341080666,
    "cen_accuracy": 0.7328
  },
  "84": {
    "cen_loss": 0.8258977248430253,
    "cen_accuracy": 0.7409
  },
  "85": {
    "cen_loss": 1.0318912331819534,
    "cen_accuracy": 0.6851
  },
  "86": {
    "cen_loss": 0.9496307755470276,
    "cen_accuracy": 0.7104
  },
  "87": {
    "cen_loss": 0.8640952360987664,
    "cen_accuracy": 0.7234
  },
  "88": {
    "cen_loss": 0.9379147156119346,
    "cen_accuracy": 0.7129
  },
  "89": {
    "cen_loss": 0.9375701729416848,
    "cen_accuracy": 0.7036
  },
  "90": {
    "cen_loss": 1.061900608587265,
    "cen_accuracy": 0.6874
  },
  "91": {
    "cen_loss": 0.9289010537147522,
    "cen_accuracy": 0.7067
  },
  "92": {
    "cen_loss": 1.053619750392437,
    "cen_accuracy": 0.6941
  },
  "93": {
    "cen_loss": 1.1247164863228798,
    "cen_accuracy": 0.6661
  },
  "94": {
    "cen_loss": 0.883373738026619,
    "cen_accuracy": 0.7257
  },
  "95": {
    "cen_loss": 1.0455617621183395,
    "cen_accuracy": 0.6911
  },
  "96": {
    "cen_loss": 0.910753086066246,
    "cen_accuracy": 0.7281
  },
  "97": {
    "cen_loss": 0.8998265577316285,
    "cen_accuracy": 0.723
  },
  "98": {
    "cen_loss": 0.9622188319683075,
    "cen_accuracy": 0.7116
  },
  "99": {
    "cen_loss": 0.845734846329689,
    "cen_accuracy": 0.7415
  },
  "100": {
    "cen_loss": 0.930342529296875,
    "cen_accuracy": 0.7153
  },
  "101": {
    "cen_loss": 1.066193954527378,
    "cen_accuracy": 0.6831
  }
}