{
  "0": {
    "cen_loss": 2.3027724609375,
    "cen_accuracy": 0.09925
  },
  "1": {
    "cen_loss": 2.3027724609375,
    "cen_accuracy": 0.09925
  },
  "2": {
    "cen_loss": 2.37445613861084,
    "cen_accuracy": 0.1
  },
  "3": {
    "cen_loss": 2.423051555633545,
    "cen_accuracy": 0.1
  },
  "4": {
    "cen_loss": 2.4197125015258787,
    "cen_accuracy": 0.098625
  },
  "5": {
    "cen_loss": 2.471862157821655,
    "cen_accuracy": 0.098625
  },
  "6": {
    "cen_loss": 2.6626646842956543,
    "cen_accuracy": 0.098625
  },
  "7": {
    "cen_loss": 2.7574422092437745,
    "cen_accuracy": 0.10225
  },
  "8": {
    "cen_loss": 2.4725133647918702,
    "cen_accuracy": 0.144875
  },
  "9": {
    "cen_loss": 2.425120271682739,
    "cen_accuracy": 0.156625
  },
  "10": {
    "cen_loss": 1.8989996633529662,
    "cen_accuracy": 0.28875
  },
  "11": {
    "cen_loss": 1.8989996633529662,
    "cen_accuracy": 0.28875
  },
  "12": {
    "cen_loss": 1.938823709487915,
    "cen_accuracy": 0.291125
  },
  "13": {
    "cen_loss": 2.010798686981201,
    "cen_accuracy": 0.27425
  },
  "14": {
    "cen_loss": 1.9121613187789916,
    "cen_accuracy": 0.317125
  },
  "15": {
    "cen_loss": 1.7216460399627687,
    "cen_accuracy": 0.37725
  },
  "16": {
    "cen_loss": 1.923173233985901,
    "cen_accuracy": 0.37075
  },
  "17": {
    "cen_loss": 1.6416722488403321,
    "cen_accuracy": 0.441375
  },
  "18": {
    "cen_loss": 1.7666993951797485,
    "cen_accuracy": 0.41275
  },
  "19": {
    "cen_loss": 1.6282342462539672,
    "cen_accuracy": 0.457
  },
  "20": {
    "cen_loss": 1.7351061334609985,
    "cen_accuracy": 0.4705
  },
  "21": {
    "cen_loss": 1.6142910261154175,
    "cen_accuracy": 0.463125
  },
  "22": {
    "cen_loss": 1.611052583694458,
    "cen_accuracy": 0.45075
  },
  "23": {
    "cen_loss": 1.5434660439491272,
    "cen_accuracy": 0.4835
  },
  "24": {
    "cen_loss": 1.6032206630706787,
    "cen_accuracy": 0.486
  },
  "25": {
    "cen_loss": 1.5095226287841796,
    "cen_accuracy": 0.483625
  },
  "26": {
    "cen_loss": 1.551271315574646,
    "cen_accuracy": 0.4885
  },
  "27": {
    "cen_loss": 1.701975993156433,
    "cen_accuracy": 0.476125
  },
  "28": {
    "cen_loss": 1.5662292523384094,
    "cen_accuracy": 0.506375
  },
  "29": {
    "cen_loss": 1.5643201217651368,
    "cen_accuracy": 0.494
  },
  "30": {
    "cen_loss": 1.6713307046890258,
    "cen_accuracy": 0.514875
  },
  "31": {
    "cen_loss": 1.5178646812438965,
    "cen_accuracy": 0.51
  },
  "32": {
    "cen_loss": 1.58380628824234,
    "cen_accuracy": 0.51225
  },
  "33": {
    "cen_loss": 1.5834795022010804,
    "cen_accuracy": 0.508125
  },
  "34": {
    "cen_loss": 1.5061459503173829,
    "cen_accuracy": 0.5315
  },
  "35": {
    "cen_loss": 1.5678408460617066,
    "cen_accuracy": 0.5275
  },
  "36": {
    "cen_loss": 1.5551921663284303,
    "cen_accuracy": 0.522125
  },
  "37": {
    "cen_loss": 1.4568936257362366,
    "cen_accuracy": 0.540625
  },
  "38": {
    "cen_loss": 1.4876564741134644,
    "cen_accuracy": 0.53975
  },
  "39": {
    "cen_loss": 1.4715760912895202,
    "cen_accuracy": 0.534125
  },
  "40": {
    "cen_loss": 1.6682712206840515,
    "cen_accuracy": 0.533625
  },
  "41": {
    "cen_loss": 1.5083232307434082,
    "cen_accuracy": 0.535875
  },
  "42": {
    "cen_loss": 1.48538947057724,
    "cen_accuracy": 0.543375
  },
  "43": {
    "cen_loss": 1.4724154276847838,
    "cen_accuracy": 0.547375
  },
  "44": {
    "cen_loss": 1.5295014662742614,
    "cen_accuracy": 0.543
  },
  "45": {
    "cen_loss": 1.5068307647705077,
    "cen_accuracy": 0.546625
  },
  "46": {
    "cen_loss": 1.4072117795944215,
    "cen_accuracy": 0.559375
  },
  "47": {
    "cen_loss": 1.5105168752670288,
    "cen_accuracy": 0.556
  },
  "48": {
    "cen_loss": 1.4411602392196656,
    "cen_accuracy": 0.562625
  },
  "49": {
    "cen_loss": 1.5427170004844666,
    "cen_accuracy": 0.5555
  },
  "50": {
    "cen_loss": 1.6967077283859253,
    "cen_accuracy": 0.553875
  },
  "51": {
    "cen_loss": 1.3944769701957702,
    "cen_accuracy": 0.57225
  },
  "52": {
    "cen_loss": 1.4368586912155152,
    "cen_accuracy": 0.566375
  },
  "53": {
    "cen_loss": 1.5598961987495423,
    "cen_accuracy": 0.53325
  },
  "54": {
    "cen_loss": 1.47005095911026,
    "cen_accuracy": 0.55925
  },
  "55": {
    "cen_loss": 1.466067717075348,
    "cen_accuracy": 0.558875
  },
  "56": {
    "cen_loss": 1.4158590297698974,
    "cen_accuracy": 0.567125
  },
  "57": {
    "cen_loss": 1.352768379688263,
    "cen_accuracy": 0.57775
  },
  "58": {
    "cen_loss": 1.3711181354522706,
    "cen_accuracy": 0.58125
  },
  "59": {
    "cen_loss": 1.3614384350776672,
    "cen_accuracy": 0.571
  },
  "60": {
    "cen_loss": 1.520048092842102,
    "cen_accuracy": 0.57125
  },
  "61": {
    "cen_loss": 1.4245158610343933,
    "cen_accuracy": 0.5615
  },
  "62": {
    "cen_loss": 1.4025782890319825,
    "cen_accuracy": 0.564625
  },
  "63": {
    "cen_loss": 1.3519523601531982,
    "cen_accuracy": 0.58675
  },
  "64": {
    "cen_loss": 1.4123343744277954,
    "cen_accuracy": 0.57075
  },
  "65": {
    "cen_loss": 1.4023435711860657,
    "cen_accuracy": 0.576875
  },
  "66": {
    "cen_loss": 1.4018700408935547,
    "cen_accuracy": 0.579125
  },
  "67": {
    "cen_loss": 1.3633726654052734,
    "cen_accuracy": 0.585125
  },
  "68": {
    "cen_loss": 1.4322351808547973,
    "cen_accuracy": 0.58425
  },
  "69": {
    "cen_loss": 1.3569826364517212,
    "cen_accuracy": 0.58825
  },
  "70": {
    "cen_loss": 1.5773181991577148,
    "cen_accuracy": 0.57725
  },
  "71": {
    "cen_loss": 1.3492176532745361,
    "cen_accuracy": 0.586375
  },
  "72": {
    "cen_loss": 1.4517751903533935,
    "cen_accuracy": 0.57525
  },
  "73": {
    "cen_loss": 1.4254554858207702,
    "cen_accuracy": 0.5835
  },
  "74": {
    "cen_loss": 1.30371435546875,
    "cen_accuracy": 0.59375
  },
  "75": {
    "cen_loss": 1.3718099699020385,
    "cen_accuracy": 0.579
  },
  "76": {
    "cen_loss": 1.3487886519432069,
    "cen_accuracy": 0.59825
  },
  "77": {
    "cen_loss": 1.359730556488037,
    "cen_accuracy": 0.588625
  },
  "78": {
    "cen_loss": 1.4038935532569885,
    "cen_accuracy": 0.592875
  },
  "79": {
    "cen_loss": 1.3366936912536622,
    "cen_accuracy": 0.597875
  },
  "80": {
    "cen_loss": 1.5364415078163147,
    "cen_accuracy": 0.58625
  },
  "81": {
    "cen_loss": 1.3473631744384766,
    "cen_accuracy": 0.596375
  },
  "82": {
    "cen_loss": 1.4327776937484742,
    "cen_accuracy": 0.580875
  },
  "83": {
    "cen_loss": 1.3350235366821288,
    "cen_accuracy": 0.602875
  },
  "84": {
    "cen_loss": 1.385869870185852,
    "cen_accuracy": 0.592875
  },
  "85": {
    "cen_loss": 1.2890368909835817,
    "cen_accuracy": 0.612875
  },
  "86": {
    "cen_loss": 1.3426480054855348,
    "cen_accuracy": 0.609375
  },
  "87": {
    "cen_loss": 1.334511357307434,
    "cen_accuracy": 0.61475
  },
  "88": {
    "cen_loss": 1.4674127306938172,
    "cen_accuracy": 0.586125
  },
  "89": {
    "cen_loss": 1.3208090848922729,
    "cen_accuracy": 0.6075
  },
  "90": {
    "cen_loss": 1.4408105931282043,
    "cen_accuracy": 0.608875
  },
  "91": {
    "cen_loss": 1.3309623441696168,
    "cen_accuracy": 0.610125
  },
  "92": {
    "cen_loss": 1.2865730056762694,
    "cen_accuracy": 0.604875
  },
  "93": {
    "cen_loss": 1.3125905504226685,
    "cen_accuracy": 0.615125
  },
  "94": {
    "cen_loss": 1.4738068714141845,
    "cen_accuracy": 0.594875
  },
  "95": {
    "cen_loss": 1.4026514692306518,
    "cen_accuracy": 0.59775
  },
  "96": {
    "cen_loss": 1.3336154618263245,
    "cen_accuracy": 0.595125
  },
  "97": {
    "cen_loss": 1.3006132407188415,
    "cen_accuracy": 0.609125
  },
  "98": {
    "cen_loss": 1.3529024090766906,
    "cen_accuracy": 0.61125
  },
  "99": {
    "cen_loss": 1.287229815006256,
    "cen_accuracy": 0.604875
  },
  "100": {
    "cen_loss": 1.4348366174697875,
    "cen_accuracy": 0.612125
  },