{
  "0": {
    "cen_loss": 2.302672222518921,
    "cen_accuracy": 0.1
  },
  "1": {
    "cen_loss": 2.302672222518921,
    "cen_accuracy": 0.1
  },
  "2": {
    "cen_loss": 2.6617680135726927,
    "cen_accuracy": 0.1
  },
  "3": {
    "cen_loss": 4.176722178649903,
    "cen_accuracy": 0.1037
  },
  "4": {
    "cen_loss": 5.569362461471558,
    "cen_accuracy": 0.1
  },
  "5": {
    "cen_loss": 4.1939942771911625,
    "cen_accuracy": 0.1176
  },
  "6": {
    "cen_loss": 4.430352457809448,
    "cen_accuracy": 0.1057
  },
  "7": {
    "cen_loss": 4.8493508518218995,
    "cen_accuracy": 0.1087
  },
  "8": {
    "cen_loss": 5.063459739303589,
    "cen_accuracy": 0.1095
  },
  "9": {
    "cen_loss": 3.877608927154541,
    "cen_accuracy": 0.1747
  },
  "10": {
    "cen_loss": 2.772753014755249,
    "cen_accuracy": 0.1999
  },
  "11": {
    "cen_loss": 2.4033166025161745,
    "cen_accuracy": 0.2521
  },
  "12": {
    "cen_loss": 2.545801214981079,
    "cen_accuracy": 0.2712
  },
  "13": {
    "cen_loss": 2.7804506090164183,
    "cen_accuracy": 0.2703
  },
  "14": {
    "cen_loss": 2.0321314136505126,
    "cen_accuracy": 0.3763
  },
  "15": {
    "cen_loss": 1.970313230895996,
    "cen_accuracy": 0.4126
  },
  "16": {
    "cen_loss": 1.7954773009300231,
    "cen_accuracy": 0.4156
  },
  "17": {
    "cen_loss": 2.0432809864997865,
    "cen_accuracy": 0.3702
  },
  "18": {
    "cen_loss": 1.945067283821106,
    "cen_accuracy": 0.4351
  },
  "19": {
    "cen_loss": 2.110814518356323,
    "cen_accuracy": 0.4177
  },
  "20": {
    "cen_loss": 1.6691794137954712,
    "cen_accuracy": 0.4638
  },
  "21": {
    "cen_loss": 1.9687691358566284,
    "cen_accuracy": 0.4098
  },
  "22": {
    "cen_loss": 1.5155773249626159,
    "cen_accuracy": 0.5149
  },
  "23": {
    "cen_loss": 1.6781405475616455,
    "cen_accuracy": 0.4858
  },
  "24": {
    "cen_loss": 1.491008851146698,
    "cen_accuracy": 0.5301
  },
  "25": {
    "cen_loss": 1.5457902722358703,
    "cen_accuracy": 0.5182
  },
  "26": {
    "cen_loss": 1.75702051820755,
    "cen_accuracy": 0.4736
  },
  "27": {
    "cen_loss": 1.5548723464012146,
    "cen_accuracy": 0.5027
  },
  "28": {
    "cen_loss": 1.2791262563705443,
    "cen_accuracy": 0.582
  },
  "29": {
    "cen_loss": 1.3486840937614442,
    "cen_accuracy": 0.5692
  },
  "30": {
    "cen_loss": 1.2910689363956451,
    "cen_accuracy": 0.5809
  },
  "31": {
    "cen_loss": 1.506258311700821,
    "cen_accuracy": 0.552
  },
  "32": {
    "cen_loss": 1.431832375574112,
    "cen_accuracy": 0.5605
  },
  "33": {
    "cen_loss": 1.3255436339378357,
    "cen_accuracy": 0.5732
  },
  "34": {
    "cen_loss": 1.3100869405269622,
    "cen_accuracy": 0.5813
  },
  "35": {
    "cen_loss": 1.081924531173706,
    "cen_accuracy": 0.6403
  },
  "36": {
    "cen_loss": 1.3294926633358002,
    "cen_accuracy": 0.5947
  },
  "37": {
    "cen_loss": 1.2278706068515777,
    "cen_accuracy": 0.6119
  },
  "38": {
    "cen_loss": 1.3786031032562256,
    "cen_accuracy": 0.5855
  },
  "39": {
    "cen_loss": 1.5033664331912995,
    "cen_accuracy": 0.5552
  },
  "40": {
    "cen_loss": 1.301393896627426,
    "cen_accuracy": 0.5903
  },
  "41": {
    "cen_loss": 1.1896535408973694,
    "cen_accuracy": 0.6176
  },
  "42": {
    "cen_loss": 1.145715686273575,
    "cen_accuracy": 0.6277
  },
  "43": {
    "cen_loss": 1.2210408210277557,
    "cen_accuracy": 0.6061
  },
  "44": {
    "cen_loss": 1.3278195785045623,
    "cen_accuracy": 0.5826
  },
  "45": {
    "cen_loss": 1.2754298622608184,
    "cen_accuracy": 0.6061
  },
  "46": {
    "cen_loss": 1.1203159316539764,
    "cen_accuracy": 0.6317
  },
  "47": {
    "cen_loss": 1.1897912086486817,
    "cen_accuracy": 0.6251
  },
  "48": {
    "cen_loss": 1.041535303401947,
    "cen_accuracy": 0.6551
  },
  "49": {
    "cen_loss": 1.0170635066986085,
    "cen_accuracy": 0.6666
  },
  "50": {
    "cen_loss": 1.1515182378292084,
    "cen_accuracy": 0.6413
  },
  "51": {
    "cen_loss": 1.226371099615097,
    "cen_accuracy": 0.6194
  },
  "52": {
    "cen_loss": 1.218041685771942,
    "cen_accuracy": 0.6259
  },
  "53": {
    "cen_loss": 1.2430951961517334,
    "cen_accuracy": 0.628
  },
  "54": {
    "cen_loss": 1.5268240204811097,
    "cen_accuracy": 0.5596
  },
  "55": {
    "cen_loss": 1.2739853923797608,
    "cen_accuracy": 0.6175
  },
  "56": {
    "cen_loss": 1.2154817617177964,
    "cen_accuracy": 0.6327
  },
  "57": {
    "cen_loss": 1.0062203047990799,
    "cen_accuracy": 0.667
  },
  "58": {
    "cen_loss": 1.0368658902168273,
    "cen_accuracy": 0.6672
  },
  "59": {
    "cen_loss": 1.0816448414087296,
    "cen_accuracy": 0.6642
  },
  "60": {
    "cen_loss": 1.1236297750473023,
    "cen_accuracy": 0.6323
  },
  "61": {
    "cen_loss": 0.9015328032255173,
    "cen_accuracy": 0.6962
  },
  "62": {
    "cen_loss": 1.1022413091897965,
    "cen_accuracy": 0.6497
  },
  "63": {
    "cen_loss": 0.9197646485686303,
    "cen_accuracy": 0.6948
  },
  "64": {
    "cen_loss": 1.104480706691742,
    "cen_accuracy": 0.6618
  },
  "65": {
    "cen_loss": 0.9410333922147751,
    "cen_accuracy": 0.6975
  },
  "66": {
    "cen_loss": 1.6026191425323486,
    "cen_accuracy": 0.5666
  },
  "67": {
    "cen_loss": 0.9996371737241745,
    "cen_accuracy": 0.6701
  },
  "68": {
    "cen_loss": 0.9506733531713486,
    "cen_accuracy": 0.6895
  },
  "69": {
    "cen_loss": 0.9228581453084945,
    "cen_accuracy": 0.6978
  },
  "70": {
    "cen_loss": 1.0812649586439134,
    "cen_accuracy": 0.6694
  },
  "71": {
    "cen_loss": 0.9300816257238388,
    "cen_accuracy": 0.6981
  },
  "72": {
    "cen_loss": 1.2275785270690918,
    "cen_accuracy": 0.6168
  },
  "73": {
    "cen_loss": 1.0423040106534958,
    "cen_accuracy": 0.6741
  },
  "74": {
    "cen_loss": 1.5748118825435637,
    "cen_accuracy": 0.5875
  },
  "75": {
    "cen_loss": 1.0288354662179946,
    "cen_accuracy": 0.6946
  },
  "76": {
    "cen_loss": 1.0225222054243088,
    "cen_accuracy": 0.698
  },
  "77": {
    "cen_loss": 1.033004154920578,
    "cen_accuracy": 0.6879
  },
  "78": {
    "cen_loss": 0.9003818049907685,
    "cen_accuracy": 0.7091
  },
  "79": {
    "cen_loss": 1.1815582654953003,
    "cen_accuracy": 0.6468
  },
  "80": {
    "cen_loss": 1.0876539056062697,
    "cen_accuracy": 0.6775
  },
  "81": {
    "cen_loss": 0.9837380941271782,
    "cen_accuracy": 0.6945
  },
  "82": {
    "cen_loss": 1.4746451021671294,
    "cen_accuracy": 0.5982
  },
  "83": {
    "cen_loss": 1.0554309725522995,
    "cen_accuracy": 0.6727
  },
  "84": {
    "cen_loss": 0.9240806100368499,
    "cen_accuracy": 0.7065
  },
  "85": {
    "cen_loss": 0.9464660269975662,
    "cen_accuracy": 0.7141
  },
  "86": {
    "cen_loss": 0.8800232293605804,
    "cen_accuracy": 0.7238
  },
  "87": {
    "cen_loss": 0.9516065033435821,
    "cen_accuracy": 0.6945
  },
  "88": {
    "cen_loss": 1.000294674217701,
    "cen_accuracy": 0.6904
  },
  "89": {
    "cen_loss": 1.0164223558187484,
    "cen_accuracy": 0.6942
  },
  "90": {
    "cen_loss": 0.9075879786491394,
    "cen_accuracy": 0.7194
  },
  "91": {
    "cen_loss": 0.9563131712913513,
    "cen_accuracy": 0.7089
  },
  "92": {
    "cen_loss": 0.9985968144178391,
    "cen_accuracy": 0.6866
  },
  "93": {
    "cen_loss": 1.0359257080078126,
    "cen_accuracy": 0.6844
  },
  "94": {
    "cen_loss": 1.0596548405647277,
    "cen_accuracy": 0.6922
  },
  "95": {
    "cen_loss": 0.9768708330869674,
    "cen_accuracy": 0.7021
  },
  "96": {
    "cen_loss": 0.8825309607207775,
    "cen_accuracy": 0.716
  },
  "97": {
    "cen_loss": 1.2503310032844543,
    "cen_accuracy": 0.635
  },
  "98": {
    "cen_loss": 1.0143338648557663,
    "cen_accuracy": 0.6985
  },
  "99": {
    "cen_loss": 0.9643561184704303,
    "cen_accuracy": 0.7128
  },
  "100": {
    "cen_loss": 0.9801501229047775,
    "cen_accuracy": 0.6957
  },
  "101": {
    "cen_loss": 1.077229898428917,
    "cen_accuracy": 0.675
  }
}