{
  "0": {
    "cen_loss": 2.3034822883605957,
    "cen_accuracy": 0.1055
  },
  "1": {
    "cen_loss": 2.3034822883605957,
    "cen_accuracy": 0.1055
  },
  "2": {
    "cen_loss": 2.223465647125244,
    "cen_accuracy": 0.1385
  },
  "3": {
    "cen_loss": 1.786940836906433,
    "cen_accuracy": 0.3347
  },
  "4": {
    "cen_loss": 1.7174266388893127,
    "cen_accuracy": 0.3653
  },
  "5": {
    "cen_loss": 1.6892330890655518,
    "cen_accuracy": 0.4375
  },
  "6": {
    "cen_loss": 1.7112329669952393,
    "cen_accuracy": 0.4231
  },
  "7": {
    "cen_loss": 1.795911079597473,
    "cen_accuracy": 0.3961
  },
  "8": {
    "cen_loss": 1.6082844532966614,
    "cen_accuracy": 0.4551
  },
  "9": {
    "cen_loss": 1.6280359434127807,
    "cen_accuracy": 0.4556
  },
  "10": {
    "cen_loss": 1.6277130313873291,
    "cen_accuracy": 0.4558
  },
  "11": {
    "cen_loss": 1.808116021156311,
    "cen_accuracy": 0.405
  },
  "12": {
    "cen_loss": 1.7908697519302368,
    "cen_accuracy": 0.4369
  },
  "13": {
    "cen_loss": 1.9284680956840514,
    "cen_accuracy": 0.4345
  },
  "14": {
    "cen_loss": 1.6885305119514464,
    "cen_accuracy": 0.449
  },
  "15": {
    "cen_loss": 1.8646829926490784,
    "cen_accuracy": 0.4329
  },
  "16": {
    "cen_loss": 1.9877959858894347,
    "cen_accuracy": 0.4274
  },
  "17": {
    "cen_loss": 1.615371551990509,
    "cen_accuracy": 0.4847
  },
  "18": {
    "cen_loss": 1.9724256561279296,
    "cen_accuracy": 0.4506
  },
  "19": {
    "cen_loss": 1.811541596889496,
    "cen_accuracy": 0.4408
  },
  "20": {
    "cen_loss": 1.8115415818214418,
    "cen_accuracy": 0.4408
  },
  "21": {
    "cen_loss": 1.8954790305137634,
    "cen_accuracy": 0.4665
  },
  "22": {
    "cen_loss": 1.7159732616424561,
    "cen_accuracy": 0.4713
  },
  "23": {
    "cen_loss": 1.737503584098816,
    "cen_accuracy": 0.4827
  },
  "24": {
    "cen_loss": 1.637835099220276,
    "cen_accuracy": 0.494
  },
  "25": {
    "cen_loss": 1.6926265703201293,
    "cen_accuracy": 0.4856
  },
  "26": {
    "cen_loss": 1.6176844870567322,
    "cen_accuracy": 0.5014
  },
  "27": {
    "cen_loss": 1.8413538561820983,
    "cen_accuracy": 0.4733
  },
  "28": {
    "cen_loss": 1.7458973366737365,
    "cen_accuracy": 0.4879
  },
  "29": {
    "cen_loss": 1.7074240885734557,
    "cen_accuracy": 0.4989
  },
  "30": {
    "cen_loss": 1.7074241112709045,
    "cen_accuracy": 0.4989
  },
  "31": {
    "cen_loss": 1.6904346822738647,
    "cen_accuracy": 0.4989
  },
  "32": {
    "cen_loss": 1.7751459670066834,
    "cen_accuracy": 0.4898
  },
  "33": {
    "cen_loss": 1.7326214794158936,
    "cen_accuracy": 0.4845
  },
  "34": {
    "cen_loss": 1.846435614681244,
    "cen_accuracy": 0.47
  },
  "35": {
    "cen_loss": 1.6967626264572144,
    "cen_accuracy": 0.4905
  },
  "36": {
    "cen_loss": 1.6921416111946106,
    "cen_accuracy": 0.5056
  },
  "37": {
    "cen_loss": 1.9480394227981568,
    "cen_accuracy": 0.4899
  },
  "38": {
    "cen_loss": 1.7828474527359008,
    "cen_accuracy": 0.4934
  },
  "39": {
    "cen_loss": 1.6495340126037599,
    "cen_accuracy": 0.5177
  },
  "40": {
    "cen_loss": 1.6495340002059937,
    "cen_accuracy": 0.5177
  },
  "41": {
    "cen_loss": 1.6714401409626007,
    "cen_accuracy": 0.5158
  },
  "42": {
    "cen_loss": 1.736676283788681,
    "cen_accuracy": 0.5102
  },
  "43": {
    "cen_loss": 1.6324490001678467,
    "cen_accuracy": 0.5135
  },
  "44": {
    "cen_loss": 1.6383046288490295,
    "cen_accuracy": 0.5183
  },
  "45": {
    "cen_loss": 1.6456503623008727,
    "cen_accuracy": 0.5254
  },
  "46": {
    "cen_loss": 1.7447188329219818,
    "cen_accuracy": 0.5271
  },
  "47": {
    "cen_loss": 1.726213742017746,
    "cen_accuracy": 0.5235
  },
  "48": {
    "cen_loss": 1.6999980582237244,
    "cen_accuracy": 0.5068
  },
  "49": {
    "cen_loss": 1.631758744621277,
    "cen_accuracy": 0.5126
  },
  "50": {
    "cen_loss": 1.6317587454795837,
    "cen_accuracy": 0.5126
  },
  "51": {
    "cen_loss": 1.6998188383102417,
    "cen_accuracy": 0.53
  },
  "52": {
    "cen_loss": 1.8581469667434691,
    "cen_accuracy": 0.5097
  },
  "53": {
    "cen_loss": 1.8761212450027467,
    "cen_accuracy": 0.4954
  },
  "54": {
    "cen_loss": 1.7601786571502684,
    "cen_accuracy": 0.5091
  },
  "55": {
    "cen_loss": 1.6389997914791108,
    "cen_accuracy": 0.5311
  },
  "56": {
    "cen_loss": 1.9014557559013368,
    "cen_accuracy": 0.4797
  },
  "57": {
    "cen_loss": 1.6281448196411132,
    "cen_accuracy": 0.5176
  },
  "58": {
    "cen_loss": 1.707551267337799,
    "cen_accuracy": 0.5228
  },
  "59": {
    "cen_loss": 1.9330863974571229,
    "cen_accuracy": 0.4968
  },
  "60": {
    "cen_loss": 1.9330863563537597,
    "cen_accuracy": 0.4968
  },
  "61": {
    "cen_loss": 1.6104296830654143,
    "cen_accuracy": 0.5303
  },
  "62": {
    "cen_loss": 1.889078084373474,
    "cen_accuracy": 0.4963
  },
  "63": {
    "cen_loss": 1.7700213428497313,
    "cen_accuracy": 0.5207
  },
  "64": {
    "cen_loss": 1.8170530736923218,
    "cen_accuracy": 0.4978
  },
  "65": {
    "cen_loss": 1.6731320056915284,
    "cen_accuracy": 0.5302
  },
  "66": {
    "cen_loss": 1.682632494354248,
    "cen_accuracy": 0.521
  },
  "67": {
    "cen_loss": 1.6895866304397582,
    "cen_accuracy": 0.5148
  },
  "68": {
    "cen_loss": 1.6769087394714355,
    "cen_accuracy": 0.5236
  },
  "69": {
    "cen_loss": 1.673004184627533,
    "cen_accuracy": 0.5249
  },
  "70": {
    "cen_loss": 1.673004182434082,
    "cen_accuracy": 0.5249
  },
  "71": {
    "cen_loss": 1.9987633366584778,
    "cen_accuracy": 0.4902
  },
  "72": {
    "cen_loss": 1.8526770318031311,
    "cen_accuracy": 0.5128
  },
  "73": {
    "cen_loss": 1.764736743068695,
    "cen_accuracy": 0.5225
  },
  "74": {
    "cen_loss": 1.8060196619033813,
    "cen_accuracy": 0.5137
  },
  "75": {
    "cen_loss": 1.9577229548454285,
    "cen_accuracy": 0.5028
  },
  "76": {
    "cen_loss": 1.8207500354766846,
    "cen_accuracy": 0.5078
  },
  "77": {
    "cen_loss": 1.690872618818283,
    "cen_accuracy": 0.5286
  },
  "78": {
    "cen_loss": 1.7181296118736267,
    "cen_accuracy": 0.5209
  },
  "79": {
    "cen_loss": 1.848253259086609,
    "cen_accuracy": 0.5044
  },
  "80": {
    "cen_loss": 1.8482532410621644,
    "cen_accuracy": 0.5044
  },
  "81": {
    "cen_loss": 1.8297792550086975,
    "cen_accuracy": 0.5151
  },
  "82": {
    "cen_loss": 1.725715717458725,
    "cen_accuracy": 0.521
  },
  "83": {
    "cen_loss": 1.7191476105690002,
    "cen_accuracy": 0.5099
  },
  "84": {
    "cen_loss": 1.7344904388904572,
    "cen_accuracy": 0.5231
  },
  "85": {
    "cen_loss": 1.8316477898597718,
    "cen_accuracy": 0.5212
  },
  "86": {
    "cen_loss": 1.8073725964546203,
    "cen_accuracy": 0.5163
  },
  "87": {
    "cen_loss": 2.0058012345314027,
    "cen_accuracy": 0.4942
  },
  "88": {
    "cen_loss": 1.9140288404464723,
    "cen_accuracy": 0.5039
  },
  "89": {
    "cen_loss": 1.8508041829109192,
    "cen_accuracy": 0.512
  },
  "90": {
    "cen_loss": 1.8508041637420654,
    "cen_accuracy": 0.512
  },
  "91": {
    "cen_loss": 1.8325950890541076,
    "cen_accuracy": 0.5124
  },
  "92": {
    "cen_loss": 1.7735135390281678,
    "cen_accuracy": 0.51
  },
  "93": {
    "cen_loss": 2.0533181748390197,
    "cen_accuracy": 0.4885
  },
  "94": {
    "cen_loss": 1.755274513721466,
    "cen_accuracy": 0.5241
  },
  "95": {
    "cen_loss": 2.143128773880005,
    "cen_accuracy": 0.4833
  },
  "96": {
    "cen_loss": 2.1132220267772674,
    "cen_accuracy": 0.4788
  },
  "97": {
    "cen_loss": 2.032561466693878,
    "cen_accuracy": 0.4974
  },
  "98": {
    "cen_loss": 1.9315188055515289,
    "cen_accuracy": 0.4979
  },
  "99": {
    "cen_loss": 1.7794170302391052,
    "cen_accuracy": 0.5109
  },
  "100": {
    "cen_loss": 1.7794170455932616,
    "cen_accuracy": 0.5109
  },
  "101": {
    "cen_loss": 1.8784710940361022,
    "cen_accuracy": 0.5005
  }
}