{
  "0": {
    "cen_loss": 2.3069078960418703,
    "cen_accuracy": 0.10125
  },
  "1": {
    "cen_loss": 2.3069078960418703,
    "cen_accuracy": 0.10125
  },
  "2": {
    "cen_loss": 2.3069078960418703,
    "cen_accuracy": 0.10125
  },
  "3": {
    "cen_loss": 2.3069078960418703,
    "cen_accuracy": 0.10125
  },
  "4": {
    "cen_loss": 2.3069078960418703,
    "cen_accuracy": 0.10125
  },
  "5": {
    "cen_loss": 2.3069078960418703,
    "cen_accuracy": 0.10125
  },
  "6": {
    "cen_loss": 2.3069078960418703,
    "cen_accuracy": 0.10125
  }
}