{
  "0": {
    "cen_loss": 2.3027744300842286,
    "cen_accuracy": 0.1
  },
  "1": {
    "cen_loss": 2.3027744300842286,
    "cen_accuracy": 0.1
  },
  "2": {
    "cen_loss": 2.884756325531006,
    "cen_accuracy": 0.1
  },
  "3": {
    "cen_loss": 5.149930006408692,
    "cen_accuracy": 0.1
  },
  "4": {
    "cen_loss": 7.878363738250733,
    "cen_accuracy": 0.1
  },
  "5": {
    "cen_loss": 5.276475492095948,
    "cen_accuracy": 0.1
  },
  "6": {
    "cen_loss": 4.854798251342774,
    "cen_accuracy": 0.1045
  },
  "7": {
    "cen_loss": 4.827529821014404,
    "cen_accuracy": 0.1016
  },
  "8": {
    "cen_loss": 3.942228583908081,
    "cen_accuracy": 0.1591
  },
  "9": {
    "cen_loss": 3.337316311073303,
    "cen_accuracy": 0.1246
  },
  "10": {
    "cen_loss": 2.8924370607376098,
    "cen_accuracy": 0.2035
  },
  "11": {
    "cen_loss": 4.447952865982056,
    "cen_accuracy": 0.1108
  },
  "12": {
    "cen_loss": 2.6553539222717286,
    "cen_accuracy": 0.2402
  },
  "13": {
    "cen_loss": 2.6579025020599367,
    "cen_accuracy": 0.2591
  },
  "14": {
    "cen_loss": 2.1433790466308595,
    "cen_accuracy": 0.3151
  },
  "15": {
    "cen_loss": 3.0778962882995606,
    "cen_accuracy": 0.1749
  },
  "16": {
    "cen_loss": 2.0748661693573,
    "cen_accuracy": 0.3583
  },
  "17": {
    "cen_loss": 2.0806105494499207,
    "cen_accuracy": 0.3697
  },
  "18": {
    "cen_loss": 1.8756284008026123,
    "cen_accuracy": 0.411
  },
  "19": {
    "cen_loss": 2.497205755805969,
    "cen_accuracy": 0.3349
  },
  "20": {
    "cen_loss": 1.7195790273666383,
    "cen_accuracy": 0.4613
  },
  "21": {
    "cen_loss": 2.0195019594192507,
    "cen_accuracy": 0.4214
  },
  "22": {
    "cen_loss": 1.6216080919265747,
    "cen_accuracy": 0.4849
  },
  "23": {
    "cen_loss": 1.4619297523975372,
    "cen_accuracy": 0.5409
  },
  "24": {
    "cen_loss": 1.503421309375763,
    "cen_accuracy": 0.5241
  },
  "25": {
    "cen_loss": 1.3582167397022247,
    "cen_accuracy": 0.5627
  },
  "26": {
    "cen_loss": 1.3118119292736052,
    "cen_accuracy": 0.5619
  },
  "27": {
    "cen_loss": 1.3746256158828736,
    "cen_accuracy": 0.556
  },
  "28": {
    "cen_loss": 1.3289918759346009,
    "cen_accuracy": 0.5642
  },
  "29": {
    "cen_loss": 1.2574374878406525,
    "cen_accuracy": 0.5898
  },
  "30": {
    "cen_loss": 1.3715078465461732,
    "cen_accuracy": 0.5567
  },
  "31": {
    "cen_loss": 1.522671866607666,
    "cen_accuracy": 0.5383
  },
  "32": {
    "cen_loss": 1.5620376995563507,
    "cen_accuracy": 0.5396
  },
  "33": {
    "cen_loss": 1.8605204874038697,
    "cen_accuracy": 0.4878
  },
  "34": {
    "cen_loss": 1.3330603724479675,
    "cen_accuracy": 0.5677
  },
  "35": {
    "cen_loss": 1.1391154358148574,
    "cen_accuracy": 0.6125
  },
  "36": {
    "cen_loss": 1.3957005865573884,
    "cen_accuracy": 0.5574
  },
  "37": {
    "cen_loss": 1.2782406995773314,
    "cen_accuracy": 0.5991
  },
  "38": {
    "cen_loss": 1.4592357066631316,
    "cen_accuracy": 0.5495
  },
  "39": {
    "cen_loss": 1.43431855635643,
    "cen_accuracy": 0.5735
  },
  "40": {
    "cen_loss": 1.172392575263977,
    "cen_accuracy": 0.621
  },
  "41": {
    "cen_loss": 1.5917181623458863,
    "cen_accuracy": 0.5469
  },
  "42": {
    "cen_loss": 1.4437763751983643,
    "cen_accuracy": 0.5559
  },
  "43": {
    "cen_loss": 1.1580186220884323,
    "cen_accuracy": 0.6273
  },
  "44": {
    "cen_loss": 1.8491958135604858,
    "cen_accuracy": 0.4832
  },
  "45": {
    "cen_loss": 1.2579929703235626,
    "cen_accuracy": 0.5951
  },
  "46": {
    "cen_loss": 1.2140410941123962,
    "cen_accuracy": 0.6179
  },
  "47": {
    "cen_loss": 1.8330422441482543,
    "cen_accuracy": 0.4943
  },
  "48": {
    "cen_loss": 1.1935709905862808,
    "cen_accuracy": 0.6107
  },
  "49": {
    "cen_loss": 1.1415466480731964,
    "cen_accuracy": 0.638
  },
  "50": {
    "cen_loss": 1.7495560505867005,
    "cen_accuracy": 0.5085
  },
  "51": {
    "cen_loss": 1.431020647573471,
    "cen_accuracy": 0.5571
  },
  "52": {
    "cen_loss": 1.1247941787719726,
    "cen_accuracy": 0.634
  },
  "53": {
    "cen_loss": 1.0408086415290831,
    "cen_accuracy": 0.6605
  },
  "54": {
    "cen_loss": 0.9990392357587814,
    "cen_accuracy": 0.6701
  },
  "55": {
    "cen_loss": 0.9886051182031631,
    "cen_accuracy": 0.6751
  },
  "56": {
    "cen_loss": 0.9617115154266357,
    "cen_accuracy": 0.6823
  },
  "57": {
    "cen_loss": 1.2122339821338655,
    "cen_accuracy": 0.6266
  },
  "58": {
    "cen_loss": 0.9495149977922439,
    "cen_accuracy": 0.686
  },
  "59": {
    "cen_loss": 0.9149257639169693,
    "cen_accuracy": 0.6939
  },
  "60": {
    "cen_loss": 0.9473130014777184,
    "cen_accuracy": 0.6895
  },
  "61": {
    "cen_loss": 0.938967257475853,
    "cen_accuracy": 0.6947
  },
  "62": {
    "cen_loss": 0.9192928110599518,
    "cen_accuracy": 0.6973
  },
  "63": {
    "cen_loss": 1.0629877830982208,
    "cen_accuracy": 0.669
  },
  "64": {
    "cen_loss": 0.9539934378862381,
    "cen_accuracy": 0.6853
  },
  "65": {
    "cen_loss": 0.9631405648469925,
    "cen_accuracy": 0.6869
  },
  "66": {
    "cen_loss": 0.9272865980863572,
    "cen_accuracy": 0.6922
  },
  "67": {
    "cen_loss": 0.92703845038414,
    "cen_accuracy": 0.7007
  },
  "68": {
    "cen_loss": 0.9687221430778503,
    "cen_accuracy": 0.6887
  },
  "69": {
    "cen_loss": 0.8827016203403473,
    "cen_accuracy": 0.7123
  },
  "70": {
    "cen_loss": 0.871999672627449,
    "cen_accuracy": 0.7178
  },
  "71": {
    "cen_loss": 0.8872918292999268,
    "cen_accuracy": 0.7155
  },
  "72": {
    "cen_loss": 0.9252130140542985,
    "cen_accuracy": 0.6969
  },
  "73": {
    "cen_loss": 0.9279180938124657,
    "cen_accuracy": 0.7051
  },
  "74": {
    "cen_loss": 0.9253648661375046,
    "cen_accuracy": 0.7099
  },
  "75": {
    "cen_loss": 1.1143977437257766,
    "cen_accuracy": 0.6725
  },
  "76": {
    "cen_loss": 0.9982355675935746,
    "cen_accuracy": 0.7014
  },
  "77": {
    "cen_loss": 1.0698984322071075,
    "cen_accuracy": 0.6726
  },
  "78": {
    "cen_loss": 0.8810565740823746,
    "cen_accuracy": 0.7181
  },
  "79": {
    "cen_loss": 0.9451286674499512,
    "cen_accuracy": 0.7078
  },
  "80": {
    "cen_loss": 0.8758016581058502,
    "cen_accuracy": 0.7141
  },
  "81": {
    "cen_loss": 0.8896861271977424,
    "cen_accuracy": 0.7136
  },
  "82": {
    "cen_loss": 0.851670377779007,
    "cen_accuracy": 0.7275
  },
  "83": {
    "cen_loss": 0.8332164519071579,
    "cen_accuracy": 0.7305
  },
  "84": {
    "cen_loss": 0.853753540968895,
    "cen_accuracy": 0.7261
  },
  "85": {
    "cen_loss": 0.9146222671985627,
    "cen_accuracy": 0.7121
  },
  "86": {
    "cen_loss": 0.8825908336043358,
    "cen_accuracy": 0.7159
  },
  "87": {
    "cen_loss": 0.9384445317149163,
    "cen_accuracy": 0.7193
  },
  "88": {
    "cen_loss": 0.9436883992671966,
    "cen_accuracy": 0.6956
  },
  "89": {
    "cen_loss": 0.9985337567329406,
    "cen_accuracy": 0.6868
  },
  "90": {
    "cen_loss": 0.8900254855751991,
    "cen_accuracy": 0.71
  },
  "91": {
    "cen_loss": 0.8740030627012253,
    "cen_accuracy": 0.7224
  },
  "92": {
    "cen_loss": 0.8248352411746979,
    "cen_accuracy": 0.7298
  },
  "93": {
    "cen_loss": 0.9074920957326889,
    "cen_accuracy": 0.7108
  },
  "94": {
    "cen_loss": 0.8743061193108559,
    "cen_accuracy": 0.7176
  },
  "95": {
    "cen_loss": 0.9314377225995064,
    "cen_accuracy": 0.7141
  },
  "96": {
    "cen_loss": 0.9900754372835159,
    "cen_accuracy": 0.6869
  },
  "97": {
    "cen_loss": 1.118526489186287,
    "cen_accuracy": 0.6587
  },
  "98": {
    "cen_loss": 0.9049869356632233,
    "cen_accuracy": 0.7169
  },
  "99": {
    "cen_loss": 0.9295669080734253,
    "cen_accuracy": 0.7093
  },
  "100": {
    "cen_loss": 0.8959190351366997,
    "cen_accuracy": 0.7166
  },
  "101": {
    "cen_loss": 0.9400493951499462,
    "cen_accuracy": 0.7139
  }
}