{
  "0": {
    "cen_loss": 2.3027744300842286,
    "cen_accuracy": 0.1
  },
  "1": {
    "cen_loss": 2.3027744300842286,
    "cen_accuracy": 0.1
  },
  "2": {
    "cen_loss": 2.969237726211548,
    "cen_accuracy": 0.1
  },
  "3": {
    "cen_loss": 5.54676773071289,
    "cen_accuracy": 0.1
  },
  "4": {
    "cen_loss": 5.268028796005249,
    "cen_accuracy": 0.1
  },
  "5": {
    "cen_loss": 5.006971361541748,
    "cen_accuracy": 0.1005
  },
  "6": {
    "cen_loss": 6.6486440307617185,
    "cen_accuracy": 0.1005
  },
  "7": {
    "cen_loss": 5.032543883514404,
    "cen_accuracy": 0.1278
  },
  "8": {
    "cen_loss": 2.707196716308594,
    "cen_accuracy": 0.1526
  },
  "9": {
    "cen_loss": 3.623429746246338,
    "cen_accuracy": 0.169
  },
  "10": {
    "cen_loss": 3.8029393981933595,
    "cen_accuracy": 0.1164
  },
  "11": {
    "cen_loss": 2.745339461135864,
    "cen_accuracy": 0.2346
  },
  "12": {
    "cen_loss": 2.3686744609832764,
    "cen_accuracy": 0.2239
  },
  "13": {
    "cen_loss": 2.4931777488708495,
    "cen_accuracy": 0.2481
  },
  "14": {
    "cen_loss": 2.0947114703178404,
    "cen_accuracy": 0.3048
  },
  "15": {
    "cen_loss": 2.461525323486328,
    "cen_accuracy": 0.2726
  },
  "16": {
    "cen_loss": 2.153061963748932,
    "cen_accuracy": 0.3401
  },
  "17": {
    "cen_loss": 2.0767696826934814,
    "cen_accuracy": 0.3632
  },
  "18": {
    "cen_loss": 1.7836089125633239,
    "cen_accuracy": 0.4184
  },
  "19": {
    "cen_loss": 2.0704983105659487,
    "cen_accuracy": 0.346
  },
  "20": {
    "cen_loss": 1.6159959202766419,
    "cen_accuracy": 0.4656
  },
  "21": {
    "cen_loss": 1.6387635238170624,
    "cen_accuracy": 0.4689
  },
  "22": {
    "cen_loss": 1.9518324902534485,
    "cen_accuracy": 0.4438
  },
  "23": {
    "cen_loss": 1.6861530389785766,
    "cen_accuracy": 0.4766
  },
  "24": {
    "cen_loss": 1.7107963290214538,
    "cen_accuracy": 0.455
  },
  "25": {
    "cen_loss": 1.815433654022217,
    "cen_accuracy": 0.4415
  },
  "26": {
    "cen_loss": 1.6422142007827758,
    "cen_accuracy": 0.4968
  },
  "27": {
    "cen_loss": 2.1355575294971465,
    "cen_accuracy": 0.4275
  },
  "28": {
    "cen_loss": 1.5356940974235536,
    "cen_accuracy": 0.51
  },
  "29": {
    "cen_loss": 1.7419565445899963,
    "cen_accuracy": 0.4675
  },
  "30": {
    "cen_loss": 1.4056672557830812,
    "cen_accuracy": 0.5381
  },
  "31": {
    "cen_loss": 1.4949505612373353,
    "cen_accuracy": 0.5002
  },
  "32": {
    "cen_loss": 1.546823669862747,
    "cen_accuracy": 0.5125
  },
  "33": {
    "cen_loss": 1.466101852607727,
    "cen_accuracy": 0.533
  },
  "34": {
    "cen_loss": 1.7213746218204498,
    "cen_accuracy": 0.4693
  },
  "35": {
    "cen_loss": 1.2748893909454346,
    "cen_accuracy": 0.5663
  },
  "36": {
    "cen_loss": 1.4023227498054505,
    "cen_accuracy": 0.5361
  },
  "37": {
    "cen_loss": 1.5660857560634613,
    "cen_accuracy": 0.5042
  },
  "38": {
    "cen_loss": 1.3692956007003785,
    "cen_accuracy": 0.5654
  },
  "39": {
    "cen_loss": 1.248733703804016,
    "cen_accuracy": 0.5871
  },
  "40": {
    "cen_loss": 1.4762284054756165,
    "cen_accuracy": 0.5608
  },
  "41": {
    "cen_loss": 1.1958754453659057,
    "cen_accuracy": 0.6184
  },
  "42": {
    "cen_loss": 1.2266619260311127,
    "cen_accuracy": 0.6067
  },
  "43": {
    "cen_loss": 1.2357300842285157,
    "cen_accuracy": 0.5916
  },
  "44": {
    "cen_loss": 1.3503107840061188,
    "cen_accuracy": 0.5806
  },
  "45": {
    "cen_loss": 1.4061599236011506,
    "cen_accuracy": 0.5555
  },
  "46": {
    "cen_loss": 1.1970931379318237,
    "cen_accuracy": 0.6019
  },
  "47": {
    "cen_loss": 1.4492843848705292,
    "cen_accuracy": 0.5597
  },
  "48": {
    "cen_loss": 1.3031731322288513,
    "cen_accuracy": 0.575
  },
  "49": {
    "cen_loss": 1.4142950868129731,
    "cen_accuracy": 0.5535
  },
  "50": {
    "cen_loss": 1.5732141124248504,
    "cen_accuracy": 0.533
  },
  "51": {
    "cen_loss": 1.3822619990825653,
    "cen_accuracy": 0.5656
  },
  "52": {
    "cen_loss": 1.2859161224365234,
    "cen_accuracy": 0.5929
  },
  "53": {
    "cen_loss": 1.4471602437496185,
    "cen_accuracy": 0.5526
  },
  "54": {
    "cen_loss": 1.2844369779586793,
    "cen_accuracy": 0.5829
  },
  "55": {
    "cen_loss": 1.1375833607673644,
    "cen_accuracy": 0.626
  },
  "56": {
    "cen_loss": 1.2749654972076416,
    "cen_accuracy": 0.5918
  },
  "57": {
    "cen_loss": 1.1821887956619264,
    "cen_accuracy": 0.6206
  },
  "58": {
    "cen_loss": 1.1924515861034393,
    "cen_accuracy": 0.62
  },
  "59": {
    "cen_loss": 1.379017712879181,
    "cen_accuracy": 0.5781
  },
  "60": {
    "cen_loss": 1.5301043228626252,
    "cen_accuracy": 0.5578
  },
  "61": {
    "cen_loss": 1.3755691235542298,
    "cen_accuracy": 0.5854
  },
  "62": {
    "cen_loss": 1.590240994501114,
    "cen_accuracy": 0.5378
  },
  "63": {
    "cen_loss": 1.2145674651622773,
    "cen_accuracy": 0.6146
  },
  "64": {
    "cen_loss": 1.2235555760860444,
    "cen_accuracy": 0.6037
  },
  "65": {
    "cen_loss": 1.3542725086688996,
    "cen_accuracy": 0.6001
  },
  "66": {
    "cen_loss": 1.1737440178871155,
    "cen_accuracy": 0.6152
  },
  "67": {
    "cen_loss": 1.3628952433586121,
    "cen_accuracy": 0.5972
  },
  "68": {
    "cen_loss": 1.2125903785705567,
    "cen_accuracy": 0.6223
  },
  "69": {
    "cen_loss": 1.0711713124990463,
    "cen_accuracy": 0.649
  },
  "70": {
    "cen_loss": 1.2467453506946564,
    "cen_accuracy": 0.6153
  },
  "71": {
    "cen_loss": 1.0830054411649703,
    "cen_accuracy": 0.6591
  },
  "72": {
    "cen_loss": 1.3826893378734588,
    "cen_accuracy": 0.5751
  },
  "73": {
    "cen_loss": 1.5066932503700257,
    "cen_accuracy": 0.583
  },
  "74": {
    "cen_loss": 1.6145393779277801,
    "cen_accuracy": 0.5415
  },
  "75": {
    "cen_loss": 1.2085027513504027,
    "cen_accuracy": 0.6152
  },
  "76": {
    "cen_loss": 1.012041076564789,
    "cen_accuracy": 0.6713
  },
  "77": {
    "cen_loss": 1.3168720314979554,
    "cen_accuracy": 0.5936
  },
  "78": {
    "cen_loss": 1.0045055583000184,
    "cen_accuracy": 0.6738
  },
  "79": {
    "cen_loss": 1.0474136398077012,
    "cen_accuracy": 0.6617
  },
  "80": {
    "cen_loss": 1.2556674844741822,
    "cen_accuracy": 0.6351
  },
  "81": {
    "cen_loss": 1.1978752180099488,
    "cen_accuracy": 0.6202
  },
  "82": {
    "cen_loss": 1.1587426147937774,
    "cen_accuracy": 0.6401
  },
  "83": {
    "cen_loss": 1.0032943913936614,
    "cen_accuracy": 0.6756
  },
  "84": {
    "cen_loss": 1.108664079093933,
    "cen_accuracy": 0.6404
  },
  "85": {
    "cen_loss": 1.2271785671949387,
    "cen_accuracy": 0.622
  },
  "86": {
    "cen_loss": 1.2474722296714782,
    "cen_accuracy": 0.6249
  },
  "87": {
    "cen_loss": 1.194660607290268,
    "cen_accuracy": 0.629
  },
  "88": {
    "cen_loss": 1.1652329191207886,
    "cen_accuracy": 0.6483
  },
  "89": {
    "cen_loss": 1.021125208067894,
    "cen_accuracy": 0.6703
  },
  "90": {
    "cen_loss": 1.0997475450277328,
    "cen_accuracy": 0.6655
  },
  "91": {
    "cen_loss": 0.9574423361778259,
    "cen_accuracy": 0.6862
  },
  "92": {
    "cen_loss": 1.2162401996612549,
    "cen_accuracy": 0.6306
  },
  "93": {
    "cen_loss": 1.078122900056839,
    "cen_accuracy": 0.6729
  },
  "94": {
    "cen_loss": 1.2863203231096267,
    "cen_accuracy": 0.6143
  },
  "95": {
    "cen_loss": 0.9881447447419166,
    "cen_accuracy": 0.6838
  },
  "96": {
    "cen_loss": 1.0705907744407654,
    "cen_accuracy": 0.666
  },
  "97": {
    "cen_loss": 0.983572803401947,
    "cen_accuracy": 0.6863
  },
  "98": {
    "cen_loss": 1.0863994010925293,
    "cen_accuracy": 0.662
  },
  "99": {
    "cen_loss": 1.2104553652763366,
    "cen_accuracy": 0.6293
  },
  "100": {
    "cen_loss": 1.0983534154176713,
    "cen_accuracy": 0.6645
  },
  "101": {
    "cen_loss": 1.054291258454323,
    "cen_accuracy": 0.6765
  }
}