{
  "0": {
    "cen_loss": 2.30270415186882,
    "cen_accuracy": 0.101375
  },
  "1": {
    "cen_loss": 2.30270415186882,
    "cen_accuracy": 0.101375
  },
  "2": {
    "cen_loss": 2.3489349138736726,
    "cen_accuracy": 0.100875
  },
  "3": {
    "cen_loss": 2.4057602524757384,
    "cen_accuracy": 0.10125
  },
  "4": {
    "cen_loss": 2.437646820425987,
    "cen_accuracy": 0.097875
  },
  "5": {
    "cen_loss": 2.374654353260994,
    "cen_accuracy": 0.101
  },
  "6": {
    "cen_loss": 2.406351477742195,
    "cen_accuracy": 0.10125
  },
  "7": {
    "cen_loss": 2.339739578962326,
    "cen_accuracy": 0.100875
  },
  "8": {
    "cen_loss": 2.5599226721525192,
    "cen_accuracy": 0.099375
  },
  "9": {
    "cen_loss": 2.371051671743393,
    "cen_accuracy": 0.098375
  },
  "10": {
    "cen_loss": 2.36504794549942,
    "cen_accuracy": 0.109375
  },
  "11": {
    "cen_loss": 2.43681112909317,
    "cen_accuracy": 0.099
  },
  "12": {
    "cen_loss": 2.458292703151703,
    "cen_accuracy": 0.09925
  },
  "13": {
    "cen_loss": 2.48159153175354,
    "cen_accuracy": 0.098625
  },
  "14": {
    "cen_loss": 2.427265405058861,
    "cen_accuracy": 0.0965
  },
  "15": {
    "cen_loss": 2.408290345430374,
    "cen_accuracy": 0.101125
  },
  "16": {
    "cen_loss": 2.363011312365532,
    "cen_accuracy": 0.098625
  },
  "17": {
    "cen_loss": 2.4774453679323196,
    "cen_accuracy": 0.10075
  },
  "18": {
    "cen_loss": 2.4140640559196473,
    "cen_accuracy": 0.09875
  },
  "19": {
    "cen_loss": 2.397766816616058,
    "cen_accuracy": 0.09925
  },
  "20": {
    "cen_loss": 2.3538951283693312,
    "cen_accuracy": 0.125625
  },
  "21": {
    "cen_loss": 2.3407043821811677,
    "cen_accuracy": 0.117375
  },
  "22": {
    "cen_loss": 2.488779779314995,
    "cen_accuracy": 0.099375
  },
  "23": {
    "cen_loss": 2.4283405668735503,
    "cen_accuracy": 0.0925
  },
  "24": {
    "cen_loss": 2.376427460551262,
    "cen_accuracy": 0.10225
  },
  "25": {
    "cen_loss": 2.380968353152275,
    "cen_accuracy": 0.099125
  },
  "26": {
    "cen_loss": 2.3243720750808716,
    "cen_accuracy": 0.097375
  },
  "27": {
    "cen_loss": 2.3883252264261245,
    "cen_accuracy": 0.101375
  },
  "28": {
    "cen_loss": 2.47255013358593,
    "cen_accuracy": 0.101375
  },
  "29": {
    "cen_loss": 2.569339552760124,
    "cen_accuracy": 0.105625
  },
  "30": {
    "cen_loss": 2.485667325615883,
    "cen_accuracy": 0.108125
  },
  "31": {
    "cen_loss": 2.343330075263977,
    "cen_accuracy": 0.115625
  },
  "32": {
    "cen_loss": 2.3978178766965867,
    "cen_accuracy": 0.101875
  },
  "33": {
    "cen_loss": 2.4295146412849427,
    "cen_accuracy": 0.124125
  },
  "34": {
    "cen_loss": 2.5138841689825058,
    "cen_accuracy": 0.099375
  },
  "35": {
    "cen_loss": 2.4029976123571397,
    "cen_accuracy": 0.130125
  },
  "36": {
    "cen_loss": 2.4657709213495256,
    "cen_accuracy": 0.1045
  },
  "37": {
    "cen_loss": 2.3423162273168563,
    "cen_accuracy": 0.140125
  },
  "38": {
    "cen_loss": 2.5849012467861177,
    "cen_accuracy": 0.097875
  },
  "39": {
    "cen_loss": 2.360294240951538,
    "cen_accuracy": 0.146875
  },
  "40": {
    "cen_loss": 2.4083686760663987,
    "cen_accuracy": 0.146625
  },
  "41": {
    "cen_loss": 2.4649924347400667,
    "cen_accuracy": 0.1
  },
  "42": {
    "cen_loss": 2.2974308241605756,
    "cen_accuracy": 0.163
  },
  "43": {
    "cen_loss": 2.2822545585632326,
    "cen_accuracy": 0.11025
  },
  "44": {
    "cen_loss": 2.4807359253168104,
    "cen_accuracy": 0.11675
  },
  "45": {
    "cen_loss": 2.5297180498838423,
    "cen_accuracy": 0.163375
  },
  "46": {
    "cen_loss": 2.454640652418137,
    "cen_accuracy": 0.098875
  },
  "47": {
    "cen_loss": 2.449404063344002,
    "cen_accuracy": 0.099125
  },
  "48": {
    "cen_loss": 2.5860960273742677,
    "cen_accuracy": 0.104
  },
  "49": {
    "cen_loss": 2.444451098680496,
    "cen_accuracy": 0.152
  },
  "50": {
    "cen_loss": 2.4136097728013994,
    "cen_accuracy": 0.158125
  },
  "51": {
    "cen_loss": 2.4136097728013994,
    "cen_accuracy": 0.158125
  },
  "52": {
    "cen_loss": 2.697862534880638,
    "cen_accuracy": 0.102875
  },
  "53": {
    "cen_loss": 2.3816439659595487,
    "cen_accuracy": 0.1325
  },
  "54": {
    "cen_loss": 2.3765041114091874,
    "cen_accuracy": 0.135
  },
  "55": {
    "cen_loss": 2.428526333928108,
    "cen_accuracy": 0.113
  },
  "56": {
    "cen_loss": 2.712241138577461,
    "cen_accuracy": 0.09975
  },
  "57": {
    "cen_loss": 2.7118152014017105,
    "cen_accuracy": 0.099
  },
  "58": {
    "cen_loss": 2.5671697722673414,
    "cen_accuracy": 0.11
  },
  "59": {
    "cen_loss": 2.6251653335094454,
    "cen_accuracy": 0.111125
  },
  "60": {
    "cen_loss": 2.5900145466327666,
    "cen_accuracy": 0.168
  },
  "61": {
    "cen_loss": 2.4551216378211973,
    "cen_accuracy": 0.158
  },
  "62": {
    "cen_loss": 2.464375601649284,
    "cen_accuracy": 0.102625
  },
  "63": {
    "cen_loss": 2.314619253754616,
    "cen_accuracy": 0.114125
  },
  "64": {
    "cen_loss": 2.7314087390899657,
    "cen_accuracy": 0.11325
  },
  "65": {
    "cen_loss": 2.278898724794388,
    "cen_accuracy": 0.120375
  },
  "66": {
    "cen_loss": 2.563295735955238,
    "cen_accuracy": 0.1095
  },
  "67": {
    "cen_loss": 2.5827885270118713,
    "cen_accuracy": 0.15025
  },
  "68": {
    "cen_loss": 2.417094674229622,
    "cen_accuracy": 0.109875
  },
  "69": {
    "cen_loss": 2.6975869048833845,
    "cen_accuracy": 0.111375
  },
  "70": {
    "cen_loss": 2.7052707040309905,
    "cen_accuracy": 0.13875
  },
  "71": {
    "cen_loss": 2.50843704020977,
    "cen_accuracy": 0.131625
  },
  "72": {
    "cen_loss": 3.0547298800945284,
    "cen_accuracy": 0.167375
  },
  "73": {
    "cen_loss": 2.6900898277759553,
    "cen_accuracy": 0.159625
  },
  "74": {
    "cen_loss": 2.9662371907234193,
    "cen_accuracy": 0.099625
  },
  "75": {
    "cen_loss": 3.014116342663765,
    "cen_accuracy": 0.104375
  },
  "76": {
    "cen_loss": 2.4095562292337416,
    "cen_accuracy": 0.139625
  },
  "77": {
    "cen_loss": 2.4162868535518647,
    "cen_accuracy": 0.172625
  },
  "78": {
    "cen_loss": 2.371090363383293,
    "cen_accuracy": 0.11675
  },
  "79": {
    "cen_loss": 2.4794359778165815,
    "cen_accuracy": 0.121
  },
  "80": {
    "cen_loss": 2.345230462551117,
    "cen_accuracy": 0.17375
  },
  "81": {
    "cen_loss": 2.3734804962873457,
    "cen_accuracy": 0.116375
  },
  "82": {
    "cen_loss": 2.392088393449783,
    "cen_accuracy": 0.1035
  },
  "83": {
    "cen_loss": 2.443714574456215,
    "cen_accuracy": 0.1095
  },
  "84": {
    "cen_loss": 2.5644636577367783,
    "cen_accuracy": 0.11225
  },
  "85": {
    "cen_loss": 2.442293021559715,
    "cen_accuracy": 0.097875
  },
  "86": {
    "cen_loss": 2.3942200235128404,
    "cen_accuracy": 0.22
  },
  "87": {
    "cen_loss": 2.4083325070142747,
    "cen_accuracy": 0.163
  },
  "88": {
    "cen_loss": 2.6020908901691437,
    "cen_accuracy": 0.157125
  },
  "89": {
    "cen_loss": 2.213772718310356,
    "cen_accuracy": 0.215625
  },
  "90": {
    "cen_loss": 2.1934877158403396,
    "cen_accuracy": 0.21825
  },
  "91": {
    "cen_loss": 2.1875428038835527,
    "cen_accuracy": 0.180125
  },
  "92": {
    "cen_loss": 2.1964042271375654,
    "cen_accuracy": 0.222125
  },
  "93": {
    "cen_loss": 2.24411905002594,
    "cen_accuracy": 0.20975
  },
  "94": {
    "cen_loss": 2.2493142375946045,
    "cen_accuracy": 0.186
  },
  "95": {
    "cen_loss": 2.1968358290195464,
    "cen_accuracy": 0.1615
  },
  "96": {
    "cen_loss": 2.1472410801649096,
    "cen_accuracy": 0.174125
  },
  "97": {
    "cen_loss": 2.500810286283493,
    "cen_accuracy": 0.160375
  },
  "98": {
    "cen_loss": 2.130568638563156,
    "cen_accuracy": 0.198625
  },
  "99": {
    "cen_loss": 2.0714075924158095,
    "cen_accuracy": 0.201
  },
  "100": {
    "cen_loss": 2.144300510048866,
    "cen_accuracy": 0.162625
  },
  "101": {
    "cen_loss": 2.1012086093425753,