{
  "2": {
    "total_mJ": 115298187.57131244,
    "total_ceq": 11.566762312680416,
    "num_expired_thresh": 0,
    "num_depleted": 0,
    "num_transmited_bytes": 787312064
  },
  "3": {
    "total_mJ": 159247056.2866395,
    "total_ceq": 15.976475675101259,
    "num_expired_thresh": 0,
    "num_depleted": 0,
    "num_transmited_bytes": 787312064
  },
  "4": {
    "total_mJ": 131102194.59590818,
    "total_ceq": 13.386437572944859,
    "num_expired_thresh": 0,
    "num_depleted": 0,
    "num_transmited_bytes": 787312064
  },
  "5": {
    "total_mJ": 122408399.43171862,
    "total_ceq": 12.341559467172711,
    "num_expired_thresh": 0,
    "num_depleted": 0,
    "num_transmited_bytes": 787312064
  },
  "6": {
    "total_mJ": 159675333.4357555,
    "total_ceq": 15.993068411853843,
    "num_expired_thresh": 0,
    "num_depleted": 0,
    "num_transmited_bytes": 787312064
  },
  "7": {
    "total_mJ": 117187572.745898,
    "total_ceq": 11.911392469355503,
    "num_expired_thresh": 0,
    "num_depleted": 0,
    "num_transmited_bytes": 787312064
  },
  "8": {
    "total_mJ": 156345267.44768548,
    "total_ceq": 16.25381975220414,
    "num_expired_thresh": 0,
    "num_depleted": 0,
    "num_transmited_bytes": 787312064
  },
  "9": {
    "total_mJ": 112668234.14459504,
    "total_ceq": 11.577106350879825,
    "num_expired_thresh": 0,
    "num_depleted": 0,
    "num_transmited_bytes": 787312064
  },
  "10": {
    "total_mJ": 102919344.78368759,
    "total_ceq": 10.255317813369759,
    "num_expired_thresh": 0,
    "num_depleted": 0,
    "num_transmited_bytes": 787312064
  },
  "11": {
    "total_mJ": 120341066.58377764,
    "total_ceq": 12.127721173264762,
    "num_expired_thresh": 0,
    "num_depleted": 0,
    "num_transmited_bytes": 787312064
  },
  "12": {
    "total_mJ": 155553212.27248904,
    "total_ceq": 15.90116481213197,
    "num_expired_thresh": 0,
    "num_depleted": 0,
    "num_transmited_bytes": 787312064
  },
  "13": {
    "total_mJ": 120841943.44993691,
    "total_ceq": 12.10289332240929,
    "num_expired_thresh": 0,
    "num_depleted": 0,
    "num_transmited_bytes": 787312064
  },
  "14": {
    "total_mJ": 137916223.45158193,
    "total_ceq": 13.87153865567139,
    "num_expired_thresh": 0,
    "num_depleted": 0,
    "num_transmited_bytes": 787312064
  },
  "15": {
    "total_mJ": 129767423.24359047,
    "total_ceq": 13.168402291846498,
    "num_expired_thresh": 0,
    "num_depleted": 0,
    "num_transmited_bytes": 787312064
  },
  "16": {
    "total_mJ": 139338899.98697898,
    "total_ceq": 14.150574716315838,
    "num_expired_thresh": 0,
    "num_depleted": 0,
    "num_transmited_bytes": 787312064
  },
  "17": {
    "total_mJ": 159615311.5364445,
    "total_ceq": 15.955714052051542,
    "num_expired_thresh": 0,
    "num_depleted": 0,
    "num_transmited_bytes": 787312064
  },
  "18": {
    "total_mJ": 87988764.68466614,
    "total_ceq": 8.910138651851893,
    "num_expired_thresh": 0,
    "num_depleted": 0,
    "num_transmited_bytes": 787312064
  },
  "19": {
    "total_mJ": 156238999.2934341,
    "total_ceq": 16.117463012595184,
    "num_expired_thresh": 0,
    "num_depleted": 0,
    "num_transmited_bytes": 787312064
  },
  "20": {
    "total_mJ": 138708690.5055448,
    "total_ceq": 14.084226814098272,
    "num_expired_thresh": 0,
    "num_depleted": 0,
    "num_transmited_bytes": 787312064
  },
  "21": {
    "total_mJ": 110925424.62904038,
    "total_ceq": 11.26335929058078,
    "num_expired_thresh": 0,
    "num_depleted": 0,
    "num_transmited_bytes": 787312064
  },
  "22": {
    "total_mJ": 153362671.70687968,
    "total_ceq": 15.647034582041178,
    "num_expired_thresh": 0,
    "num_depleted": 0,
    "num_transmited_bytes": 787312064
  },
  "23": {
    "total_mJ": 120905330.34231074,
    "total_ceq": 12.123807434039708,
    "num_expired_thresh": 0,
    "num_depleted": 0,
    "num_transmited_bytes": 787312064
  },
  "24": {
    "total_mJ": 131384083.5631526,
    "total_ceq": 13.11126786070419,
    "num_expired_thresh": 0,
    "num_depleted": 0,
    "num_transmited_bytes": 787312064
  },
  "25": {
    "total_mJ": 156567648.2233024,
    "total_ceq": 15.736237661608286,
    "num_expired_thresh": 0,
    "num_depleted": 0,
    "num_transmited_bytes": 787312064
  },
  "26": {
    "total_mJ": 140293203.9572528,
    "total_ceq": 14.243769852858813,
    "num_expired_thresh": 0,
    "num_depleted": 0,
    "num_transmited_bytes": 787312064
  },
  "27": {
    "total_mJ": 123019336.5206744,
    "total_ceq": 12.261563950468926,
    "num_expired_thresh": 0,
    "num_depleted": 0,
    "num_transmited_bytes": 787312064
  },
  "28": {
    "total_mJ": 128840863.51415333,
    "total_ceq": 12.95745356245643,
    "num_expired_thresh": 0,
    "num_depleted": 0,
    "num_transmited_bytes": 787312064
  },
  "29": {
    "total_mJ": 138867758.90742943,
    "total_ceq": 13.776489034191318,
    "num_expired_thresh": 0,
    "num_depleted": 0,
    "num_transmited_bytes": 787312064
  },
  "30": {
    "total_mJ": 172031204.8865867,
    "total_ceq": 17.298882332164624,
    "num_expired_thresh": 0,
    "num_depleted": 0,
    "num_transmited_bytes": 787312064
  },
  "31": {
    "total_mJ": 142531692.51455292,
    "total_ceq": 14.29092534286047,
    "num_expired_thresh": 0,
    "num_depleted": 0,
    "num_transmited_bytes": 787312064
  },
  "32": {
    "total_mJ": 172404854.2310833,
    "total_ceq": 17.48203882717717,
    "num_expired_thresh": 5,
    "num_depleted": 0,
    "num_transmited_bytes": 787312064
  },
  "33": {
    "total_mJ": 87509548.28867643,
    "total_ceq": 8.81279308536187,
    "num_expired_thresh": 7,
    "num_depleted": 0,
    "num_transmited_bytes": 787312064
  },
  "34": {
    "total_mJ": 154682559.37296242,
    "total_ceq": 15.751136382061217,
    "num_expired_thresh": 18,
    "num_depleted": 0,
    "num_transmited_bytes": 787312064
  },
  "35": {
    "total_mJ": 170676002.6175513,
    "total_ceq": 17.008494900338995,
    "num_expired_thresh": 19,
    "num_depleted": 0,
    "num_transmited_bytes": 787312064
  },
  "36": {
    "total_mJ": 137876627.84256303,
    "total_ceq": 14.103740360788663,
    "num_expired_thresh": 19,
    "num_depleted": 0,
    "num_transmited_bytes": 787312064
  },
  "37": {
    "total_mJ": 173394641.3619288,
    "total_ceq": 17.33091612488271,
    "num_expired_thresh": 19,
    "num_depleted": 0,
    "num_transmited_bytes": 787312064
  },
  "38": {
    "total_mJ": 116991901.3790003,
    "total_ceq": 11.743763107417966,
    "num_expired_thresh": 19,
    "num_depleted": 0,
    "num_transmited_bytes": 787312064
  },
  "39": {
    "total_mJ": 136984877.84526232,
    "total_ceq": 13.959847654053736,
    "num_expired_thresh": 19,
    "num_depleted": 0,
    "num_transmited_bytes": 787312064
  },
  "40": {
    "total_mJ": 123483818.37045239,
    "total_ceq": 12.387272272743362,
    "num_expired_thresh": 19,
    "num_depleted": 0,
    "num_transmited_bytes": 787312064
  },
  "41": {
    "total_mJ": 132071690.37769143,
    "total_ceq": 13.515897071052164,
    "num_expired_thresh": 19,
    "num_depleted": 0,
    "num_transmited_bytes": 787312064
  },
  "42": {
    "total_mJ": 139621271.05587164,
    "total_ceq": 14.177293892375573,
    "num_expired_thresh": 19,
    "num_depleted": 0,
    "num_transmited_bytes": 787312064
  },
  "43": {
    "total_mJ": 103381726.05003163,
    "total_ceq": 10.320633003332645,
    "num_expired_thresh": 19,
    "num_depleted": 0,
    "num_transmited_bytes": 787312064
  },
  "44": {
    "total_mJ": 160239388.3299136,
    "total_ceq": 16.02977431802066,
    "num_expired_thresh": 19,
    "num_depleted": 0,
    "num_transmited_bytes": 787312064
  },
  "45": {
    "total_mJ": 103536331.47274923,
    "total_ceq": 10.61700061969109,
    "num_expired_thresh": 19,
    "num_depleted": 0,
    "num_transmited_bytes": 787312064
  },
  "46": {
    "total_mJ": 138684036.5505099,
    "total_ceq": 13.794585287586933,
    "num_expired_thresh": 19,
    "num_depleted": 0,
    "num_transmited_bytes": 787312064
  },