{
  "0": {
    "training_ms": 7.3982353255790505,
    "evaluation_ms": 17.544625,
    "training_mJ": 59.20778547721363,
    "evaluation_mJ": 113.15515602708335,
    "idle_mJ": 3.32,
    "max_battery_mJ": 432000000.0,
    "flwr_cid": -1,
    "comm_round_time": -1,
    "current_battery_mJ": 100000000.0,
    "initial_battery_mJ": 100000000.0,
    "device_carbon_intensity": 544.66,
    "up_speed": 8400000.0,
    "down_speed": 46000000.0,
    "comm_joules": 0.002
  },
  "1": {
    "training_ms": 5.6902582251431175,
    "evaluation_ms": 14.246656250000001,
    "training_mJ": 74.52907900112385,
    "evaluation_mJ": 156.56576357083307,
    "idle_mJ": 6.87,
    "max_battery_mJ": 432000000.0,
    "flwr_cid": -1,
    "comm_round_time": -1,
    "current_battery_mJ": 100000000.0,
    "initial_battery_mJ": 100000000.0,
    "device_carbon_intensity": 388.18,
    "up_speed": 18400000.0,
    "down_speed": 238300000.0,
    "comm_joules": 0.0005
  },
  "2": {
    "training_ms": 7.3982353255790505,
    "evaluation_ms": 17.544625,
    "training_mJ": 59.20778547721363,
    "evaluation_mJ": 113.15515602708335,
    "idle_mJ": 3.32,
    "max_battery_mJ": 432000000.0,
    "flwr_cid": -1,
    "comm_round_time": -1,
    "current_battery_mJ": 300000000.0,
    "initial_battery_mJ": 300000000.0,
    "device_carbon_intensity": 615.78,
    "up_speed": 14300000.0,
    "down_speed": 158500000.0,
    "comm_joules": 0.002
  },
  "3": {
    "training_ms": 7.3982353255790505,
    "evaluation_ms": 17.544625,
    "training_mJ": 59.20778547721363,
    "evaluation_mJ": 113.15515602708335,
    "idle_mJ": 3.32,
    "max_battery_mJ": 432000000.0,
    "flwr_cid": -1,
    "comm_round_time": -1,
    "current_battery_mJ": 200000000.0,
    "initial_battery_mJ": 200000000.0,
    "device_carbon_intensity": 512.57,
    "up_speed": 14300000.0,
    "down_speed": 158500000.0,
    "comm_joules": 0.002
  },
  "4": {
    "training_ms": 1.1396903000884837,
    "evaluation_ms": 4.176692500000001,
    "training_mJ": 9.966796596534213,
    "evaluation_mJ": 34.07212720416668,
    "idle_mJ": 5.09,
    "max_battery_mJ": 432000000.0,
    "flwr_cid": -1,
    "comm_round_time": -1,
    "current_battery_mJ": 300000000.0,
    "initial_battery_mJ": 300000000.0,
    "device_carbon_intensity": 89.13,
    "up_speed": 18400000.0,
    "down_speed": 238300000.0,
    "comm_joules": 0.0005
  },
  "5": {
    "training_ms": 7.3982353255790505,
    "evaluation_ms": 17.544625,
    "training_mJ": 59.20778547721363,
    "evaluation_mJ": 113.15515602708335,
    "idle_mJ": 3.32,
    "max_battery_mJ": 432000000.0,
    "flwr_cid": -1,
    "comm_round_time": -1,
    "current_battery_mJ": 300000000.0,
    "initial_battery_mJ": 300000000.0,
    "device_carbon_intensity": 864.53,
    "up_speed": 8400000.0,
    "down_speed": 46000000.0,
    "comm_joules": 0.002
  },
  "6": {
    "training_ms": 7.3982353255790505,
    "evaluation_ms": 17.544625,
    "training_mJ": 59.20778547721363,
    "evaluation_mJ": 113.15515602708335,
    "idle_mJ": 3.32,
    "max_battery_mJ": 432000000.0,
    "flwr_cid": -1,
    "comm_round_time": -1,
    "current_battery_mJ": 200000000.0,
    "initial_battery_mJ": 200000000.0,
    "device_carbon_intensity": 525.83,
    "up_speed": 14300000.0,
    "down_speed": 158500000.0,
    "comm_joules": 0.002
  },
  "7": {
    "training_ms": 7.3982353255790505,
    "evaluation_ms": 17.544625,
    "training_mJ": 59.20778547721363,
    "evaluation_mJ": 113.15515602708335,
    "idle_mJ": 3.32,
    "max_battery_mJ": 432000000.0,
    "flwr_cid": -1,
    "comm_round_time": -1,
    "current_battery_mJ": 100000000.0,
    "initial_battery_mJ": 100000000.0,
    "device_carbon_intensity": 544.66,
    "up_speed": 14300000.0,
    "down_speed": 158500000.0,
    "comm_joules": 0.002
  },
  "8": {
    "training_ms": 1.1396903000884837,
    "evaluation_ms": 4.176692500000001,
    "training_mJ": 9.966796596534213,
    "evaluation_mJ": 34.07212720416668,
    "idle_mJ": 5.09,
    "max_battery_mJ": 432000000.0,
    "flwr_cid": -1,
    "comm_round_time": -1,
    "current_battery_mJ": 100000000.0,
    "initial_battery_mJ": 100000000.0,
    "device_carbon_intensity": 190.66,
    "up_speed": 13800000.0,
    "down_speed": 155100000.0,
    "comm_joules": 0.0005
  },
  "9": {
    "training_ms": 5.6902582251431175,
    "evaluation_ms": 14.246656250000001,
    "training_mJ": 74.52907900112385,
    "evaluation_mJ": 156.56576357083307,
    "idle_mJ": 6.87,
    "max_battery_mJ": 432000000.0,
    "flwr_cid": -1,
    "comm_round_time": -1,
    "current_battery_mJ": 200000000.0,
    "initial_battery_mJ": 200000000.0,
    "device_carbon_intensity": 388.18,
    "up_speed": 20400000.0,
    "down_speed": 136500000.0,
    "comm_joules": 0.0005
  }
}