{
  "0": {
    "cen_loss": 2.302716353225708,
    "cen_accuracy": 0.1
  },
  "1": {
    "cen_loss": 2.302716353225708,
    "cen_accuracy": 0.1
  },
  "2": {
    "cen_loss": 2.862164388656616,
    "cen_accuracy": 0.1
  },
  "3": {
    "cen_loss": 5.9446326351165775,
    "cen_accuracy": 0.1
  },
  "4": {
    "cen_loss": 7.183355383300781,
    "cen_accuracy": 0.1
  },
  "5": {
    "cen_loss": 6.517820774078369,
    "cen_accuracy": 0.1
  },
  "6": {
    "cen_loss": 6.553886841583252,
    "cen_accuracy": 0.1018
  },
  "7": {
    "cen_loss": 5.744375199508667,
    "cen_accuracy": 0.1
  },
  "8": {
    "cen_loss": 5.41265977935791,
    "cen_accuracy": 0.1093
  },
  "9": {
    "cen_loss": 5.47555789527893,
    "cen_accuracy": 0.1005
  },
  "10": {
    "cen_loss": 4.996929328536988,
    "cen_accuracy": 0.101
  },
  "11": {
    "cen_loss": 4.105456108856202,
    "cen_accuracy": 0.1101
  },
  "12": {
    "cen_loss": 4.575510048294068,
    "cen_accuracy": 0.1238
  },
  "13": {
    "cen_loss": 3.623858948135376,
    "cen_accuracy": 0.1585
  },
  "14": {
    "cen_loss": 3.627431273651123,
    "cen_accuracy": 0.1709
  },
  "15": {
    "cen_loss": 2.875714504241943,
    "cen_accuracy": 0.2404
  },
  "16": {
    "cen_loss": 2.6871577394485473,
    "cen_accuracy": 0.2791
  },
  "17": {
    "cen_loss": 1.838144851589203,
    "cen_accuracy": 0.415
  },
  "18": {
    "cen_loss": 1.7199097093582154,
    "cen_accuracy": 0.4462
  },
  "19": {
    "cen_loss": 1.555445886516571,
    "cen_accuracy": 0.4939
  },
  "20": {
    "cen_loss": 1.4616111253738404,
    "cen_accuracy": 0.5212
  },
  "21": {
    "cen_loss": 1.3834201550483705,
    "cen_accuracy": 0.5455
  },
  "22": {
    "cen_loss": 1.2182985013008119,
    "cen_accuracy": 0.5919
  },
  "23": {
    "cen_loss": 1.1977144191741944,
    "cen_accuracy": 0.6052
  },
  "24": {
    "cen_loss": 1.1340937726020812,
    "cen_accuracy": 0.6283
  },
  "25": {
    "cen_loss": 1.1414141319274902,
    "cen_accuracy": 0.6316
  },
  "26": {
    "cen_loss": 1.079401264333725,
    "cen_accuracy": 0.6454
  },
  "27": {
    "cen_loss": 1.0425991800785064,
    "cen_accuracy": 0.6589
  },
  "28": {
    "cen_loss": 0.9971407827377319,
    "cen_accuracy": 0.6738
  },
  "29": {
    "cen_loss": 0.9592218694210053,
    "cen_accuracy": 0.6886
  },
  "30": {
    "cen_loss": 0.9825157510280609,
    "cen_accuracy": 0.6879
  },
  "31": {
    "cen_loss": 0.9319457257509232,
    "cen_accuracy": 0.6942
  },
  "32": {
    "cen_loss": 0.9326244206428528,
    "cen_accuracy": 0.6988
  },
  "33": {
    "cen_loss": 0.9269794085264206,
    "cen_accuracy": 0.6971
  },
  "34": {
    "cen_loss": 0.9524565329551696,
    "cen_accuracy": 0.6962
  },
  "35": {
    "cen_loss": 0.9350128051996232,
    "cen_accuracy": 0.699
  },
  "36": {
    "cen_loss": 0.882618229842186,
    "cen_accuracy": 0.7128
  },
  "37": {
    "cen_loss": 0.8888734798669815,
    "cen_accuracy": 0.7131
  },
  "38": {
    "cen_loss": 0.894599779367447,
    "cen_accuracy": 0.7125
  },
  "39": {
    "cen_loss": 0.8568302675485611,
    "cen_accuracy": 0.7254
  },
  "40": {
    "cen_loss": 0.8439923454999924,
    "cen_accuracy": 0.7281
  },
  "41": {
    "cen_loss": 0.8583503299474716,
    "cen_accuracy": 0.7251
  },
  "42": {
    "cen_loss": 0.8447988394260406,
    "cen_accuracy": 0.7316
  },
  "43": {
    "cen_loss": 0.8472652445793152,
    "cen_accuracy": 0.7313
  },
  "44": {
    "cen_loss": 0.8533869337201119,
    "cen_accuracy": 0.732
  },
  "45": {
    "cen_loss": 0.8553952850699424,
    "cen_accuracy": 0.7285
  },
  "46": {
    "cen_loss": 0.8258251824915409,
    "cen_accuracy": 0.7391
  },
  "47": {
    "cen_loss": 0.8240312115907669,
    "cen_accuracy": 0.7384
  },
  "48": {
    "cen_loss": 0.8346037691831589,
    "cen_accuracy": 0.7365
  },
  "49": {
    "cen_loss": 0.8081812428236008,
    "cen_accuracy": 0.7446
  },
  "50": {
    "cen_loss": 0.8236501674115658,
    "cen_accuracy": 0.7448
  },
  "51": {
    "cen_loss": 0.7860884696125984,
    "cen_accuracy": 0.7502
  },
  "52": {
    "cen_loss": 0.7774028807938099,
    "cen_accuracy": 0.7519
  },
  "53": {
    "cen_loss": 0.8198298695206642,
    "cen_accuracy": 0.7419
  },
  "54": {
    "cen_loss": 0.8007633952438832,
    "cen_accuracy": 0.7463
  },
  "55": {
    "cen_loss": 0.7753254012465477,
    "cen_accuracy": 0.7521
  },
  "56": {
    "cen_loss": 0.7823163727462292,
    "cen_accuracy": 0.7558
  },
  "57": {
    "cen_loss": 0.7829642391443252,
    "cen_accuracy": 0.7562
  },
  "58": {
    "cen_loss": 0.8071210079014302,
    "cen_accuracy": 0.7486
  },
  "59": {
    "cen_loss": 0.7752341177225113,
    "cen_accuracy": 0.755
  },
  "60": {
    "cen_loss": 0.7952999839484691,
    "cen_accuracy": 0.7487
  },
  "61": {
    "cen_loss": 0.7709187237143517,
    "cen_accuracy": 0.7584
  },
  "62": {
    "cen_loss": 0.7885436497509479,
    "cen_accuracy": 0.7529
  },
  "63": {
    "cen_loss": 0.7650038308799266,
    "cen_accuracy": 0.7603
  },
  "64": {
    "cen_loss": 0.747123633658886,
    "cen_accuracy": 0.7661
  },
  "65": {
    "cen_loss": 0.7726885923504829,
    "cen_accuracy": 0.7611
  },
  "66": {
    "cen_loss": 0.7776086940467357,
    "cen_accuracy": 0.7614
  },
  "67": {
    "cen_loss": 0.7316778877049684,
    "cen_accuracy": 0.7723
  },
  "68": {
    "cen_loss": 0.7401255086779595,
    "cen_accuracy": 0.7714
  },
  "69": {
    "cen_loss": 0.7481553484767676,
    "cen_accuracy": 0.7683
  },
  "70": {
    "cen_loss": 0.754586782258749,
    "cen_accuracy": 0.7676
  },
  "71": {
    "cen_loss": 0.7812446622848511,
    "cen_accuracy": 0.7613
  },
  "72": {
    "cen_loss": 0.7640289640724659,
    "cen_accuracy": 0.7647
  },
  "73": {
    "cen_loss": 0.7392584080129861,
    "cen_accuracy": 0.7719
  },
  "74": {
    "cen_loss": 0.7218661902785302,
    "cen_accuracy": 0.7763
  },
  "75": {
    "cen_loss": 0.7284784487366677,
    "cen_accuracy": 0.7778
  },
  "76": {
    "cen_loss": 0.7279613006800413,
    "cen_accuracy": 0.773
  },
  "77": {
    "cen_loss": 0.718664112649858,
    "cen_accuracy": 0.7761
  },
  "78": {
    "cen_loss": 0.7230536748081445,
    "cen_accuracy": 0.7735
  },
  "79": {
    "cen_loss": 0.7293918888866902,
    "cen_accuracy": 0.7759
  },
  "80": {
    "cen_loss": 0.733902114713192,
    "cen_accuracy": 0.7778
  },
  "81": {
    "cen_loss": 0.7253264918267727,
    "cen_accuracy": 0.776
  },
  "82": {
    "cen_loss": 0.7247796867996454,
    "cen_accuracy": 0.7799
  },
  "83": {
    "cen_loss": 0.7243001511573791,
    "cen_accuracy": 0.7794
  },
  "84": {
    "cen_loss": 0.7362735569790005,
    "cen_accuracy": 0.7782
  },
  "85": {
    "cen_loss": 0.7113586056292057,
    "cen_accuracy": 0.7824
  },
  "86": {
    "cen_loss": 0.7244859840080142,
    "cen_accuracy": 0.779
  },
  "87": {
    "cen_loss": 0.7155788337990642,
    "cen_accuracy": 0.7821
  },
  "88": {
    "cen_loss": 0.7254080918565392,
    "cen_accuracy": 0.7789
  },
  "89": {
    "cen_loss": 0.7003836198166012,
    "cen_accuracy": 0.7825
  },
  "90": {
    "cen_loss": 0.7026684824228286,
    "cen_accuracy": 0.7861
  },
  "91": {
    "cen_loss": 0.7291972770601511,
    "cen_accuracy": 0.7784
  },
  "92": {
    "cen_loss": 0.7065150604963303,
    "cen_accuracy": 0.7815
  },
  "93": {
    "cen_loss": 0.7231688191324472,
    "cen_accuracy": 0.7802
  },
  "94": {
    "cen_loss": 0.7265908084362745,
    "cen_accuracy": 0.7787
  },
  "95": {
    "cen_loss": 0.7172797729372978,
    "cen_accuracy": 0.7851
  },
  "96": {
    "cen_loss": 0.7122384189233184,
    "cen_accuracy": 0.7872
  },
  "97": {
    "cen_loss": 0.7005663967043161,
    "cen_accuracy": 0.7865
  },
  "98": {
    "cen_loss": 0.7046107870951295,
    "cen_accuracy": 0.7853
  },
  "99": {
    "cen_loss": 0.707601393443346,
    "cen_accuracy": 0.783
  },
  "100": {
    "cen_loss": 0.6840682740837336,
    "cen_accuracy": 0.7893
  },
  "101": {
    "cen_loss": 0.6972778944119811,
    "cen_accuracy": 0.788
  }
}