{
  "0": {
    "cen_loss": 2.303392876815796,
    "cen_accuracy": 0.1
  },
  "1": {
    "cen_loss": 2.303392876815796,
    "cen_accuracy": 0.1
  },
  "2": {
    "cen_loss": 2.2483584659576414,
    "cen_accuracy": 0.1889
  },
  "3": {
    "cen_loss": 1.9877598970413208,
    "cen_accuracy": 0.2368
  },
  "4": {
    "cen_loss": 1.7965779062271119,
    "cen_accuracy": 0.3344
  },
  "5": {
    "cen_loss": 1.7037825923919678,
    "cen_accuracy": 0.3939
  },
  "6": {
    "cen_loss": 1.7307508975028991,
    "cen_accuracy": 0.3878
  },
  "7": {
    "cen_loss": 1.6779367210388183,
    "cen_accuracy": 0.4229
  },
  "8": {
    "cen_loss": 1.7718874460220337,
    "cen_accuracy": 0.4143
  },
  "9": {
    "cen_loss": 1.6847730025291443,
    "cen_accuracy": 0.4581
  },
  "10": {
    "cen_loss": 1.6838148431777955,
    "cen_accuracy": 0.4582
  },
  "11": {
    "cen_loss": 1.694604912185669,
    "cen_accuracy": 0.4278
  },
  "12": {
    "cen_loss": 1.583612129497528,
    "cen_accuracy": 0.4723
  },
  "13": {
    "cen_loss": 1.7283318926811218,
    "cen_accuracy": 0.4503
  },
  "14": {
    "cen_loss": 1.7541635843276977,
    "cen_accuracy": 0.4353
  },
  "15": {
    "cen_loss": 1.7474942853927613,
    "cen_accuracy": 0.4606
  },
  "16": {
    "cen_loss": 1.5826044070243837,
    "cen_accuracy": 0.4851
  },
  "17": {
    "cen_loss": 1.6933807676315307,
    "cen_accuracy": 0.4723
  },
  "18": {
    "cen_loss": 1.8029747137069703,
    "cen_accuracy": 0.4506
  },
  "19": {
    "cen_loss": 1.7041506237030029,
    "cen_accuracy": 0.4772
  },
  "20": {
    "cen_loss": 1.7041506601333618,
    "cen_accuracy": 0.4773
  },
  "21": {
    "cen_loss": 1.6215121564865111,
    "cen_accuracy": 0.4916
  },
  "22": {
    "cen_loss": 1.6313835189819337,
    "cen_accuracy": 0.4961
  },
  "23": {
    "cen_loss": 1.7372481830596924,
    "cen_accuracy": 0.4724
  },
  "24": {
    "cen_loss": 1.6563771564006806,
    "cen_accuracy": 0.5032
  },
  "25": {
    "cen_loss": 1.659453648042679,
    "cen_accuracy": 0.5015
  },
  "26": {
    "cen_loss": 1.6574494016170502,
    "cen_accuracy": 0.5082
  },
  "27": {
    "cen_loss": 1.6282529542922974,
    "cen_accuracy": 0.5165
  },
  "28": {
    "cen_loss": 1.884086761856079,
    "cen_accuracy": 0.462
  },
  "29": {
    "cen_loss": 1.6401656700611114,
    "cen_accuracy": 0.5031
  },
  "30": {
    "cen_loss": 1.640165674829483,
    "cen_accuracy": 0.5031
  },
  "31": {
    "cen_loss": 1.6310740561962127,
    "cen_accuracy": 0.5096
  },
  "32": {
    "cen_loss": 1.730688531923294,
    "cen_accuracy": 0.4956
  },
  "33": {
    "cen_loss": 1.7339022171020508,
    "cen_accuracy": 0.4948
  },
  "34": {
    "cen_loss": 1.762124876499176,
    "cen_accuracy": 0.4902
  },
  "35": {
    "cen_loss": 1.7041522001743317,
    "cen_accuracy": 0.5083
  },
  "36": {
    "cen_loss": 1.6607270847320557,
    "cen_accuracy": 0.5188
  },
  "37": {
    "cen_loss": 1.8264813976287841,
    "cen_accuracy": 0.4895
  },
  "38": {
    "cen_loss": 1.8436730986595153,
    "cen_accuracy": 0.503
  },
  "39": {
    "cen_loss": 1.7271526301383973,
    "cen_accuracy": 0.5145
  },
  "40": {
    "cen_loss": 1.727152638053894,
    "cen_accuracy": 0.5145
  },
  "41": {
    "cen_loss": 1.7073898882865906,
    "cen_accuracy": 0.5148
  },
  "42": {
    "cen_loss": 1.8600877942085265,
    "cen_accuracy": 0.5159
  },
  "43": {
    "cen_loss": 1.6701951518058777,
    "cen_accuracy": 0.5206
  },
  "44": {
    "cen_loss": 1.6785484932899475,
    "cen_accuracy": 0.5212
  },
  "45": {
    "cen_loss": 1.6297229155540467,
    "cen_accuracy": 0.5124
  },
  "46": {
    "cen_loss": 1.9682146484851837,
    "cen_accuracy": 0.5062
  },
  "47": {
    "cen_loss": 2.0394617109298707,
    "cen_accuracy": 0.4883
  },
  "48": {
    "cen_loss": 1.7648351121902466,
    "cen_accuracy": 0.5039
  },
  "49": {
    "cen_loss": 1.86151125125885,
    "cen_accuracy": 0.4934
  },
  "50": {
    "cen_loss": 1.8615112239837646,
    "cen_accuracy": 0.4934
  },
  "51": {
    "cen_loss": 1.7956528985977174,
    "cen_accuracy": 0.5052
  },
  "52": {
    "cen_loss": 1.7387540180683136,
    "cen_accuracy": 0.5227
  },
  "53": {
    "cen_loss": 1.8450022910118102,
    "cen_accuracy": 0.5043
  },
  "54": {
    "cen_loss": 1.7467638520240785,
    "cen_accuracy": 0.4961
  },
  "55": {
    "cen_loss": 1.7392872859954833,
    "cen_accuracy": 0.509
  },
  "56": {
    "cen_loss": 1.6764576610565185,
    "cen_accuracy": 0.5314
  },
  "57": {
    "cen_loss": 1.696360455608368,
    "cen_accuracy": 0.5161
  },
  "58": {
    "cen_loss": 1.628724395751953,
    "cen_accuracy": 0.5351
  },
  "59": {
    "cen_loss": 1.8669606278896331,
    "cen_accuracy": 0.5128
  },
  "60": {
    "cen_loss": 1.866960601234436,
    "cen_accuracy": 0.5128
  },
  "61": {
    "cen_loss": 1.8317047718048096,
    "cen_accuracy": 0.5091
  },
  "62": {
    "cen_loss": 1.801713206577301,
    "cen_accuracy": 0.5028
  },
  "63": {
    "cen_loss": 1.9943009783267975,
    "cen_accuracy": 0.4986
  },
  "64": {
    "cen_loss": 1.808421863079071,
    "cen_accuracy": 0.5189
  },
  "65": {
    "cen_loss": 2.0334786061286927,
    "cen_accuracy": 0.4726
  },
  "66": {
    "cen_loss": 1.8063881621360778,
    "cen_accuracy": 0.5059
  },
  "67": {
    "cen_loss": 2.0407950964927672,
    "cen_accuracy": 0.4937
  },
  "68": {
    "cen_loss": 1.8243305638313294,
    "cen_accuracy": 0.5233
  },
  "69": {
    "cen_loss": 2.217447647857666,
    "cen_accuracy": 0.4611
  },
  "70": {
    "cen_loss": 2.217447579097748,
    "cen_accuracy": 0.4611
  },
  "71": {
    "cen_loss": 1.678143211221695,
    "cen_accuracy": 0.5287
  },
  "72": {
    "cen_loss": 1.7468328968048095,
    "cen_accuracy": 0.5233
  },
  "73": {
    "cen_loss": 1.770300460100174,
    "cen_accuracy": 0.5308
  },
  "74": {
    "cen_loss": 1.7745103931903838,
    "cen_accuracy": 0.5024
  },
  "75": {
    "cen_loss": 1.9532429394245148,
    "cen_accuracy": 0.5092
  },
  "76": {
    "cen_loss": 1.7181880634307862,
    "cen_accuracy": 0.5177
  },
  "77": {
    "cen_loss": 1.668083528137207,
    "cen_accuracy": 0.5281
  },
  "78": {
    "cen_loss": 1.7577539920330048,
    "cen_accuracy": 0.5131
  },
  "79": {
    "cen_loss": 1.789807263803482,
    "cen_accuracy": 0.5233
  },
  "80": {
    "cen_loss": 1.7898072730064392,
    "cen_accuracy": 0.5233
  },
  "81": {
    "cen_loss": 1.7272560053825379,
    "cen_accuracy": 0.5301
  },
  "82": {
    "cen_loss": 1.805028099155426,
    "cen_accuracy": 0.5225
  },
  "83": {
    "cen_loss": 1.8154218842029572,
    "cen_accuracy": 0.5217
  },
  "84": {
    "cen_loss": 1.8729737788200378,
    "cen_accuracy": 0.5193
  },
  "85": {
    "cen_loss": 2.0909750972747805,
    "cen_accuracy": 0.496
  },
  "86": {
    "cen_loss": 1.7794409398078919,
    "cen_accuracy": 0.5107
  },
  "87": {
    "cen_loss": 1.7971650262832641,
    "cen_accuracy": 0.504
  },
  "88": {
    "cen_loss": 1.9215344347953796,
    "cen_accuracy": 0.5008
  },
  "89": {
    "cen_loss": 1.733557541847229,
    "cen_accuracy": 0.511
  },
  "90": {
    "cen_loss": 1.7335575478553773,
    "cen_accuracy": 0.511
  },
  "91": {
    "cen_loss": 1.821995523262024,
    "cen_accuracy": 0.5212
  },
  "92": {
    "cen_loss": 1.7047120363235473,
    "cen_accuracy": 0.5257
  },
  "93": {
    "cen_loss": 1.6557084139823914,
    "cen_accuracy": 0.5118
  },
  "94": {
    "cen_loss": 1.6579981526374816,
    "cen_accuracy": 0.5376
  },
  "95": {
    "cen_loss": 1.7891666559219361,
    "cen_accuracy": 0.519
  },
  "96": {
    "cen_loss": 1.9937982287406921,
    "cen_accuracy": 0.504
  },
  "97": {
    "cen_loss": 1.8591848934173585,
    "cen_accuracy": 0.5152
  },
  "98": {
    "cen_loss": 1.931192807483673,
    "cen_accuracy": 0.5038
  },
  "99": {
    "cen_loss": 1.8480601848602294,
    "cen_accuracy": 0.5163
  },
  "100": {
    "cen_loss": 1.8480601618289947,
    "cen_accuracy": 0.5163
  },
  "101": {
    "cen_loss": 1.8491553486824035,
    "cen_accuracy": 0.5065
  }
}