{
  "0": {
    "cen_loss": 2.3027744300842286,
    "cen_accuracy": 0.1
  },
  "1": {
    "cen_loss": 2.3027744300842286,
    "cen_accuracy": 0.1
  },
  "2": {
    "cen_loss": 2.5028987632751463,
    "cen_accuracy": 0.1
  },
  "3": {
    "cen_loss": 3.0105033363342284,
    "cen_accuracy": 0.1
  },
  "4": {
    "cen_loss": 4.2390990005493165,
    "cen_accuracy": 0.1
  },
  "5": {
    "cen_loss": 4.6942006202697755,
    "cen_accuracy": 0.1
  },
  "6": {
    "cen_loss": 4.366267615127564,
    "cen_accuracy": 0.1
  },
  "7": {
    "cen_loss": 3.817085335922241,
    "cen_accuracy": 0.1
  },
  "8": {
    "cen_loss": 4.555002347183228,
    "cen_accuracy": 0.0998
  },
  "9": {
    "cen_loss": 4.132708919525147,
    "cen_accuracy": 0.0999
  },
  "10": {
    "cen_loss": 3.934604513168335,
    "cen_accuracy": 0.1016
  },
  "11": {
    "cen_loss": 5.021234038925171,
    "cen_accuracy": 0.1
  },
  "12": {
    "cen_loss": 4.2292016479492185,
    "cen_accuracy": 0.1427
  },
  "13": {
    "cen_loss": 3.363092785453796,
    "cen_accuracy": 0.1478
  },
  "14": {
    "cen_loss": 2.9307023681640625,
    "cen_accuracy": 0.1861
  },
  "15": {
    "cen_loss": 2.458245877838135,
    "cen_accuracy": 0.2146
  },
  "16": {
    "cen_loss": 2.9761764137268067,
    "cen_accuracy": 0.1891
  },
  "17": {
    "cen_loss": 2.608033097076416,
    "cen_accuracy": 0.2416
  },
  "18": {
    "cen_loss": 1.8991195665359497,
    "cen_accuracy": 0.3599
  },
  "19": {
    "cen_loss": 2.003353770828247,
    "cen_accuracy": 0.3319
  },
  "20": {
    "cen_loss": 1.9701831673622132,
    "cen_accuracy": 0.3612
  },
  "21": {
    "cen_loss": 1.979625565624237,
    "cen_accuracy": 0.3562
  },
  "22": {
    "cen_loss": 1.2983901076316833,
    "cen_accuracy": 0.5137
  },
  "23": {
    "cen_loss": 1.783126979446411,
    "cen_accuracy": 0.3899
  },
  "24": {
    "cen_loss": 1.6080141269683839,
    "cen_accuracy": 0.4139
  },
  "25": {
    "cen_loss": 1.3915149498939514,
    "cen_accuracy": 0.5198
  },
  "26": {
    "cen_loss": 1.300842769575119,
    "cen_accuracy": 0.5415
  },
  "27": {
    "cen_loss": 1.361215551328659,
    "cen_accuracy": 0.5365
  },
  "28": {
    "cen_loss": 1.3618068225860596,
    "cen_accuracy": 0.5388
  },
  "29": {
    "cen_loss": 1.3723080731391906,
    "cen_accuracy": 0.5285
  },
  "30": {
    "cen_loss": 1.4297487706184386,
    "cen_accuracy": 0.5197
  },
  "31": {
    "cen_loss": 1.2039716403007508,
    "cen_accuracy": 0.5654
  },
  "32": {
    "cen_loss": 1.2097235969543456,
    "cen_accuracy": 0.5791
  },
  "33": {
    "cen_loss": 1.276938912963867,
    "cen_accuracy": 0.5571
  },
  "34": {
    "cen_loss": 1.2671482062339783,
    "cen_accuracy": 0.5744
  },
  "35": {
    "cen_loss": 1.182006270980835,
    "cen_accuracy": 0.5746
  },
  "36": {
    "cen_loss": 1.123792728662491,
    "cen_accuracy": 0.5982
  },
  "37": {
    "cen_loss": 1.2571884372711182,
    "cen_accuracy": 0.5808
  },
  "38": {
    "cen_loss": 1.2100950646877289,
    "cen_accuracy": 0.59
  },
  "39": {
    "cen_loss": 1.2247539088726043,
    "cen_accuracy": 0.5874
  },
  "40": {
    "cen_loss": 1.2933803256988525,
    "cen_accuracy": 0.5712
  },
  "41": {
    "cen_loss": 1.2314868154525758,
    "cen_accuracy": 0.5921
  },
  "42": {
    "cen_loss": 1.1756059280395508,
    "cen_accuracy": 0.5881
  },
  "43": {
    "cen_loss": 1.150783660888672,
    "cen_accuracy": 0.6035
  },
  "44": {
    "cen_loss": 1.2830886920928954,
    "cen_accuracy": 0.5893
  },
  "45": {
    "cen_loss": 1.2480707516670226,
    "cen_accuracy": 0.5958
  },
  "46": {
    "cen_loss": 1.081273969078064,
    "cen_accuracy": 0.6245
  },
  "47": {
    "cen_loss": 1.4213508123397827,
    "cen_accuracy": 0.5583
  },
  "48": {
    "cen_loss": 1.4581230408668517,
    "cen_accuracy": 0.5389
  },
  "49": {
    "cen_loss": 1.0641139652729035,
    "cen_accuracy": 0.6133
  },
  "50": {
    "cen_loss": 1.0866882021903992,
    "cen_accuracy": 0.6194
  },
  "51": {
    "cen_loss": 1.0916249960899354,
    "cen_accuracy": 0.6215
  },
  "52": {
    "cen_loss": 1.1871891101360321,
    "cen_accuracy": 0.5796
  },
  "53": {
    "cen_loss": 1.2649481456756593,
    "cen_accuracy": 0.5769
  },
  "54": {
    "cen_loss": 1.0166358721256257,
    "cen_accuracy": 0.6587
  },
  "55": {
    "cen_loss": 1.215402957868576,
    "cen_accuracy": 0.6056
  },
  "56": {
    "cen_loss": 1.279722357082367,
    "cen_accuracy": 0.5926
  },
  "57": {
    "cen_loss": 1.2506313315868378,
    "cen_accuracy": 0.5877
  },
  "58": {
    "cen_loss": 1.404243050956726,
    "cen_accuracy": 0.5595
  },
  "59": {
    "cen_loss": 1.168326297569275,
    "cen_accuracy": 0.6032
  },
  "60": {
    "cen_loss": 1.2108913758277893,
    "cen_accuracy": 0.5832
  },
  "61": {
    "cen_loss": 1.7425723385810852,
    "cen_accuracy": 0.4797
  },
  "62": {
    "cen_loss": 1.011555847120285,
    "cen_accuracy": 0.6514
  },
  "63": {
    "cen_loss": 0.992555839729309,
    "cen_accuracy": 0.6503
  },
  "64": {
    "cen_loss": 1.1253405308246613,
    "cen_accuracy": 0.6073
  },
  "65": {
    "cen_loss": 1.3082073495388031,
    "cen_accuracy": 0.601
  },
  "66": {
    "cen_loss": 1.2161543655395508,
    "cen_accuracy": 0.5781
  },
  "67": {
    "cen_loss": 1.0717349042415618,
    "cen_accuracy": 0.6335
  },
  "68": {
    "cen_loss": 1.0286245666980744,
    "cen_accuracy": 0.6388
  },
  "69": {
    "cen_loss": 1.4213688218355178,
    "cen_accuracy": 0.5506
  },
  "70": {
    "cen_loss": 1.232305855512619,
    "cen_accuracy": 0.5779
  },
  "71": {
    "cen_loss": 1.293076953268051,
    "cen_accuracy": 0.5951
  },
  "72": {
    "cen_loss": 1.417219835805893,
    "cen_accuracy": 0.5878
  },
  "73": {
    "cen_loss": 1.2960100000858308,
    "cen_accuracy": 0.62
  },
  "74": {
    "cen_loss": 1.007721433019638,
    "cen_accuracy": 0.659
  },
  "75": {
    "cen_loss": 0.9160963995933533,
    "cen_accuracy": 0.6772
  },
  "76": {
    "cen_loss": 0.9205969836235046,
    "cen_accuracy": 0.6868
  },
  "77": {
    "cen_loss": 0.9166828859329224,
    "cen_accuracy": 0.6802
  },
  "78": {
    "cen_loss": 1.0013877822875976,
    "cen_accuracy": 0.6532
  },
  "79": {
    "cen_loss": 1.3058901494503021,
    "cen_accuracy": 0.6194
  },
  "80": {
    "cen_loss": 1.2912830008506775,
    "cen_accuracy": 0.6012
  },
  "81": {
    "cen_loss": 1.1734929695129395,
    "cen_accuracy": 0.5967
  },
  "82": {
    "cen_loss": 0.99719753074646,
    "cen_accuracy": 0.6542
  },
  "83": {
    "cen_loss": 1.212037829875946,
    "cen_accuracy": 0.6078
  },
  "84": {
    "cen_loss": 1.4599769880771638,
    "cen_accuracy": 0.5479
  },
  "85": {
    "cen_loss": 1.1225721864700318,
    "cen_accuracy": 0.6273
  },
  "86": {
    "cen_loss": 0.9775442195415497,
    "cen_accuracy": 0.6596
  },
  "87": {
    "cen_loss": 1.2436713285446166,
    "cen_accuracy": 0.6046
  },
  "88": {
    "cen_loss": 1.0726623227596284,
    "cen_accuracy": 0.6618
  },
  "89": {
    "cen_loss": 0.9881279306411743,
    "cen_accuracy": 0.6656
  },
  "90": {
    "cen_loss": 1.3087559708595276,
    "cen_accuracy": 0.5708
  },
  "91": {
    "cen_loss": 1.1127816290140151,
    "cen_accuracy": 0.6286
  },
  "92": {
    "cen_loss": 0.9644993078708649,
    "cen_accuracy": 0.6623
  },
  "93": {
    "cen_loss": 1.0618984797477722,
    "cen_accuracy": 0.653
  },
  "94": {
    "cen_loss": 1.1336717161178589,
    "cen_accuracy": 0.6362
  },
  "95": {
    "cen_loss": 1.123677033853531,
    "cen_accuracy": 0.6233
  },
  "96": {
    "cen_loss": 0.9620651822090149,
    "cen_accuracy": 0.6666
  },
  "97": {
    "cen_loss": 1.0128455967903138,
    "cen_accuracy": 0.6553
  },
  "98": {
    "cen_loss": 0.972160924577713,
    "cen_accuracy": 0.664
  },
  "99": {
    "cen_loss": 1.1540375238656997,
    "cen_accuracy": 0.6296
  },
  "100": {
    "cen_loss": 0.97132361972332,
    "cen_accuracy": 0.6664
  },
  "101": {
    "cen_loss": 0.9378485111713409,
    "cen_accuracy": 0.6855
  }
}