{
  "0": {
    "cen_loss": 0,
    "is_orig": true
  },
  "1": {
    "cen_loss": 0,
    "is_orig": true
  },
  "2": {
    "cen_loss": 2.1477723543167113,
    "is_orig": true,
    "cen_accuracy": 0.1176
  },
  "3": {
    "cen_loss": 1.726706255340576,
    "is_orig": false,
    "cen_accuracy": 0.3563
  },
  "4": {
    "cen_loss": 1.574760561656952,
    "is_orig": true,
    "cen_accuracy": 0.4372
  },
  "5": {
    "cen_loss": 1.642110773563385,
    "is_orig": false,
    "cen_accuracy": 0.4513
  },
  "6": {
    "cen_loss": 1.6365608623981476,
    "is_orig": true,
    "cen_accuracy": 0.4412
  },
  "7": {
    "cen_loss": 1.6769574184417724,
    "is_orig": true,
    "cen_accuracy": 0.4365
  },
  "8": {
    "cen_loss": 1.710385859298706,
    "is_orig": true,
    "cen_accuracy": 0.4415
  },
  "9": {
    "cen_loss": 1.6573180954933167,
    "is_orig": true,
    "cen_accuracy": 0.4737
  },
  "10": {
    "cen_loss": 1.6571072604179382,
    "is_orig": true,
    "cen_accuracy": 0.4735
  },
  "11": {
    "cen_loss": 1.633588426876068,
    "is_orig": true,
    "cen_accuracy": 0.4595
  },
  "12": {
    "cen_loss": 1.7758577701568603,
    "is_orig": true,
    "cen_accuracy": 0.4665
  },
  "13": {
    "cen_loss": 1.7422837225914,
    "is_orig": false,
    "cen_accuracy": 0.4587
  },
  "14": {
    "cen_loss": 1.7056856342315674,
    "is_orig": false,
    "cen_accuracy": 0.471
  },
  "15": {
    "cen_loss": 1.6794829075336457,
    "is_orig": true,
    "cen_accuracy": 0.4805
  },
  "16": {
    "cen_loss": 1.6924313144683838,
    "is_orig": false,
    "cen_accuracy": 0.4842
  },
  "17": {
    "cen_loss": 1.7438436222076417,
    "is_orig": true,
    "cen_accuracy": 0.4846
  },
  "18": {
    "cen_loss": 1.6958947204589845,
    "is_orig": false,
    "cen_accuracy": 0.4928
  },
  "19": {
    "cen_loss": 1.7022152755737305,
    "is_orig": true,
    "cen_accuracy": 0.4985
  },
  "20": {
    "cen_loss": 1.7022152735710143,
    "is_orig": true,
    "cen_accuracy": 0.4985
  },
  "21": {
    "cen_loss": 1.7973895834445954,
    "is_orig": false,
    "cen_accuracy": 0.4899
  },
  "22": {
    "cen_loss": 1.788816091966629,
    "is_orig": false,
    "cen_accuracy": 0.4878
  },
  "23": {
    "cen_loss": 1.819820709514618,
    "is_orig": true,
    "cen_accuracy": 0.4845
  },
  "24": {
    "cen_loss": 1.8372329486370087,
    "is_orig": false,
    "cen_accuracy": 0.4913
  },
  "25": {
    "cen_loss": 1.7505082383155823,
    "is_orig": true,
    "cen_accuracy": 0.5007
  },
  "26": {
    "cen_loss": 1.7665303812980653,
    "is_orig": true,
    "cen_accuracy": 0.4925
  },
  "27": {
    "cen_loss": 1.6977982328414918,
    "is_orig": true,
    "cen_accuracy": 0.5073
  },
  "28": {
    "cen_loss": 1.7203295399665832,
    "is_orig": true,
    "cen_accuracy": 0.5088
  },
  "29": {
    "cen_loss": 1.7375220239639282,
    "is_orig": true,
    "cen_accuracy": 0.5206
  },
  "30": {
    "cen_loss": 1.7375219927310943,
    "is_orig": true,
    "cen_accuracy": 0.5206
  },
  "31": {
    "cen_loss": 1.7455138159275054,
    "is_orig": true,
    "cen_accuracy": 0.4963
  },
  "32": {
    "cen_loss": 1.7363803490638734,
    "is_orig": true,
    "cen_accuracy": 0.5168
  },
  "33": {
    "cen_loss": 1.7483520911216737,
    "is_orig": true,
    "cen_accuracy": 0.5202
  },
  "34": {
    "cen_loss": 1.746875022983551,
    "is_orig": true,
    "cen_accuracy": 0.511
  },
  "35": {
    "cen_loss": 1.729753252029419,
    "is_orig": true,
    "cen_accuracy": 0.5197
  },
  "36": {
    "cen_loss": 1.762902896785736,
    "is_orig": true,
    "cen_accuracy": 0.5098
  },
  "37": {
    "cen_loss": 1.7788376952171325,
    "is_orig": true,
    "cen_accuracy": 0.5127
  },
  "38": {
    "cen_loss": 1.718651149880886,
    "is_orig": false,
    "cen_accuracy": 0.5266
  },
  "39": {
    "cen_loss": 1.72466537232399,
    "is_orig": true,
    "cen_accuracy": 0.5262
  },
  "40": {
    "cen_loss": 1.724665366244316,
    "is_orig": true,
    "cen_accuracy": 0.5262
  },
  "41": {
    "cen_loss": 1.6855790115833282,
    "is_orig": true,
    "cen_accuracy": 0.523
  },
  "42": {
    "cen_loss": 1.7084240359067917,
    "is_orig": true,
    "cen_accuracy": 0.5126
  },
  "43": {
    "cen_loss": 1.7123047056674958,
    "is_orig": true,
    "cen_accuracy": 0.5236
  },
  "44": {
    "cen_loss": 1.6849945876598358,
    "is_orig": true,
    "cen_accuracy": 0.5319
  },
  "45": {
    "cen_loss": 1.7493879534721375,
    "is_orig": false,
    "cen_accuracy": 0.5277
  },
  "46": {
    "cen_loss": 1.7322993884086608,
    "is_orig": true,
    "cen_accuracy": 0.5259
  },
  "47": {
    "cen_loss": 1.7640306220531463,
    "is_orig": false,
    "cen_accuracy": 0.5258
  },
  "48": {
    "cen_loss": 1.7449679345607758,
    "is_orig": true,
    "cen_accuracy": 0.5265
  },
  "49": {
    "cen_loss": 1.7103854522228241,
    "is_orig": true,
    "cen_accuracy": 0.5335
  },
  "50": {
    "cen_loss": 1.7103854526996614,
    "is_orig": true,
    "cen_accuracy": 0.5335
  },
  "51": {
    "cen_loss": 1.7263501581668854,
    "is_orig": true,
    "cen_accuracy": 0.5243
  },
  "52": {
    "cen_loss": 1.707506937646866,
    "is_orig": false,
    "cen_accuracy": 0.527
  },
  "53": {
    "cen_loss": 1.8439031470298768,
    "is_orig": true,
    "cen_accuracy": 0.531
  },
  "54": {
    "cen_loss": 1.8058599815368652,
    "is_orig": true,
    "cen_accuracy": 0.5259
  },
  "55": {
    "cen_loss": 1.8411255564689637,
    "is_orig": true,
    "cen_accuracy": 0.5192
  },
  "56": {
    "cen_loss": 1.7451288865089416,
    "is_orig": false,
    "cen_accuracy": 0.5323
  },
  "57": {
    "cen_loss": 1.798079376077652,
    "is_orig": false,
    "cen_accuracy": 0.527
  },
  "58": {
    "cen_loss": 1.8432213814735412,
    "is_orig": true,
    "cen_accuracy": 0.5301
  },
  "59": {
    "cen_loss": 1.792765678691864,
    "is_orig": true,
    "cen_accuracy": 0.5308
  },
  "60": {
    "cen_loss": 1.7927656566143035,
    "is_orig": true,
    "cen_accuracy": 0.5308
  },
  "61": {
    "cen_loss": 1.8743693940162658,
    "is_orig": true,
    "cen_accuracy": 0.5235
  },
  "62": {
    "cen_loss": 1.7384722805976867,
    "is_orig": false,
    "cen_accuracy": 0.5319
  },
  "63": {
    "cen_loss": 1.7782627204418182,
    "is_orig": true,
    "cen_accuracy": 0.5239
  },
  "64": {
    "cen_loss": 1.765130398082733,
    "is_orig": true,
    "cen_accuracy": 0.5339
  },
  "65": {
    "cen_loss": 1.7236231843948364,
    "is_orig": true,
    "cen_accuracy": 0.5348
  },
  "66": {
    "cen_loss": 1.781021916437149,
    "is_orig": true,
    "cen_accuracy": 0.5372
  },
  "67": {
    "cen_loss": 1.7255922286987304,
    "is_orig": true,
    "cen_accuracy": 0.5385
  },
  "68": {
    "cen_loss": 1.7800163793563843,
    "is_orig": false,
    "cen_accuracy": 0.531
  },
  "69": {
    "cen_loss": 1.747729605960846,
    "is_orig": true,
    "cen_accuracy": 0.5333
  },
  "70": {
    "cen_loss": 1.7477296232223511,
    "is_orig": true,
    "cen_accuracy": 0.5333
  },
  "71": {
    "cen_loss": 1.756998007106781,
    "is_orig": false,
    "cen_accuracy": 0.5389
  },
  "72": {
    "cen_loss": 1.820918278694153,
    "is_orig": true,
    "cen_accuracy": 0.5207
  },
  "73": {
    "cen_loss": 1.8425979774475099,
    "is_orig": true,
    "cen_accuracy": 0.5349
  },
  "74": {
    "cen_loss": 1.7476286422729492,
    "is_orig": true,
    "cen_accuracy": 0.5396
  },
  "75": {
    "cen_loss": 1.8399565778255462,
    "is_orig": false,
    "cen_accuracy": 0.5328
  },
  "76": {
    "cen_loss": 1.7790651106834412,
    "is_orig": false,
    "cen_accuracy": 0.5353
  },
  "77": {
    "cen_loss": 1.7780322229862213,
    "is_orig": true,
    "cen_accuracy": 0.5375
  },
  "78": {
    "cen_loss": 1.76377909116745,
    "is_orig": true,
    "cen_accuracy": 0.5465
  },
  "79": {
    "cen_loss": 1.8070174098968506,
    "is_orig": true,
    "cen_accuracy": 0.536
  },
  "80": {
    "cen_loss": 1.8070174416542053,
    "is_orig": true,
    "cen_accuracy": 0.536
  },
  "81": {
    "cen_loss": 1.9003909574508666,
    "is_orig": true,