{
  "0": {
    "cen_loss": 2.3069078960418703,
    "cen_accuracy": 0.10125
  },
  "1": {
    "cen_loss": 2.3069078960418703,
    "cen_accuracy": 0.10125
  },
  "2": {
    "cen_loss": 2.2506085414886474,
    "cen_accuracy": 0.201125
  },
  "3": {
    "cen_loss": 1.802999981880188,
    "cen_accuracy": 0.33925
  },
  "4": {
    "cen_loss": 1.7175029830932618,
    "cen_accuracy": 0.3635
  },
  "5": {
    "cen_loss": 1.585841628074646,
    "cen_accuracy": 0.419125
  },
  "6": {
    "cen_loss": 1.5496143336296082,
    "cen_accuracy": 0.430625
  }
}