{
  "2": {
    "total_mJ": 2005681.0067926263,
    "total_ceq": 0.24660452986630038,
    "num_expired_thresh": 0,
    "num_depleted": 0,
    "num_transmited_bytes": 5952576
  },
  "3": {
    "total_mJ": 2185304.3992687217,
    "total_ceq": 0.27217940827782044,
    "num_expired_thresh": 0,
    "num_depleted": 0,
    "num_transmited_bytes": 7936768
  },
  "4": {
    "total_mJ": 2185304.3992687217,
    "total_ceq": 0.27217940827782044,
    "num_expired_thresh": 0,
    "num_depleted": 0,
    "num_transmited_bytes": 7936768
  },
  "5": {
    "total_mJ": 2185304.3992687217,
    "total_ceq": 0.27217940827782044,
    "num_expired_thresh": 0,
    "num_depleted": 0,
    "num_transmited_bytes": 7936768
  },
  "6": {
    "total_mJ": 2185304.3992687217,
    "total_ceq": 0.27217940827782044,
    "num_expired_thresh": 0,
    "num_depleted": 0,
    "num_transmited_bytes": 7936768
  }
}