{
  "0": {
    "cen_loss": 2.3034822883605957,
    "cen_accuracy": 0.1055
  },
  "1": {
    "cen_loss": 2.3034822883605957,
    "cen_accuracy": 0.1055
  },
  "2": {
    "cen_loss": 2.3375067808151244,
    "cen_accuracy": 0.1906
  },
  "3": {
    "cen_loss": 2.054109429168701,
    "cen_accuracy": 0.2514
  },
  "4": {
    "cen_loss": 1.9667366228103638,
    "cen_accuracy": 0.3114
  },
  "5": {
    "cen_loss": 1.8530387117385865,
    "cen_accuracy": 0.3467
  },
  "6": {
    "cen_loss": 1.832640057182312,
    "cen_accuracy": 0.3719
  },
  "7": {
    "cen_loss": 1.8136256931304933,
    "cen_accuracy": 0.3561
  },
  "8": {
    "cen_loss": 1.8841304832458496,
    "cen_accuracy": 0.3815
  },
  "9": {
    "cen_loss": 1.9523112676620484,
    "cen_accuracy": 0.3833
  },
  "10": {
    "cen_loss": 1.9482754033088685,
    "cen_accuracy": 0.3837
  },
  "11": {
    "cen_loss": 1.930715590286255,
    "cen_accuracy": 0.3684
  },
  "12": {
    "cen_loss": 2.7305748596191406,
    "cen_accuracy": 0.3271
  },
  "13": {
    "cen_loss": 1.7594801445007324,
    "cen_accuracy": 0.4101
  },
  "14": {
    "cen_loss": 2.389320140361786,
    "cen_accuracy": 0.3482
  },
  "15": {
    "cen_loss": 1.8009953587532044,
    "cen_accuracy": 0.4254
  },
  "16": {
    "cen_loss": 2.0247529928207397,
    "cen_accuracy": 0.3677
  },
  "17": {
    "cen_loss": 2.1797797731399537,
    "cen_accuracy": 0.3172
  },
  "18": {
    "cen_loss": 2.0973223544597626,
    "cen_accuracy": 0.3972
  },
  "19": {
    "cen_loss": 1.8512504368782043,
    "cen_accuracy": 0.4213
  },
  "20": {
    "cen_loss": 1.8512505047798156,
    "cen_accuracy": 0.4213
  },
  "21": {
    "cen_loss": 1.7570433075904845,
    "cen_accuracy": 0.3994
  },
  "22": {
    "cen_loss": 1.8938861198425292,
    "cen_accuracy": 0.405
  },
  "23": {
    "cen_loss": 1.6425388860702514,
    "cen_accuracy": 0.46
  },
  "24": {
    "cen_loss": 1.9600094115734101,
    "cen_accuracy": 0.4091
  },
  "25": {
    "cen_loss": 2.5457916383743284,
    "cen_accuracy": 0.3163
  },
  "26": {
    "cen_loss": 2.014326900291443,
    "cen_accuracy": 0.3825
  },
  "27": {
    "cen_loss": 1.8003820929527283,
    "cen_accuracy": 0.4397
  },
  "28": {
    "cen_loss": 1.78264317445755,
    "cen_accuracy": 0.4318
  },
  "29": {
    "cen_loss": 1.718676344871521,
    "cen_accuracy": 0.4542
  },
  "30": {
    "cen_loss": 1.7186762644767761,
    "cen_accuracy": 0.4542
  },
  "31": {
    "cen_loss": 2.209031075000763,
    "cen_accuracy": 0.3546
  },
  "32": {
    "cen_loss": 2.1665121894836425,
    "cen_accuracy": 0.3763
  },
  "33": {
    "cen_loss": 1.7447732939720153,
    "cen_accuracy": 0.449
  },
  "34": {
    "cen_loss": 1.8441900392532349,
    "cen_accuracy": 0.4339
  },
  "35": {
    "cen_loss": 1.7121644105911256,
    "cen_accuracy": 0.4666
  },
  "36": {
    "cen_loss": 1.843755862045288,
    "cen_accuracy": 0.4479
  },
  "37": {
    "cen_loss": 2.813896767807007,
    "cen_accuracy": 0.2937
  },
  "38": {
    "cen_loss": 1.8367741220474243,
    "cen_accuracy": 0.4329
  },
  "39": {
    "cen_loss": 2.1766969107627867,
    "cen_accuracy": 0.3941
  },
  "40": {
    "cen_loss": 2.1766968381881715,
    "cen_accuracy": 0.3941
  },
  "41": {
    "cen_loss": 1.9142728212356568,
    "cen_accuracy": 0.4451
  },
  "42": {
    "cen_loss": 2.0202551670074462,
    "cen_accuracy": 0.4039
  },
  "43": {
    "cen_loss": 1.966439969444275,
    "cen_accuracy": 0.4115
  },
  "44": {
    "cen_loss": 2.3680454355239866,
    "cen_accuracy": 0.378
  },
  "45": {
    "cen_loss": 2.5653666725158693,
    "cen_accuracy": 0.3298
  },
  "46": {
    "cen_loss": 1.9018103005409241,
    "cen_accuracy": 0.4178
  },
  "47": {
    "cen_loss": 1.9977346424102784,
    "cen_accuracy": 0.417
  },
  "48": {
    "cen_loss": 3.103612629699707,
    "cen_accuracy": 0.3391
  },
  "49": {
    "cen_loss": 2.678662416934967,
    "cen_accuracy": 0.3393
  },
  "50": {
    "cen_loss": 2.678662285709381,
    "cen_accuracy": 0.3393
  },
  "51": {
    "cen_loss": 3.0823236684799196,
    "cen_accuracy": 0.3486
  },
  "52": {
    "cen_loss": 2.2908603353500365,
    "cen_accuracy": 0.3599
  },
  "53": {
    "cen_loss": 2.209950948238373,
    "cen_accuracy": 0.3899
  },
  "54": {
    "cen_loss": 1.7275384263038636,
    "cen_accuracy": 0.4506
  },
  "55": {
    "cen_loss": 2.0718736471176147,
    "cen_accuracy": 0.4182
  },
  "56": {
    "cen_loss": 1.7703151987075805,
    "cen_accuracy": 0.4641
  },
  "57": {
    "cen_loss": 1.8264968155860901,
    "cen_accuracy": 0.456
  },
  "58": {
    "cen_loss": 2.152905697917938,
    "cen_accuracy": 0.4104
  },
  "59": {
    "cen_loss": 2.6745282457351687,
    "cen_accuracy": 0.3558
  },
  "60": {
    "cen_loss": 2.6745282195091247,
    "cen_accuracy": 0.3558
  },
  "61": {
    "cen_loss": 3.22668213634491,
    "cen_accuracy": 0.2815
  },
  "62": {
    "cen_loss": 2.321386587905884,
    "cen_accuracy": 0.3547
  },
  "63": {
    "cen_loss": 1.9475912735939025,
    "cen_accuracy": 0.4139
  },
  "64": {
    "cen_loss": 1.7012084879875182,
    "cen_accuracy": 0.4786
  },
  "65": {
    "cen_loss": 1.792629171562195,
    "cen_accuracy": 0.4614
  },
  "66": {
    "cen_loss": 2.445355478668213,
    "cen_accuracy": 0.3725
  },
  "67": {
    "cen_loss": 2.2914370980262757,
    "cen_accuracy": 0.3938
  },
  "68": {
    "cen_loss": 2.4694469244003296,
    "cen_accuracy": 0.3772
  },
  "69": {
    "cen_loss": 1.8816799409866334,
    "cen_accuracy": 0.4424
  },
  "70": {
    "cen_loss": 1.8816799293518067,
    "cen_accuracy": 0.4424
  },
  "71": {
    "cen_loss": 1.819173331451416,
    "cen_accuracy": 0.4597
  },
  "72": {
    "cen_loss": 2.7896021677017213,
    "cen_accuracy": 0.3358
  },
  "73": {
    "cen_loss": 2.6258299005508423,
    "cen_accuracy": 0.3843
  },
  "74": {
    "cen_loss": 2.0945607279777527,
    "cen_accuracy": 0.429
  },
  "75": {
    "cen_loss": 2.2263108216285707,
    "cen_accuracy": 0.4025
  },
  "76": {
    "cen_loss": 1.9215762419700622,
    "cen_accuracy": 0.4458
  },
  "77": {
    "cen_loss": 2.9303067754745484,
    "cen_accuracy": 0.3783
  },
  "78": {
    "cen_loss": 1.9426478022575377,
    "cen_accuracy": 0.4398
  },
  "79": {
    "cen_loss": 2.1590723419189453,
    "cen_accuracy": 0.4196
  },
  "80": {
    "cen_loss": 2.159072316169739,
    "cen_accuracy": 0.4196
  },
  "81": {
    "cen_loss": 3.0027217433929443,
    "cen_accuracy": 0.3138
  },
  "82": {
    "cen_loss": 2.389562857246399,
    "cen_accuracy": 0.3852
  },
  "83": {
    "cen_loss": 2.383088202667236,
    "cen_accuracy": 0.3649
  },
  "84": {
    "cen_loss": 1.9279486860275268,
    "cen_accuracy": 0.4343
  },
  "85": {
    "cen_loss": 2.8101776271820067,
    "cen_accuracy": 0.3744
  },
  "86": {
    "cen_loss": 2.1451278818130493,
    "cen_accuracy": 0.41
  },
  "87": {
    "cen_loss": 1.94722719745636,
    "cen_accuracy": 0.4463
  },
  "88": {
    "cen_loss": 2.024643315792084,
    "cen_accuracy": 0.4348
  },
  "89": {
    "cen_loss": 1.8136853290557862,
    "cen_accuracy": 0.4686
  },
  "90": {
    "cen_loss": 1.8136853296279907,
    "cen_accuracy": 0.4686
  },
  "91": {
    "cen_loss": 1.7987306463241577,
    "cen_accuracy": 0.4832
  },
  "92": {
    "cen_loss": 2.1996491448402407,
    "cen_accuracy": 0.4273
  },
  "93": {
    "cen_loss": 2.1898086384773254,
    "cen_accuracy": 0.4313
  },
  "94": {
    "cen_loss": 1.8224274782180787,
    "cen_accuracy": 0.4713
  },
  "95": {
    "cen_loss": 1.7316044078826904,
    "cen_accuracy": 0.4731
  },
  "96": {
    "cen_loss": 3.244865362167358,
    "cen_accuracy": 0.3224
  },
  "97": {
    "cen_loss": 2.292244078731537,
    "cen_accuracy": 0.4072
  },
  "98": {
    "cen_loss": 2.5087532925605776,
    "cen_accuracy": 0.3592
  },
  "99": {
    "cen_loss": 1.8815013059616088,
    "cen_accuracy": 0.4361
  },
  "100": {
    "cen_loss": 1.881501307106018,
    "cen_accuracy": 0.4361
  },
  "101": {
    "cen_loss": 2.552059515571594,
    "cen_accuracy": 0.4056
  }
}