{
  "0": {
    "cen_loss": 0,
    "is_orig": true
  },
  "1": {
    "cen_loss": 0,
    "is_orig": true
  },
  "2": {
    "cen_loss": 2.2372449310302733,
    "is_orig": true,
    "cen_accuracy": 0.178
  },
  "3": {
    "cen_loss": 1.9989648513793945,
    "is_orig": true,
    "cen_accuracy": 0.2687
  },
  "4": {
    "cen_loss": 1.8021557802200316,
    "is_orig": true,
    "cen_accuracy": 0.3512
  },
  "5": {
    "cen_loss": 1.869138897705078,
    "is_orig": true,
    "cen_accuracy": 0.3488
  },
  "6": {
    "cen_loss": 1.662490718460083,
    "is_orig": false,
    "cen_accuracy": 0.4233
  },
  "7": {
    "cen_loss": 1.6445469451904298,
    "is_orig": true,
    "cen_accuracy": 0.4445
  },
  "8": {
    "cen_loss": 1.6373446660041808,
    "is_orig": false,
    "cen_accuracy": 0.4542
  },
  "9": {
    "cen_loss": 1.679879221534729,
    "is_orig": true,
    "cen_accuracy": 0.4671
  },
  "10": {
    "cen_loss": 1.6796791648864746,
    "is_orig": false,
    "cen_accuracy": 0.4669
  },
  "11": {
    "cen_loss": 1.7860512011528016,
    "is_orig": true,
    "cen_accuracy": 0.4461
  },
  "12": {
    "cen_loss": 1.5856663403511047,
    "is_orig": true,
    "cen_accuracy": 0.4694
  },
  "13": {
    "cen_loss": 1.653256554222107,
    "is_orig": true,
    "cen_accuracy": 0.4715
  },
  "14": {
    "cen_loss": 1.5998692386627198,
    "is_orig": true,
    "cen_accuracy": 0.4658
  },
  "15": {
    "cen_loss": 1.7324961804389953,
    "is_orig": true,
    "cen_accuracy": 0.4591
  },
  "16": {
    "cen_loss": 1.643480620098114,
    "is_orig": false,
    "cen_accuracy": 0.4796
  },
  "17": {
    "cen_loss": 1.8030175780296325,
    "is_orig": true,
    "cen_accuracy": 0.4552
  },
  "18": {
    "cen_loss": 1.568865262556076,
    "is_orig": false,
    "cen_accuracy": 0.5029
  },
  "19": {
    "cen_loss": 1.688417326450348,
    "is_orig": true,
    "cen_accuracy": 0.4914
  },
  "20": {
    "cen_loss": 1.6884173402786256,
    "is_orig": true,
    "cen_accuracy": 0.4914
  },
  "21": {
    "cen_loss": 1.73342571849823,
    "is_orig": false,
    "cen_accuracy": 0.4775
  },
  "22": {
    "cen_loss": 1.9165378335952759,
    "is_orig": true,
    "cen_accuracy": 0.424
  },
  "23": {
    "cen_loss": 1.7366827074050903,
    "is_orig": true,
    "cen_accuracy": 0.4714
  },
  "24": {
    "cen_loss": 1.7954625388145447,
    "is_orig": false,
    "cen_accuracy": 0.462
  },
  "25": {
    "cen_loss": 1.7910184811592103,
    "is_orig": false,
    "cen_accuracy": 0.4673
  },
  "26": {
    "cen_loss": 1.7833181941986085,
    "is_orig": true,
    "cen_accuracy": 0.4792
  },
  "27": {
    "cen_loss": 1.6560686858177185,
    "is_orig": true,
    "cen_accuracy": 0.4845
  },
  "28": {
    "cen_loss": 1.6257519340515136,
    "is_orig": false,
    "cen_accuracy": 0.5085
  },
  "29": {
    "cen_loss": 1.8161271661758422,
    "is_orig": true,
    "cen_accuracy": 0.479
  },
  "30": {
    "cen_loss": 1.8161271332740783,
    "is_orig": true,
    "cen_accuracy": 0.479
  },
  "31": {
    "cen_loss": 1.7955588443756103,
    "is_orig": false,
    "cen_accuracy": 0.4779
  },
  "32": {
    "cen_loss": 1.888149970817566,
    "is_orig": false,
    "cen_accuracy": 0.4507
  },
  "33": {
    "cen_loss": 1.9462019518852234,
    "is_orig": true,
    "cen_accuracy": 0.4642
  },
  "34": {
    "cen_loss": 1.7381371806144714,
    "is_orig": false,
    "cen_accuracy": 0.5
  },
  "35": {
    "cen_loss": 1.6744860645294188,
    "is_orig": true,
    "cen_accuracy": 0.5003
  },
  "36": {
    "cen_loss": 1.7564351286888122,
    "is_orig": true,
    "cen_accuracy": 0.4996
  },
  "37": {
    "cen_loss": 1.6137544903278351,
    "is_orig": false,
    "cen_accuracy": 0.5206
  },
  "38": {
    "cen_loss": 1.8741526035308838,
    "is_orig": true,
    "cen_accuracy": 0.4936
  },
  "39": {
    "cen_loss": 1.8056548546791076,
    "is_orig": true,
    "cen_accuracy": 0.4907
  },
  "40": {
    "cen_loss": 1.8056548346042633,
    "is_orig": true,
    "cen_accuracy": 0.4907
  },
  "41": {
    "cen_loss": 1.6429236694812774,
    "is_orig": false,
    "cen_accuracy": 0.5247
  },
  "42": {
    "cen_loss": 1.694546314048767,
    "is_orig": true,
    "cen_accuracy": 0.5044
  },
  "43": {
    "cen_loss": 1.7879068073272706,
    "is_orig": false,
    "cen_accuracy": 0.5111
  },
  "44": {
    "cen_loss": 1.8386626044273378,
    "is_orig": true,
    "cen_accuracy": 0.4877
  },
  "45": {
    "cen_loss": 1.6777555586338042,
    "is_orig": true,
    "cen_accuracy": 0.5227
  },
  "46": {
    "cen_loss": 1.7274564980983733,
    "is_orig": true,
    "cen_accuracy": 0.5105
  },
  "47": {
    "cen_loss": 1.818906090450287,
    "is_orig": true,
    "cen_accuracy": 0.4865
  },
  "48": {
    "cen_loss": 1.8009176785469054,
    "is_orig": false,
    "cen_accuracy": 0.4972
  },
  "49": {
    "cen_loss": 1.643355917930603,
    "is_orig": false,
    "cen_accuracy": 0.5162
  },
  "50": {
    "cen_loss": 1.6433559049129487,
    "is_orig": true,
    "cen_accuracy": 0.5162
  },
  "51": {
    "cen_loss": 1.6547671384811402,
    "is_orig": true,
    "cen_accuracy": 0.526
  },
  "52": {
    "cen_loss": 1.9746598492622376,
    "is_orig": false,
    "cen_accuracy": 0.4769
  },
  "53": {
    "cen_loss": 1.8147805390834808,
    "is_orig": true,
    "cen_accuracy": 0.5168
  },
  "54": {
    "cen_loss": 1.7107987191200256,
    "is_orig": false,
    "cen_accuracy": 0.5246
  },
  "55": {
    "cen_loss": 1.8283940429210663,
    "is_orig": false,
    "cen_accuracy": 0.5105
  },
  "56": {
    "cen_loss": 1.8330683329582214,
    "is_orig": false,
    "cen_accuracy": 0.4937
  },
  "57": {
    "cen_loss": 1.6855718732833862,
    "is_orig": false,
    "cen_accuracy": 0.5138
  },
  "58": {
    "cen_loss": 1.8755248490810394,
    "is_orig": true,
    "cen_accuracy": 0.4876
  },
  "59": {
    "cen_loss": 1.6786521938800811,
    "is_orig": true,
    "cen_accuracy": 0.5302
  },
  "60": {
    "cen_loss": 1.678652206969261,
    "is_orig": true,
    "cen_accuracy": 0.5302
  },
  "61": {
    "cen_loss": 1.7480805393218994,
    "is_orig": true,
    "cen_accuracy": 0.5295
  },
  "62": {
    "cen_loss": 1.56926329164505,
    "is_orig": false,
    "cen_accuracy": 0.5394
  },
  "63": {
    "cen_loss": 1.582465959739685,
    "is_orig": true,
    "cen_accuracy": 0.5425
  },
  "64": {
    "cen_loss": 1.674058295059204,
    "is_orig": false,
    "cen_accuracy": 0.526
  },
  "65": {
    "cen_loss": 1.650756743812561,
    "is_orig": false,
    "cen_accuracy": 0.527
  },
  "66": {
    "cen_loss": 1.9801211902618407,
    "is_orig": true,
    "cen_accuracy": 0.4918
  },
  "67": {
    "cen_loss": 1.7783667140960693,
    "is_orig": false,
    "cen_accuracy": 0.5094
  },
  "68": {
    "cen_loss": 1.6325253925323486,
    "is_orig": false,
    "cen_accuracy": 0.5352
  },
  "69": {
    "cen_loss": 1.8060916407108307,
    "is_orig": true,
    "cen_accuracy": 0.4995
  },
  "70": {
    "cen_loss": 1.8060916221618653,
    "is_orig": true,
    "cen_accuracy": 0.4995
  },
  "71": {
    "cen_loss": 1.8911366713047029,
    "is_orig": true,
    "cen_accuracy": 0.5016
  },
  "72": {
    "cen_loss": 1.919305803489685,
    "is_orig": false,
    "cen_accuracy": 0.5119
  },
  "73": {
    "cen_loss": 1.7967528614521027,
    "is_orig": true,
    "cen_accuracy": 0.519
  },
  "74": {
    "cen_loss": 1.785516485643387,
    "is_orig": false,
    "cen_accuracy": 0.5202
  },
  "75": {
    "cen_loss": 1.8605737336158752,
    "is_orig": true,
    "cen_accuracy": 0.4916
  },
  "76": {
    "cen_loss": 1.7834613454818726,
    "is_orig": true,
    "cen_accuracy": 0.5234
  },
  "77": {
    "cen_loss": 2.0086967173576356,
    "is_orig": false,
    "cen_accuracy": 0.4846
  },
  "78": {
    "cen_loss": 1.7287285086154938,
    "is_orig": true,
    "cen_accuracy": 0.5244
  },
  "79": {
    "cen_loss": 1.7494233302116393,
    "is_orig": true,
    "cen_accuracy": 0.5147
  },
  "80": {
    "cen_loss": 1.749423311328888,
    "is_orig": true,
    "cen_accuracy": 0.5147
  },
  "81": {
    "cen_loss": 1.7696198638916016,
    "is_orig": false,