{
  "0": {
    "cen_loss": 2.3069078960418703,
    "cen_accuracy": 0.10125
  },
  "1": {
    "cen_loss": 2.3069078960418703,
    "cen_accuracy": 0.10125
  },
  "2": {
    "cen_loss": 2.152793559551239,
    "cen_accuracy": 0.239375
  },
  "3": {
    "cen_loss": 1.73318776512146,
    "cen_accuracy": 0.3525
  },
  "4": {
    "cen_loss": 1.6426633026599884,
    "cen_accuracy": 0.40025
  }
}