{
  "2": {
    "total_mJ": 2686909.1050737835,
    "total_ceq": 0.3379776938490147,
    "num_expired_thresh": 0,
    "num_depleted": 0,
    "num_transmited_bytes": 11905152
  },
  "3": {
    "total_mJ": 2670761.7349955337,
    "total_ceq": 0.3499035350222596,
    "num_expired_thresh": 0,
    "num_depleted": 0,
    "num_transmited_bytes": 11905152
  },
  "4": {
    "total_mJ": 2401932.812585394,
    "total_ceq": 0.29428264348118105,
    "num_expired_thresh": 0,
    "num_depleted": 0,
    "num_transmited_bytes": 11905152
  }
}