{
  "0": {
    "cen_loss": 2.305413151931763,
    "cen_accuracy": 0.0978
  },
  "1": {
    "cen_loss": 2.305413151931763,
    "cen_accuracy": 0.0978
  },
  "2": {
    "cen_loss": 2.245095530128479,
    "cen_accuracy": 0.244
  },
  "3": {
    "cen_loss": 2.0355765550613403,
    "cen_accuracy": 0.2591
  },
  "4": {
    "cen_loss": 1.7451942428588867,
    "cen_accuracy": 0.3766
  },
  "5": {
    "cen_loss": 1.98744334564209,
    "cen_accuracy": 0.3262
  },
  "6": {
    "cen_loss": 1.6797793213844299,
    "cen_accuracy": 0.4226
  },
  "7": {
    "cen_loss": 1.818452773475647,
    "cen_accuracy": 0.4046
  },
  "8": {
    "cen_loss": 1.8015421996116638,
    "cen_accuracy": 0.4073
  },
  "9": {
    "cen_loss": 1.7726698111534118,
    "cen_accuracy": 0.4192
  },
  "10": {
    "cen_loss": 1.7714284266471862,
    "cen_accuracy": 0.4194
  },
  "11": {
    "cen_loss": 1.849948619556427,
    "cen_accuracy": 0.3997
  },
  "12": {
    "cen_loss": 1.8369845415115356,
    "cen_accuracy": 0.4023
  },
  "13": {
    "cen_loss": 1.8543795165061951,
    "cen_accuracy": 0.4207
  },
  "14": {
    "cen_loss": 1.9513103616714478,
    "cen_accuracy": 0.4049
  },
  "15": {
    "cen_loss": 1.7942971420288085,
    "cen_accuracy": 0.4315
  },
  "16": {
    "cen_loss": 1.6453294170856476,
    "cen_accuracy": 0.4782
  },
  "17": {
    "cen_loss": 1.646296340751648,
    "cen_accuracy": 0.4526
  },
  "18": {
    "cen_loss": 1.8370561869621276,
    "cen_accuracy": 0.4304
  },
  "19": {
    "cen_loss": 2.036756525802612,
    "cen_accuracy": 0.4162
  },
  "20": {
    "cen_loss": 2.0367565380096435,
    "cen_accuracy": 0.4162
  },
  "21": {
    "cen_loss": 1.8740284024238587,
    "cen_accuracy": 0.4394
  },
  "22": {
    "cen_loss": 1.8483553003311157,
    "cen_accuracy": 0.4523
  },
  "23": {
    "cen_loss": 1.8345468909263611,
    "cen_accuracy": 0.4457
  },
  "24": {
    "cen_loss": 1.7617391676902772,
    "cen_accuracy": 0.4663
  },
  "25": {
    "cen_loss": 1.6697196471214295,
    "cen_accuracy": 0.4842
  },
  "26": {
    "cen_loss": 1.7092755200386047,
    "cen_accuracy": 0.4735
  },
  "27": {
    "cen_loss": 1.8824805194854737,
    "cen_accuracy": 0.4463
  },
  "28": {
    "cen_loss": 1.7875207686424255,
    "cen_accuracy": 0.4697
  },
  "29": {
    "cen_loss": 1.8304304244995118,
    "cen_accuracy": 0.4637
  },
  "30": {
    "cen_loss": 1.830430410861969,
    "cen_accuracy": 0.4637
  },
  "31": {
    "cen_loss": 2.1606463171958925,
    "cen_accuracy": 0.4242
  },
  "32": {
    "cen_loss": 1.9583444456100463,
    "cen_accuracy": 0.4531
  },
  "33": {
    "cen_loss": 1.804131331539154,
    "cen_accuracy": 0.4629
  },
  "34": {
    "cen_loss": 1.8080642659187316,
    "cen_accuracy": 0.4698
  },
  "35": {
    "cen_loss": 1.7250588021755218,
    "cen_accuracy": 0.4923
  },
  "36": {
    "cen_loss": 1.7431896948814392,
    "cen_accuracy": 0.4915
  },
  "37": {
    "cen_loss": 1.7274727434158326,
    "cen_accuracy": 0.4816
  },
  "38": {
    "cen_loss": 1.8903062319755555,
    "cen_accuracy": 0.4918
  },
  "39": {
    "cen_loss": 1.7103826616287232,
    "cen_accuracy": 0.5057
  },
  "40": {
    "cen_loss": 1.7103826445579529,
    "cen_accuracy": 0.5057
  },
  "41": {
    "cen_loss": 1.738203125,
    "cen_accuracy": 0.4986
  },
  "42": {
    "cen_loss": 1.7660650513648988,
    "cen_accuracy": 0.4954
  },
  "43": {
    "cen_loss": 1.7978728197097777,
    "cen_accuracy": 0.4792
  },
  "44": {
    "cen_loss": 1.6635484150886535,
    "cen_accuracy": 0.4821
  },
  "45": {
    "cen_loss": 1.8087532631874084,
    "cen_accuracy": 0.479
  },
  "46": {
    "cen_loss": 1.6177722680568696,
    "cen_accuracy": 0.5026
  },
  "47": {
    "cen_loss": 1.6369274521827697,
    "cen_accuracy": 0.5021
  },
  "48": {
    "cen_loss": 1.8932716442584991,
    "cen_accuracy": 0.4745
  },
  "49": {
    "cen_loss": 1.7652840049743652,
    "cen_accuracy": 0.4907
  },
  "50": {
    "cen_loss": 1.7652840321540832,
    "cen_accuracy": 0.4907
  },
  "51": {
    "cen_loss": 1.8510269693374635,
    "cen_accuracy": 0.4722
  },
  "52": {
    "cen_loss": 1.7279995767116547,
    "cen_accuracy": 0.4952
  },
  "53": {
    "cen_loss": 1.8080366132736205,
    "cen_accuracy": 0.4993
  },
  "54": {
    "cen_loss": 2.0179103357315062,
    "cen_accuracy": 0.4614
  },
  "55": {
    "cen_loss": 1.9070028038024902,
    "cen_accuracy": 0.4619
  },
  "56": {
    "cen_loss": 1.8600026637077332,
    "cen_accuracy": 0.483
  },
  "57": {
    "cen_loss": 1.8824609437942506,
    "cen_accuracy": 0.4649
  },
  "58": {
    "cen_loss": 1.8029812689781188,
    "cen_accuracy": 0.497
  },
  "59": {
    "cen_loss": 1.9008859527587891,
    "cen_accuracy": 0.4941
  },
  "60": {
    "cen_loss": 1.9008859456062317,
    "cen_accuracy": 0.4941
  },
  "61": {
    "cen_loss": 2.017969579458237,
    "cen_accuracy": 0.4351
  },
  "62": {
    "cen_loss": 1.8176536471366882,
    "cen_accuracy": 0.4709
  },
  "63": {
    "cen_loss": 1.8968259962081908,
    "cen_accuracy": 0.4757
  },
  "64": {
    "cen_loss": 1.8125936283588409,
    "cen_accuracy": 0.4847
  },
  "65": {
    "cen_loss": 2.107011616230011,
    "cen_accuracy": 0.4566
  },
  "66": {
    "cen_loss": 1.8536730164527893,
    "cen_accuracy": 0.4762
  },
  "67": {
    "cen_loss": 1.8221809556007385,
    "cen_accuracy": 0.4856
  },
  "68": {
    "cen_loss": 1.8765527157783508,
    "cen_accuracy": 0.4995
  },
  "69": {
    "cen_loss": 1.8336609053611754,
    "cen_accuracy": 0.5035
  },
  "70": {
    "cen_loss": 1.833660903263092,
    "cen_accuracy": 0.5035
  },
  "71": {
    "cen_loss": 1.6658151239395143,
    "cen_accuracy": 0.5131
  },
  "72": {
    "cen_loss": 1.771105012702942,
    "cen_accuracy": 0.5142
  },
  "73": {
    "cen_loss": 1.6911176645755768,
    "cen_accuracy": 0.5087
  },
  "74": {
    "cen_loss": 1.8303035526275635,
    "cen_accuracy": 0.4941
  },
  "75": {
    "cen_loss": 1.8184031616210938,
    "cen_accuracy": 0.4875
  },
  "76": {
    "cen_loss": 1.9274829800605775,
    "cen_accuracy": 0.4923
  },
  "77": {
    "cen_loss": 2.079719096136093,
    "cen_accuracy": 0.4676
  },
  "78": {
    "cen_loss": 1.650321453666687,
    "cen_accuracy": 0.5166
  },
  "79": {
    "cen_loss": 1.8816307727813721,
    "cen_accuracy": 0.5027
  },
  "80": {
    "cen_loss": 1.8816307876586915,
    "cen_accuracy": 0.5027
  },
  "81": {
    "cen_loss": 1.8266906699180603,
    "cen_accuracy": 0.4982
  },
  "82": {
    "cen_loss": 1.8762846664428712,
    "cen_accuracy": 0.4948
  },
  "83": {
    "cen_loss": 1.7387863628864288,
    "cen_accuracy": 0.507
  },
  "84": {
    "cen_loss": 1.7759200209379196,
    "cen_accuracy": 0.507
  },
  "85": {
    "cen_loss": 1.866554761314392,
    "cen_accuracy": 0.499
  },
  "86": {
    "cen_loss": 1.7173202276706696,
    "cen_accuracy": 0.5032
  },
  "87": {
    "cen_loss": 1.8632645253181457,
    "cen_accuracy": 0.4907
  },
  "88": {
    "cen_loss": 2.0376996163368224,
    "cen_accuracy": 0.4836
  },
  "89": {
    "cen_loss": 1.7809558775901795,
    "cen_accuracy": 0.486
  },
  "90": {
    "cen_loss": 1.7809558634757996,
    "cen_accuracy": 0.486
  },
  "91": {
    "cen_loss": 1.934055242538452,
    "cen_accuracy": 0.4841
  },
  "92": {
    "cen_loss": 1.8044228036403656,
    "cen_accuracy": 0.4934
  },
  "93": {
    "cen_loss": 1.925438429260254,
    "cen_accuracy": 0.4959
  },
  "94": {
    "cen_loss": 1.9648853075027466,
    "cen_accuracy": 0.4898
  },
  "95": {
    "cen_loss": 1.9053238229751588,
    "cen_accuracy": 0.5121
  },
  "96": {
    "cen_loss": 1.8545748753070832,
    "cen_accuracy": 0.5163
  },
  "97": {
    "cen_loss": 2.010477312660217,
    "cen_accuracy": 0.4759
  },
  "98": {
    "cen_loss": 1.8273615451812744,
    "cen_accuracy": 0.487
  },
  "99": {
    "cen_loss": 1.9278189517021178,
    "cen_accuracy": 0.4657
  },
  "100": {
    "cen_loss": 1.9278189309120177,
    "cen_accuracy": 0.4657
  },
  "101": {
    "cen_loss": 1.7904532029151916,
    "cen_accuracy": 0.5031
  }
}