{
  "2": {
    "total_mJ": 1183627661.4030178,
    "total_ceq": 127.14106220311355,
    "num_expired_thresh": 0,
    "num_depleted": 0,
    "num_transmited_bytes": 1503050304
  },
  "3": {
    "total_mJ": 1160477491.4775817,
    "total_ceq": 124.49562569780295,
    "num_expired_thresh": 0,
    "num_depleted": 0,
    "num_transmited_bytes": 1503050304
  },
  "4": {
    "total_mJ": 912732421.927648,
    "total_ceq": 98.16164117884395,
    "num_expired_thresh": 0,
    "num_depleted": 0,
    "num_transmited_bytes": 1503050304
  },
  "5": {
    "total_mJ": 1258965869.7080612,
    "total_ceq": 136.25983410251757,
    "num_expired_thresh": 0,
    "num_depleted": 0,
    "num_transmited_bytes": 1503050304
  },
  "6": {
    "total_mJ": 962190459.6479962,
    "total_ceq": 102.53787924628998,
    "num_expired_thresh": 0,
    "num_depleted": 0,
    "num_transmited_bytes": 1503050304
  },
  "7": {
    "total_mJ": 1194919259.9654837,
    "total_ceq": 129.4106492197463,
    "num_expired_thresh": 0,
    "num_depleted": 0,
    "num_transmited_bytes": 1503050304
  },
  "8": {
    "total_mJ": 1162139566.583885,
    "total_ceq": 125.93540634258065,
    "num_expired_thresh": 0,
    "num_depleted": 0,
    "num_transmited_bytes": 1503050304
  },
  "9": {
    "total_mJ": 1258021822.5001252,
    "total_ceq": 135.08822489953826,
    "num_expired_thresh": 0,
    "num_depleted": 0,
    "num_transmited_bytes": 1503050304
  },
  "10": {
    "total_mJ": 1122127158.363483,
    "total_ceq": 121.33079744485146,
    "num_expired_thresh": 0,
    "num_depleted": 0,
    "num_transmited_bytes": 1503050304
  },
  "11": {
    "total_mJ": 1214222691.5974443,
    "total_ceq": 131.89631115665532,
    "num_expired_thresh": 0,
    "num_depleted": 0,
    "num_transmited_bytes": 1503050304
  },
  "12": {
    "total_mJ": 1245996819.5380838,
    "total_ceq": 134.34714903163504,
    "num_expired_thresh": 0,
    "num_depleted": 0,
    "num_transmited_bytes": 1503050304
  },
  "13": {
    "total_mJ": 1265269353.5756621,
    "total_ceq": 135.79184167859222,
    "num_expired_thresh": 0,
    "num_depleted": 0,
    "num_transmited_bytes": 1503050304
  },
  "14": {
    "total_mJ": 1246245050.0637004,
    "total_ceq": 134.13373166879325,
    "num_expired_thresh": 0,
    "num_depleted": 0,
    "num_transmited_bytes": 1503050304
  },
  "15": {
    "total_mJ": 1259605489.000495,
    "total_ceq": 137.08140757643307,
    "num_expired_thresh": 0,
    "num_depleted": 0,
    "num_transmited_bytes": 1503050304
  },
  "16": {
    "total_mJ": 1170186793.6088326,
    "total_ceq": 126.06255100989526,
    "num_expired_thresh": 0,
    "num_depleted": 0,
    "num_transmited_bytes": 1503050304
  },
  "17": {
    "total_mJ": 1225219353.728401,
    "total_ceq": 131.64899365075593,
    "num_expired_thresh": 0,
    "num_depleted": 0,
    "num_transmited_bytes": 1503050304
  },
  "18": {
    "total_mJ": 1239251931.974876,
    "total_ceq": 132.84737252799272,
    "num_expired_thresh": 0,
    "num_depleted": 0,
    "num_transmited_bytes": 1503050304
  },
  "19": {
    "total_mJ": 1213844084.6493824,
    "total_ceq": 130.062895754895,
    "num_expired_thresh": 0,
    "num_depleted": 0,
    "num_transmited_bytes": 1503050304
  },
  "20": {
    "total_mJ": 1235983415.7517447,
    "total_ceq": 132.93017077839892,
    "num_expired_thresh": 0,
    "num_depleted": 0,
    "num_transmited_bytes": 1503050304
  },
  "21": {
    "total_mJ": 1233847289.559882,
    "total_ceq": 132.58585919629414,
    "num_expired_thresh": 0,
    "num_depleted": 0,
    "num_transmited_bytes": 1503050304
  },
  "22": {
    "total_mJ": 1237229557.2816107,
    "total_ceq": 132.88901041906377,
    "num_expired_thresh": 0,
    "num_depleted": 0,
    "num_transmited_bytes": 1503050304
  },
  "23": {
    "total_mJ": 1246483257.5101633,
    "total_ceq": 134.9903963993744,
    "num_expired_thresh": 0,
    "num_depleted": 0,
    "num_transmited_bytes": 1503050304
  },
  "24": {
    "total_mJ": 1149422325.9168377,
    "total_ceq": 123.00017685136558,
    "num_expired_thresh": 0,
    "num_depleted": 0,
    "num_transmited_bytes": 1503050304
  },
  "25": {
    "total_mJ": 1236738475.1220922,
    "total_ceq": 132.49118166743057,
    "num_expired_thresh": 0,
    "num_depleted": 0,
    "num_transmited_bytes": 1503050304
  },
  "26": {
    "total_mJ": 1258409759.6206872,
    "total_ceq": 136.04849524734297,
    "num_expired_thresh": 0,
    "num_depleted": 0,
    "num_transmited_bytes": 1503050304
  },
  "27": {
    "total_mJ": 1254343740.2136579,
    "total_ceq": 135.05527690792923,
    "num_expired_thresh": 0,
    "num_depleted": 0,
    "num_transmited_bytes": 1503050304
  },
  "28": {
    "total_mJ": 1222011030.9131896,
    "total_ceq": 131.21230648210258,
    "num_expired_thresh": 0,
    "num_depleted": 0,
    "num_transmited_bytes": 1503050304
  },
  "29": {
    "total_mJ": 1264740398.7940512,
    "total_ceq": 137.4209022045134,
    "num_expired_thresh": 0,
    "num_depleted": 0,
    "num_transmited_bytes": 1503050304
  },
  "30": {
    "total_mJ": 1229014220.5895748,
    "total_ceq": 130.73075583618987,
    "num_expired_thresh": 0,
    "num_depleted": 0,
    "num_transmited_bytes": 1503050304
  },
  "31": {
    "total_mJ": 1231116089.9490886,
    "total_ceq": 130.9824205577311,
    "num_expired_thresh": 0,
    "num_depleted": 0,
    "num_transmited_bytes": 1503050304
  },
  "32": {
    "total_mJ": 1261942304.1155777,
    "total_ceq": 135.96417384576225,
    "num_expired_thresh": 0,
    "num_depleted": 0,
    "num_transmited_bytes": 1503050304
  },
  "33": {
    "total_mJ": 1176506231.7363558,
    "total_ceq": 126.41971490819155,
    "num_expired_thresh": 0,
    "num_depleted": 0,
    "num_transmited_bytes": 1503050304
  },
  "34": {
    "total_mJ": 1233042161.775609,
    "total_ceq": 130.64429352024328,
    "num_expired_thresh": 0,
    "num_depleted": 0,
    "num_transmited_bytes": 1503050304
  },
  "35": {
    "total_mJ": 1149229471.9949327,
    "total_ceq": 123.5292678489169,
    "num_expired_thresh": 0,
    "num_depleted": 0,
    "num_transmited_bytes": 1503050304
  },
  "36": {
    "total_mJ": 1167378366.5930781,
    "total_ceq": 125.45574790961126,
    "num_expired_thresh": 0,
    "num_depleted": 0,
    "num_transmited_bytes": 1503050304
  },
  "37": {
    "total_mJ": 1221961122.7769082,
    "total_ceq": 133.308167183542,
    "num_expired_thresh": 0,
    "num_depleted": 0,
    "num_transmited_bytes": 1503050304
  },
  "38": {
    "total_mJ": 1232715869.6422074,
    "total_ceq": 132.72657241039704,
    "num_expired_thresh": 0,
    "num_depleted": 0,
    "num_transmited_bytes": 1503050304
  },
  "39": {
    "total_mJ": 870465684.5514294,
    "total_ceq": 93.77739921061816,
    "num_expired_thresh": 0,
    "num_depleted": 0,
    "num_transmited_bytes": 1503050304
  },
  "40": {
    "total_mJ": 1254094396.6874404,
    "total_ceq": 135.91179150434215,
    "num_expired_thresh": 0,
    "num_depleted": 0,
    "num_transmited_bytes": 1503050304
  },
  "41": {
    "total_mJ": 1233881221.0613017,
    "total_ceq": 132.41864500439192,
    "num_expired_thresh": 0,
    "num_depleted": 0,
    "num_transmited_bytes": 1503050304
  },
  "42": {
    "total_mJ": 1194443605.7643943,
    "total_ceq": 128.96101493928302,
    "num_expired_thresh": 0,
    "num_depleted": 0,
    "num_transmited_bytes": 1503050304
  },
  "43": {
    "total_mJ": 1206602871.8842824,
    "total_ceq": 129.46696072196283,
    "num_expired_thresh": 0,
    "num_depleted": 0,
    "num_transmited_bytes": 1503050304
  },
  "44": {
    "total_mJ": 1201749790.558681,
    "total_ceq": 130.4337419592781,
    "num_expired_thresh": 0,
    "num_depleted": 0,
    "num_transmited_bytes": 1503050304
  },
  "45": {
    "total_mJ": 1209438380.574103,
    "total_ceq": 129.93426067076953,
    "num_expired_thresh": 0,
    "num_depleted": 0,
    "num_transmited_bytes": 1503050304
  },
  "46": {
    "total_mJ": 886256668.134562,
    "total_ceq": 96.01262023148789,
    "num_expired_thresh": 0,
    "num_depleted": 0,