{
  "0": {
    "cen_loss": 0,
    "is_orig": true
  },
  "1": {
    "cen_loss": 0,
    "is_orig": true
  },
  "2": {
    "cen_loss": 2.433378851318359,
    "is_orig": true,
    "cen_accuracy": 0.1016
  },
  "3": {
    "cen_loss": 2.2321501010894775,
    "is_orig": true,
    "cen_accuracy": 0.1952
  },
  "4": {
    "cen_loss": 2.7692994031906126,
    "is_orig": false,
    "cen_accuracy": 0.1077
  },
  "5": {
    "cen_loss": 2.350681811904907,
    "is_orig": true,
    "cen_accuracy": 0.2778
  },
  "6": {
    "cen_loss": 1.9274650386810304,
    "is_orig": false,
    "cen_accuracy": 0.3138
  },
  "7": {
    "cen_loss": 2.252592414665222,
    "is_orig": true,
    "cen_accuracy": 0.2988
  },
  "8": {
    "cen_loss": 2.6854956592559813,
    "is_orig": false,
    "cen_accuracy": 0.2445
  },
  "9": {
    "cen_loss": 2.069670257949829,
    "is_orig": false,
    "cen_accuracy": 0.3442
  },
  "10": {
    "cen_loss": 2.0688299278259277,
    "is_orig": true,
    "cen_accuracy": 0.3444
  },
  "11": {
    "cen_loss": 2.1074875793457033,
    "is_orig": true,
    "cen_accuracy": 0.3468
  },
  "12": {
    "cen_loss": 2.325614724159241,
    "is_orig": true,
    "cen_accuracy": 0.3452
  },
  "13": {
    "cen_loss": 2.1441811950683594,
    "is_orig": true,
    "cen_accuracy": 0.307
  },
  "14": {
    "cen_loss": 2.426681536483765,
    "is_orig": true,
    "cen_accuracy": 0.3337
  },
  "15": {
    "cen_loss": 2.0556980491638184,
    "is_orig": true,
    "cen_accuracy": 0.3773
  },
  "16": {
    "cen_loss": 1.8128808572769166,
    "is_orig": true,
    "cen_accuracy": 0.3965
  },
  "17": {
    "cen_loss": 1.729000630378723,
    "is_orig": false,
    "cen_accuracy": 0.4128
  },
  "18": {
    "cen_loss": 1.7661978731155394,
    "is_orig": true,
    "cen_accuracy": 0.4093
  },
  "19": {
    "cen_loss": 1.970513127374649,
    "is_orig": true,
    "cen_accuracy": 0.4174
  },
  "20": {
    "cen_loss": 1.970513085269928,
    "is_orig": true,
    "cen_accuracy": 0.4174
  },
  "21": {
    "cen_loss": 1.9788925872802734,
    "is_orig": false,
    "cen_accuracy": 0.4227
  },
  "22": {
    "cen_loss": 2.052788262271881,
    "is_orig": true,
    "cen_accuracy": 0.3702
  },
  "23": {
    "cen_loss": 2.2994125539779664,
    "is_orig": true,
    "cen_accuracy": 0.3511
  },
  "24": {
    "cen_loss": 2.453587901878357,
    "is_orig": true,
    "cen_accuracy": 0.3399
  },
  "25": {
    "cen_loss": 2.3964694747924806,
    "is_orig": false,
    "cen_accuracy": 0.3403
  },
  "26": {
    "cen_loss": 2.134972455024719,
    "is_orig": false,
    "cen_accuracy": 0.3843
  },
  "27": {
    "cen_loss": 2.1266268186569213,
    "is_orig": true,
    "cen_accuracy": 0.3719
  },
  "28": {
    "cen_loss": 2.4665652366638184,
    "is_orig": false,
    "cen_accuracy": 0.3392
  },
  "29": {
    "cen_loss": 2.333394448852539,
    "is_orig": false,
    "cen_accuracy": 0.333
  },
  "30": {
    "cen_loss": 2.333394437980652,
    "is_orig": true,
    "cen_accuracy": 0.333
  },
  "31": {
    "cen_loss": 1.9749808780670166,
    "is_orig": true,
    "cen_accuracy": 0.4145
  },
  "32": {
    "cen_loss": 2.1726036445617676,
    "is_orig": true,
    "cen_accuracy": 0.3807
  },
  "33": {
    "cen_loss": 2.1235326258659364,
    "is_orig": true,
    "cen_accuracy": 0.3926
  },
  "34": {
    "cen_loss": 1.9197863987922668,
    "is_orig": true,
    "cen_accuracy": 0.4129
  },
  "35": {
    "cen_loss": 2.223299598789215,
    "is_orig": true,
    "cen_accuracy": 0.3823
  },
  "36": {
    "cen_loss": 1.7519172432899475,
    "is_orig": true,
    "cen_accuracy": 0.4367
  },
  "37": {
    "cen_loss": 2.540013732624054,
    "is_orig": true,
    "cen_accuracy": 0.3742
  },
  "38": {
    "cen_loss": 1.7843531080245971,
    "is_orig": true,
    "cen_accuracy": 0.4199
  },
  "39": {
    "cen_loss": 1.9268108908653259,
    "is_orig": true,
    "cen_accuracy": 0.4263
  },
  "40": {
    "cen_loss": 1.9268108572959899,
    "is_orig": true,
    "cen_accuracy": 0.4263
  },
  "41": {
    "cen_loss": 2.1322495814323426,
    "is_orig": true,
    "cen_accuracy": 0.4299
  },
  "42": {
    "cen_loss": 1.9713106386184693,
    "is_orig": false,
    "cen_accuracy": 0.428
  },
  "43": {
    "cen_loss": 2.169399632358551,
    "is_orig": true,
    "cen_accuracy": 0.3839
  },
  "44": {
    "cen_loss": 1.99959683303833,
    "is_orig": false,
    "cen_accuracy": 0.3846
  },
  "45": {
    "cen_loss": 2.6980553987503053,
    "is_orig": true,
    "cen_accuracy": 0.3255
  },
  "46": {
    "cen_loss": 1.8811026684761047,
    "is_orig": true,
    "cen_accuracy": 0.4097
  },
  "47": {
    "cen_loss": 2.2239075679779052,
    "is_orig": false,
    "cen_accuracy": 0.3796
  },
  "48": {
    "cen_loss": 1.9314397177696228,
    "is_orig": false,
    "cen_accuracy": 0.4421
  },
  "49": {
    "cen_loss": 1.7968226977348327,
    "is_orig": true,
    "cen_accuracy": 0.4644
  },
  "50": {
    "cen_loss": 1.7968227026939392,
    "is_orig": true,
    "cen_accuracy": 0.4644
  },
  "51": {
    "cen_loss": 2.0998366520881655,
    "is_orig": false,
    "cen_accuracy": 0.409
  },
  "52": {
    "cen_loss": 1.6649065448760987,
    "is_orig": false,
    "cen_accuracy": 0.4627
  },
  "53": {
    "cen_loss": 2.249924095249176,
    "is_orig": false,
    "cen_accuracy": 0.4101
  },
  "54": {
    "cen_loss": 1.8741707358360291,
    "is_orig": true,
    "cen_accuracy": 0.412
  },
  "55": {
    "cen_loss": 2.279963432598114,
    "is_orig": false,
    "cen_accuracy": 0.3987
  },
  "56": {
    "cen_loss": 2.3064344144821165,
    "is_orig": true,
    "cen_accuracy": 0.3925
  },
  "57": {
    "cen_loss": 2.920156540298462,
    "is_orig": false,
    "cen_accuracy": 0.3404
  },
  "58": {
    "cen_loss": 1.9208504545211793,
    "is_orig": false,
    "cen_accuracy": 0.4255
  },
  "59": {
    "cen_loss": 2.228206360912323,
    "is_orig": false,
    "cen_accuracy": 0.3844
  },
  "60": {
    "cen_loss": 2.2282063340187075,
    "is_orig": true,
    "cen_accuracy": 0.3844
  },
  "61": {
    "cen_loss": 2.391942244052887,
    "is_orig": false,
    "cen_accuracy": 0.3871
  },
  "62": {
    "cen_loss": 2.299951391506195,
    "is_orig": false,
    "cen_accuracy": 0.3907
  },
  "63": {
    "cen_loss": 1.951197984600067,
    "is_orig": false,
    "cen_accuracy": 0.4143
  },
  "64": {
    "cen_loss": 2.0587986319541933,
    "is_orig": false,
    "cen_accuracy": 0.3941
  },
  "65": {
    "cen_loss": 1.8647253699779511,
    "is_orig": true,
    "cen_accuracy": 0.4452
  },
  "66": {
    "cen_loss": 2.3315871627807616,
    "is_orig": true,
    "cen_accuracy": 0.3992
  },
  "67": {
    "cen_loss": 1.986786224937439,
    "is_orig": false,
    "cen_accuracy": 0.444
  },
  "68": {
    "cen_loss": 2.271239279747009,
    "is_orig": true,
    "cen_accuracy": 0.3751
  },
  "69": {
    "cen_loss": 2.169434468173981,
    "is_orig": true,
    "cen_accuracy": 0.4414
  },
  "70": {
    "cen_loss": 2.1694344658851623,
    "is_orig": true,
    "cen_accuracy": 0.4414
  },
  "71": {
    "cen_loss": 2.7566157747268676,
    "is_orig": true,
    "cen_accuracy": 0.3211
  },
  "72": {
    "cen_loss": 2.763230996799469,
    "is_orig": true,
    "cen_accuracy": 0.3875
  },
  "73": {
    "cen_loss": 2.273357044887543,
    "is_orig": false,
    "cen_accuracy": 0.4347
  },
  "74": {
    "cen_loss": 1.9924169836997987,
    "is_orig": false,
    "cen_accuracy": 0.3987
  },
  "75": {
    "cen_loss": 2.8760421085357666,
    "is_orig": true,
    "cen_accuracy": 0.3818
  },
  "76": {
    "cen_loss": 2.1071922662734983,
    "is_orig": false,
    "cen_accuracy": 0.4119
  },
  "77": {
    "cen_loss": 1.961194322490692,
    "is_orig": true,
    "cen_accuracy": 0.4039
  },
  "78": {
    "cen_loss": 2.6535889106750488,
    "is_orig": true,
    "cen_accuracy": 0.3595
  },
  "79": {
    "cen_loss": 3.790784937667847,
    "is_orig": false,
    "cen_accuracy": 0.2701
  },
  "80": {
    "cen_loss": 3.79078489818573,
    "is_orig": true,
    "cen_accuracy": 0.2701
  },
  "81": {
    "cen_loss": 2.1425693709373475,
    "is_orig": false,