{
  "0": {
    "cen_loss": 2.3033988575935362,
    "cen_accuracy": 0.10625
  },
  "1": {
    "cen_loss": 2.3033988575935362,
    "cen_accuracy": 0.10625
  },
  "2": {
    "cen_loss": 2.403711540222168,
    "cen_accuracy": 0.143875
  },
  "3": {
    "cen_loss": 2.223411439657211,
    "cen_accuracy": 0.2455
  },
  "4": {
    "cen_loss": 2.124669389486313,
    "cen_accuracy": 0.22275
  },
  "5": {
    "cen_loss": 2.656326142311096,
    "cen_accuracy": 0.25625
  },
  "6": {
    "cen_loss": 2.022023418426514,
    "cen_accuracy": 0.33725
  },
  "7": {
    "cen_loss": 2.4301195187568663,
    "cen_accuracy": 0.305875
  },
  "8": {
    "cen_loss": 2.3422244880199434,
    "cen_accuracy": 0.283625
  },
  "9": {
    "cen_loss": 2.227775728225708,
    "cen_accuracy": 0.33625
  },
  "10": {
    "cen_loss": 2.223434454321861,
    "cen_accuracy": 0.33675
  },
  "11": {
    "cen_loss": 1.926096194267273,
    "cen_accuracy": 0.37025
  },
  "12": {
    "cen_loss": 1.7952872380018234,
    "cen_accuracy": 0.413
  },
  "13": {
    "cen_loss": 1.8932228571176528,
    "cen_accuracy": 0.3985
  },
  "14": {
    "cen_loss": 2.3339721269607545,
    "cen_accuracy": 0.354625
  },
  "15": {
    "cen_loss": 1.8916368941068649,
    "cen_accuracy": 0.408125
  },
  "16": {
    "cen_loss": 1.979557965874672,
    "cen_accuracy": 0.397
  },
  "17": {
    "cen_loss": 2.2246966100931167,
    "cen_accuracy": 0.362125
  },
  "18": {
    "cen_loss": 2.0903065917491914,
    "cen_accuracy": 0.366125
  },
  "19": {
    "cen_loss": 2.099291769504547,
    "cen_accuracy": 0.360375
  },
  "20": {
    "cen_loss": 2.0992918167114256,
    "cen_accuracy": 0.360375
  },
  "21": {
    "cen_loss": 2.031516511559486,
    "cen_accuracy": 0.3945
  },
  "22": {
    "cen_loss": 2.004392421364784,
    "cen_accuracy": 0.37425
  },
  "23": {
    "cen_loss": 1.6588174374103546,
    "cen_accuracy": 0.446625
  },
  "24": {
    "cen_loss": 2.7138636656999586,
    "cen_accuracy": 0.36125
  },
  "25": {
    "cen_loss": 1.9442528418302536,
    "cen_accuracy": 0.367125
  },
  "26": {
    "cen_loss": 1.7733511463403702,
    "cen_accuracy": 0.421875
  },
  "27": {
    "cen_loss": 2.097898940563202,
    "cen_accuracy": 0.392875
  },
  "28": {
    "cen_loss": 2.199774860739708,
    "cen_accuracy": 0.35825
  },
  "29": {
    "cen_loss": 2.3540241454839705,
    "cen_accuracy": 0.34425
  },
  "30": {
    "cen_loss": 2.3540241334438323,
    "cen_accuracy": 0.34425
  },
  "31": {
    "cen_loss": 2.02248316013813,
    "cen_accuracy": 0.401125
  },
  "32": {
    "cen_loss": 2.0586429114341738,
    "cen_accuracy": 0.414
  },
  "33": {
    "cen_loss": 2.150276112675667,
    "cen_accuracy": 0.402125
  },
  "34": {
    "cen_loss": 1.9425288378000258,
    "cen_accuracy": 0.408
  },
  "35": {
    "cen_loss": 1.675342998623848,
    "cen_accuracy": 0.459375
  },
  "36": {
    "cen_loss": 1.8243294551372529,
    "cen_accuracy": 0.433
  },
  "37": {
    "cen_loss": 1.9194028387069701,
    "cen_accuracy": 0.46425
  },
  "38": {
    "cen_loss": 2.2000016820430757,
    "cen_accuracy": 0.407375
  },
  "39": {
    "cen_loss": 1.7827854549884796,
    "cen_accuracy": 0.44975
  },
  "40": {
    "cen_loss": 1.7827854335308075,
    "cen_accuracy": 0.44975
  },
  "41": {
    "cen_loss": 2.2873060685396194,
    "cen_accuracy": 0.3995
  },
  "42": {
    "cen_loss": 2.5784243340492248,
    "cen_accuracy": 0.365375
  },
  "43": {
    "cen_loss": 2.1388261522054672,
    "cen_accuracy": 0.413375
  },
  "44": {
    "cen_loss": 2.2530581961870193,
    "cen_accuracy": 0.411125
  },
  "45": {
    "cen_loss": 1.9715497084856033,
    "cen_accuracy": 0.4435
  },
  "46": {
    "cen_loss": 1.7340655945539474,
    "cen_accuracy": 0.464375
  },
  "47": {
    "cen_loss": 1.891331393122673,
    "cen_accuracy": 0.4465
  },
  "48": {
    "cen_loss": 2.672882580041885,
    "cen_accuracy": 0.311
  },
  "49": {
    "cen_loss": 2.260067454457283,
    "cen_accuracy": 0.3785
  },
  "50": {
    "cen_loss": 2.2600672587156296,
    "cen_accuracy": 0.3785
  },
  "51": {
    "cen_loss": 2.225546545505524,
    "cen_accuracy": 0.38175
  },
  "52": {
    "cen_loss": 2.1393874866962435,
    "cen_accuracy": 0.389375
  },
  "53": {
    "cen_loss": 2.1683227243423464,
    "cen_accuracy": 0.389625
  },
  "54": {
    "cen_loss": 2.5229842579364776,
    "cen_accuracy": 0.374125
  },
  "55": {
    "cen_loss": 1.8612589730024338,
    "cen_accuracy": 0.447
  },
  "56": {
    "cen_loss": 2.43198546564579,
    "cen_accuracy": 0.36775
  },
  "57": {
    "cen_loss": 2.047139882206917,
    "cen_accuracy": 0.44575
  },
  "58": {
    "cen_loss": 2.111489805459976,
    "cen_accuracy": 0.40575
  },
  "59": {
    "cen_loss": 2.140661333322525,
    "cen_accuracy": 0.408875
  },
  "60": {
    "cen_loss": 2.140661453127861,
    "cen_accuracy": 0.408875
  },
  "61": {
    "cen_loss": 3.3646978001594543,
    "cen_accuracy": 0.3285
  },
  "62": {
    "cen_loss": 1.8533527910709382,
    "cen_accuracy": 0.444375
  },
  "63": {
    "cen_loss": 1.8309380304813385,
    "cen_accuracy": 0.45175
  },
  "64": {
    "cen_loss": 2.6020752280950545,
    "cen_accuracy": 0.32175
  },
  "65": {
    "cen_loss": 1.8104406348466873,
    "cen_accuracy": 0.456125
  },
  "66": {
    "cen_loss": 1.8917312605381011,
    "cen_accuracy": 0.46225
  },
  "67": {
    "cen_loss": 2.0691413283348083,
    "cen_accuracy": 0.427125
  },
  "68": {
    "cen_loss": 2.059396011829376,
    "cen_accuracy": 0.439375
  },
  "69": {
    "cen_loss": 2.197373618006706,
    "cen_accuracy": 0.394125
  },
  "70": {
    "cen_loss": 2.1973738539218903,
    "cen_accuracy": 0.394125
  },
  "71": {
    "cen_loss": 3.050125961065292,
    "cen_accuracy": 0.32725
  },
  "72": {
    "cen_loss": 1.8739631155729293,
    "cen_accuracy": 0.446
  },
  "73": {
    "cen_loss": 2.1493192967176435,
    "cen_accuracy": 0.408125
  },
  "74": {
    "cen_loss": 3.689667599439621,
    "cen_accuracy": 0.314
  },
  "75": {
    "cen_loss": 1.7341506927013397,
    "cen_accuracy": 0.481
  },
  "76": {
    "cen_loss": 1.8003716564178467,
    "cen_accuracy": 0.461125
  },
  "77": {
    "cen_loss": 1.8616434419751167,
    "cen_accuracy": 0.470875
  },
  "78": {
    "cen_loss": 1.8072475992441177,
    "cen_accuracy": 0.448375
  },
  "79": {
    "cen_loss": 2.6370166847705843,
    "cen_accuracy": 0.3445
  },
  "80": {
    "cen_loss": 2.6370167474746706,
    "cen_accuracy": 0.3445
  },
  "81": {
    "cen_loss": 2.88759494638443,
    "cen_accuracy": 0.380375
  },
  "82": {
    "cen_loss": 2.1185459138154985,
    "cen_accuracy": 0.422125
  },
  "83": {
    "cen_loss": 1.8900813773870468,
    "cen_accuracy": 0.463875
  },
  "84": {
    "cen_loss": 1.879341933608055,
    "cen_accuracy": 0.4635
  },
  "85": {
    "cen_loss": 1.7492100833654403,
    "cen_accuracy": 0.462125
  },
  "86": {
    "cen_loss": 1.8439575654268265,
    "cen_accuracy": 0.466625
  },
  "87": {
    "cen_loss": 2.073126639008522,
    "cen_accuracy": 0.408
  },
  "88": {
    "cen_loss": 1.9624737622737884,
    "cen_accuracy": 0.45675
  },
  "89": {
    "cen_loss": 1.9507011535167693,
    "cen_accuracy": 0.43775
  },
  "90": {
    "cen_loss": 1.9507012672424315,
    "cen_accuracy": 0.43775
  },
  "91": {
    "cen_loss": 2.010052819252014,
    "cen_accuracy": 0.42325
  },
  "92": {
    "cen_loss": 2.1855245612859724,
    "cen_accuracy": 0.43075
  },
  "93": {
    "cen_loss": 2.1425859936475753,
    "cen_accuracy": 0.43175
  },
  "94": {
    "cen_loss": 2.1059590476751326,
    "cen_accuracy": 0.434375
  },
  "95": {
    "cen_loss": 2.1326358392238616,
    "cen_accuracy": 0.383625
  },
  "96": {
    "cen_loss": 2.3490599130392074,
    "cen_accuracy": 0.4235
  },
  "97": {
    "cen_loss": 2.3453605551719665,
    "cen_accuracy": 0.40275
  },
  "98": {
    "cen_loss": 2.07014014673233,
    "cen_accuracy": 0.418625
  },
  "99": {
    "cen_loss": 2.138792268753052,
    "cen_accuracy": 0.422875
  },
  "100": {
    "cen_loss": 2.1387922188043595,
    "cen_accuracy": 0.422875
  },
  "101": {
    "cen_loss": 1.7528528734445572,