{
  "2": {
    "total_mJ": 1091145066.7945688,
    "total_ceq": 115.81050120948302,
    "num_expired_thresh": 0,
    "num_depleted": 0,
    "num_transmited_bytes": 429442944
  },
  "3": {
    "total_mJ": 643282113.1180023,
    "total_ceq": 68.67727444179073,
    "num_expired_thresh": 0,
    "num_depleted": 0,
    "num_transmited_bytes": 429442944
  },
  "4": {
    "total_mJ": 1132708825.85881,
    "total_ceq": 120.44721599189751,
    "num_expired_thresh": 0,
    "num_depleted": 0,
    "num_transmited_bytes": 429442944
  },
  "5": {
    "total_mJ": 554491385.7040033,
    "total_ceq": 59.20071122021401,
    "num_expired_thresh": 0,
    "num_depleted": 0,
    "num_transmited_bytes": 429442944
  },
  "6": {
    "total_mJ": 1093060785.8262742,
    "total_ceq": 116.03695501380444,
    "num_expired_thresh": 0,
    "num_depleted": 0,
    "num_transmited_bytes": 429442944
  },
  "7": {
    "total_mJ": 714117154.4441677,
    "total_ceq": 76.34672566249391,
    "num_expired_thresh": 0,
    "num_depleted": 0,
    "num_transmited_bytes": 429442944
  },
  "8": {
    "total_mJ": 690458424.7697542,
    "total_ceq": 72.94472772029928,
    "num_expired_thresh": 0,
    "num_depleted": 0,
    "num_transmited_bytes": 429442944
  },
  "9": {
    "total_mJ": 774351262.5148447,
    "total_ceq": 82.88628152307805,
    "num_expired_thresh": 0,
    "num_depleted": 0,
    "num_transmited_bytes": 429442944
  },
  "10": {
    "total_mJ": 1090178863.2932968,
    "total_ceq": 116.08128094151537,
    "num_expired_thresh": 0,
    "num_depleted": 0,
    "num_transmited_bytes": 429442944
  },
  "11": {
    "total_mJ": 853271329.0811505,
    "total_ceq": 90.15787740868141,
    "num_expired_thresh": 0,
    "num_depleted": 0,
    "num_transmited_bytes": 429442944
  },
  "12": {
    "total_mJ": 696654574.7199279,
    "total_ceq": 74.34540478444696,
    "num_expired_thresh": 0,
    "num_depleted": 0,
    "num_transmited_bytes": 429442944
  },
  "13": {
    "total_mJ": 1070139291.2937081,
    "total_ceq": 113.6816010136003,
    "num_expired_thresh": 0,
    "num_depleted": 0,
    "num_transmited_bytes": 429442944
  },
  "14": {
    "total_mJ": 720200382.9486641,
    "total_ceq": 76.42885622875193,
    "num_expired_thresh": 0,
    "num_depleted": 0,
    "num_transmited_bytes": 429442944
  },
  "15": {
    "total_mJ": 699124861.1036335,
    "total_ceq": 74.94714023684276,
    "num_expired_thresh": 0,
    "num_depleted": 0,
    "num_transmited_bytes": 429442944
  },
  "16": {
    "total_mJ": 692877691.5888591,
    "total_ceq": 73.83908423393231,
    "num_expired_thresh": 0,
    "num_depleted": 0,
    "num_transmited_bytes": 429442944
  },
  "17": {
    "total_mJ": 719013268.518425,
    "total_ceq": 75.90674794323623,
    "num_expired_thresh": 0,
    "num_depleted": 0,
    "num_transmited_bytes": 429442944
  },
  "18": {
    "total_mJ": 746071967.7377802,
    "total_ceq": 78.90168471700008,
    "num_expired_thresh": 0,
    "num_depleted": 0,
    "num_transmited_bytes": 429442944
  },
  "19": {
    "total_mJ": 1076345225.7355132,
    "total_ceq": 114.25617383020607,
    "num_expired_thresh": 0,
    "num_depleted": 0,
    "num_transmited_bytes": 429442944
  },
  "20": {
    "total_mJ": 1100152332.6218698,
    "total_ceq": 118.10659707104456,
    "num_expired_thresh": 0,
    "num_depleted": 0,
    "num_transmited_bytes": 429442944
  },
  "21": {
    "total_mJ": 1099001536.9007702,
    "total_ceq": 117.05960892822837,
    "num_expired_thresh": 0,
    "num_depleted": 0,
    "num_transmited_bytes": 429442944
  },
  "22": {
    "total_mJ": 638441940.0841213,
    "total_ceq": 67.44648374436649,
    "num_expired_thresh": 0,
    "num_depleted": 0,
    "num_transmited_bytes": 429442944
  },
  "23": {
    "total_mJ": 803919050.9088233,
    "total_ceq": 85.53253579721394,
    "num_expired_thresh": 0,
    "num_depleted": 0,
    "num_transmited_bytes": 429442944
  },
  "24": {
    "total_mJ": 861539385.4226154,
    "total_ceq": 90.65441409107797,
    "num_expired_thresh": 0,
    "num_depleted": 0,
    "num_transmited_bytes": 429442944
  },
  "25": {
    "total_mJ": 1091184827.8225923,
    "total_ceq": 116.627387419756,
    "num_expired_thresh": 0,
    "num_depleted": 0,
    "num_transmited_bytes": 429442944
  },
  "26": {
    "total_mJ": 587353018.7200634,
    "total_ceq": 62.384032154993264,
    "num_expired_thresh": 0,
    "num_depleted": 0,
    "num_transmited_bytes": 429442944
  },
  "27": {
    "total_mJ": 767719595.0492808,
    "total_ceq": 81.75264006836863,
    "num_expired_thresh": 0,
    "num_depleted": 0,
    "num_transmited_bytes": 429442944
  },
  "28": {
    "total_mJ": 1075928158.1593902,
    "total_ceq": 113.64704557773412,
    "num_expired_thresh": 0,
    "num_depleted": 0,
    "num_transmited_bytes": 429442944
  },
  "29": {
    "total_mJ": 717295787.1916462,
    "total_ceq": 75.94970239964903,
    "num_expired_thresh": 0,
    "num_depleted": 0,
    "num_transmited_bytes": 429442944
  },
  "30": {
    "total_mJ": 997823074.9033087,
    "total_ceq": 106.23995703409743,
    "num_expired_thresh": 0,
    "num_depleted": 0,
    "num_transmited_bytes": 429442944
  },
  "31": {
    "total_mJ": 601624170.4224442,
    "total_ceq": 63.90666237739596,
    "num_expired_thresh": 0,
    "num_depleted": 0,
    "num_transmited_bytes": 429442944
  },
  "32": {
    "total_mJ": 843061805.2906269,
    "total_ceq": 89.21047247890971,
    "num_expired_thresh": 0,
    "num_depleted": 0,
    "num_transmited_bytes": 429442944
  },
  "33": {
    "total_mJ": 1130525839.5494988,
    "total_ceq": 119.25350348300309,
    "num_expired_thresh": 0,
    "num_depleted": 0,
    "num_transmited_bytes": 429442944
  },
  "34": {
    "total_mJ": 1085713499.8355086,
    "total_ceq": 115.92027669539002,
    "num_expired_thresh": 0,
    "num_depleted": 0,
    "num_transmited_bytes": 429442944
  },
  "35": {
    "total_mJ": 607944360.2138135,
    "total_ceq": 64.88407205667588,
    "num_expired_thresh": 0,
    "num_depleted": 0,
    "num_transmited_bytes": 429442944
  },
  "36": {
    "total_mJ": 707672740.6924646,
    "total_ceq": 75.13193445710334,
    "num_expired_thresh": 0,
    "num_depleted": 0,
    "num_transmited_bytes": 429442944
  },
  "37": {
    "total_mJ": 696029185.5154198,
    "total_ceq": 73.56960415979765,
    "num_expired_thresh": 0,
    "num_depleted": 0,
    "num_transmited_bytes": 429442944
  },
  "38": {
    "total_mJ": 735699730.9943539,
    "total_ceq": 78.76273887694668,
    "num_expired_thresh": 0,
    "num_depleted": 0,
    "num_transmited_bytes": 429442944
  },
  "39": {
    "total_mJ": 1092036009.2712448,
    "total_ceq": 116.6543083594038,
    "num_expired_thresh": 0,
    "num_depleted": 0,
    "num_transmited_bytes": 429442944
  },
  "40": {
    "total_mJ": 811853428.2076093,
    "total_ceq": 86.62319252863804,
    "num_expired_thresh": 0,
    "num_depleted": 0,
    "num_transmited_bytes": 429442944
  },
  "41": {
    "total_mJ": 802019872.1535114,
    "total_ceq": 85.39156759367006,
    "num_expired_thresh": 0,
    "num_depleted": 0,
    "num_transmited_bytes": 429442944
  },
  "42": {
    "total_mJ": 1127756864.849077,
    "total_ceq": 119.4151247669088,
    "num_expired_thresh": 0,
    "num_depleted": 0,
    "num_transmited_bytes": 429442944
  },
  "43": {
    "total_mJ": 774770911.19271,
    "total_ceq": 83.05948226479617,
    "num_expired_thresh": 0,
    "num_depleted": 0,
    "num_transmited_bytes": 429442944
  },
  "44": {
    "total_mJ": 679174602.754112,
    "total_ceq": 72.09103391943181,
    "num_expired_thresh": 0,
    "num_depleted": 0,
    "num_transmited_bytes": 429442944
  },
  "45": {
    "total_mJ": 1100691737.1937914,
    "total_ceq": 117.22845615361426,
    "num_expired_thresh": 0,
    "num_depleted": 0,
    "num_transmited_bytes": 429442944
  },
  "46": {
    "total_mJ": 995079004.09854,
    "total_ceq": 105.65669331098262,
    "num_expired_thresh": 0,
    "num_depleted": 0,
    "num_transmited_bytes": 429442944
  },
  "47": {
    "total_mJ": 1076128328.2390134,