{
  "0": {
    "cen_loss": 2.305413151931763,
    "cen_accuracy": 0.0978
  },
  "1": {
    "cen_loss": 2.305413151931763,
    "cen_accuracy": 0.0978
  },
  "2": {
    "cen_loss": 2.096386120033264,
    "cen_accuracy": 0.2681
  },
  "3": {
    "cen_loss": 1.7171946266174316,
    "cen_accuracy": 0.3651
  },
  "4": {
    "cen_loss": 1.749586625957489,
    "cen_accuracy": 0.4031
  },
  "5": {
    "cen_loss": 1.6666466487884521,
    "cen_accuracy": 0.426
  },
  "6": {
    "cen_loss": 1.6440557697296143,
    "cen_accuracy": 0.4431
  },
  "7": {
    "cen_loss": 1.6765982011795044,
    "cen_accuracy": 0.4361
  },
  "8": {
    "cen_loss": 1.6396196929931641,
    "cen_accuracy": 0.4532
  },
  "9": {
    "cen_loss": 1.670149213027954,
    "cen_accuracy": 0.4616
  },
  "10": {
    "cen_loss": 1.6700188360214234,
    "cen_accuracy": 0.4616
  },
  "11": {
    "cen_loss": 1.6226232410430907,
    "cen_accuracy": 0.4651
  },
  "12": {
    "cen_loss": 1.6588695558547975,
    "cen_accuracy": 0.4604
  },
  "13": {
    "cen_loss": 1.6512443159103394,
    "cen_accuracy": 0.4763
  },
  "14": {
    "cen_loss": 1.7114266861915588,
    "cen_accuracy": 0.4633
  },
  "15": {
    "cen_loss": 1.6260381700515747,
    "cen_accuracy": 0.4876
  },
  "16": {
    "cen_loss": 1.6897635157585145,
    "cen_accuracy": 0.4886
  },
  "17": {
    "cen_loss": 1.6920495525360106,
    "cen_accuracy": 0.4913
  },
  "18": {
    "cen_loss": 1.802526146697998,
    "cen_accuracy": 0.4708
  },
  "19": {
    "cen_loss": 1.659550228691101,
    "cen_accuracy": 0.4918
  },
  "20": {
    "cen_loss": 1.659550204563141,
    "cen_accuracy": 0.4918
  },
  "21": {
    "cen_loss": 1.7627790345191956,
    "cen_accuracy": 0.4964
  },
  "22": {
    "cen_loss": 1.7766328887939453,
    "cen_accuracy": 0.4886
  },
  "23": {
    "cen_loss": 1.7683122629165648,
    "cen_accuracy": 0.4913
  },
  "24": {
    "cen_loss": 1.789357773208618,
    "cen_accuracy": 0.4885
  },
  "25": {
    "cen_loss": 1.7819764098167419,
    "cen_accuracy": 0.495
  },
  "26": {
    "cen_loss": 1.76222053565979,
    "cen_accuracy": 0.4981
  },
  "27": {
    "cen_loss": 1.7431534336090089,
    "cen_accuracy": 0.4934
  },
  "28": {
    "cen_loss": 1.801421673297882,
    "cen_accuracy": 0.4916
  },
  "29": {
    "cen_loss": 1.8716212063789368,
    "cen_accuracy": 0.4932
  },
  "30": {
    "cen_loss": 1.871621226978302,
    "cen_accuracy": 0.4932
  },
  "31": {
    "cen_loss": 1.7739950031280518,
    "cen_accuracy": 0.5025
  },
  "32": {
    "cen_loss": 1.8278778254508972,
    "cen_accuracy": 0.4918
  },
  "33": {
    "cen_loss": 1.7812593412399291,
    "cen_accuracy": 0.5031
  },
  "34": {
    "cen_loss": 1.8509591862678527,
    "cen_accuracy": 0.4979
  },
  "35": {
    "cen_loss": 1.8544890710830688,
    "cen_accuracy": 0.496
  },
  "36": {
    "cen_loss": 1.8440213693618774,
    "cen_accuracy": 0.5063
  },
  "37": {
    "cen_loss": 1.7386839259147644,
    "cen_accuracy": 0.5142
  },
  "38": {
    "cen_loss": 1.758843712091446,
    "cen_accuracy": 0.5104
  },
  "39": {
    "cen_loss": 1.7437301834106445,
    "cen_accuracy": 0.5207
  },
  "40": {
    "cen_loss": 1.743730187034607,
    "cen_accuracy": 0.5207
  },
  "41": {
    "cen_loss": 1.73273881816864,
    "cen_accuracy": 0.5189
  },
  "42": {
    "cen_loss": 1.7401825395584107,
    "cen_accuracy": 0.5153
  },
  "43": {
    "cen_loss": 1.8251779152870178,
    "cen_accuracy": 0.5153
  },
  "44": {
    "cen_loss": 1.7218516535758972,
    "cen_accuracy": 0.517
  },
  "45": {
    "cen_loss": 1.7634497966766358,
    "cen_accuracy": 0.5286
  },
  "46": {
    "cen_loss": 1.7344565440177917,
    "cen_accuracy": 0.5179
  },
  "47": {
    "cen_loss": 1.7763910702705383,
    "cen_accuracy": 0.5152
  },
  "48": {
    "cen_loss": 1.7796567663669587,
    "cen_accuracy": 0.5192
  },
  "49": {
    "cen_loss": 1.6694888041973115,
    "cen_accuracy": 0.521
  },
  "50": {
    "cen_loss": 1.6694888040065765,
    "cen_accuracy": 0.521
  },
  "51": {
    "cen_loss": 1.871964187669754,
    "cen_accuracy": 0.4985
  },
  "52": {
    "cen_loss": 1.758433578300476,
    "cen_accuracy": 0.5121
  },
  "53": {
    "cen_loss": 1.74134171833992,
    "cen_accuracy": 0.5218
  },
  "54": {
    "cen_loss": 1.7624112970352173,
    "cen_accuracy": 0.5244
  },
  "55": {
    "cen_loss": 1.7709285737991334,
    "cen_accuracy": 0.5225
  },
  "56": {
    "cen_loss": 1.7122153032302856,
    "cen_accuracy": 0.5288
  },
  "57": {
    "cen_loss": 1.7697754915237427,
    "cen_accuracy": 0.5297
  },
  "58": {
    "cen_loss": 1.7794266425132752,
    "cen_accuracy": 0.5243
  },
  "59": {
    "cen_loss": 1.7099599942207337,
    "cen_accuracy": 0.5277
  },
  "60": {
    "cen_loss": 1.7099599243164063,
    "cen_accuracy": 0.5277
  },
  "61": {
    "cen_loss": 1.804144042634964,
    "cen_accuracy": 0.5227
  },
  "62": {
    "cen_loss": 1.8529283232688905,
    "cen_accuracy": 0.5195
  },
  "63": {
    "cen_loss": 1.8264196261405945,
    "cen_accuracy": 0.5242
  },
  "64": {
    "cen_loss": 1.8376505640983583,
    "cen_accuracy": 0.5231
  },
  "65": {
    "cen_loss": 1.8248308157920838,
    "cen_accuracy": 0.5157
  },
  "66": {
    "cen_loss": 1.8297034134864807,
    "cen_accuracy": 0.517
  },
  "67": {
    "cen_loss": 1.9210622732162475,
    "cen_accuracy": 0.5139
  },
  "68": {
    "cen_loss": 1.875782233953476,
    "cen_accuracy": 0.5185
  },
  "69": {
    "cen_loss": 1.846916800403595,
    "cen_accuracy": 0.5109
  },
  "70": {
    "cen_loss": 1.8469168458461762,
    "cen_accuracy": 0.5109
  },
  "71": {
    "cen_loss": 1.827323711490631,
    "cen_accuracy": 0.5245
  },
  "72": {
    "cen_loss": 1.8561819333076477,
    "cen_accuracy": 0.5251
  },
  "73": {
    "cen_loss": 1.7841592154502868,
    "cen_accuracy": 0.5252
  },
  "74": {
    "cen_loss": 1.7946715920448304,
    "cen_accuracy": 0.5189
  },
  "75": {
    "cen_loss": 1.7831493273735046,
    "cen_accuracy": 0.5298
  },
  "76": {
    "cen_loss": 1.8667061243534089,
    "cen_accuracy": 0.5234
  },
  "77": {
    "cen_loss": 1.774961255311966,
    "cen_accuracy": 0.5169
  },
  "78": {
    "cen_loss": 1.8312176854610442,
    "cen_accuracy": 0.53
  },
  "79": {
    "cen_loss": 1.8572640501499176,
    "cen_accuracy": 0.519
  },
  "80": {
    "cen_loss": 1.8572640084028245,
    "cen_accuracy": 0.519
  },
  "81": {
    "cen_loss": 1.868024095439911,
    "cen_accuracy": 0.5169
  },
  "82": {
    "cen_loss": 1.8609622734069824,
    "cen_accuracy": 0.5238
  },
  "83": {
    "cen_loss": 1.9080500071525575,
    "cen_accuracy": 0.5202
  },
  "84": {
    "cen_loss": 1.8132692534923553,
    "cen_accuracy": 0.5221
  },
  "85": {
    "cen_loss": 1.8340037618637084,
    "cen_accuracy": 0.5263
  },
  "86": {
    "cen_loss": 1.8011042688846588,
    "cen_accuracy": 0.5308
  },
  "87": {
    "cen_loss": 1.854019057059288,
    "cen_accuracy": 0.5272
  },
  "88": {
    "cen_loss": 1.76766309094429,
    "cen_accuracy": 0.5363
  },
  "89": {
    "cen_loss": 1.8352256860256195,
    "cen_accuracy": 0.5218
  },
  "90": {
    "cen_loss": 1.835225714302063,
    "cen_accuracy": 0.5218
  },
  "91": {
    "cen_loss": 1.8134273772716523,
    "cen_accuracy": 0.5312
  },
  "92": {
    "cen_loss": 1.7570931304454804,
    "cen_accuracy": 0.5227
  },
  "93": {
    "cen_loss": 1.7698055596351623,
    "cen_accuracy": 0.526
  },
  "94": {
    "cen_loss": 1.9027390500545502,
    "cen_accuracy": 0.5194
  },
  "95": {
    "cen_loss": 1.80169625582695,
    "cen_accuracy": 0.5279
  },
  "96": {
    "cen_loss": 1.92350186252594,
    "cen_accuracy": 0.5232
  },
  "97": {
    "cen_loss": 1.8043331045150757,
    "cen_accuracy": 0.5281
  },
  "98": {
    "cen_loss": 1.796381890630722,
    "cen_accuracy": 0.5326
  },
  "99": {
    "cen_loss": 1.8356639773368835,
    "cen_accuracy": 0.5315
  },
  "100": {
    "cen_loss": 1.8356639009952544,
    "cen_accuracy": 0.5315
  },
  "101": {
    "cen_loss": 1.9142300437927247,
    "cen_accuracy": 0.5162
  }
}