{
  "0": {
    "max_battery_mJ": 432000000.0,
    "initial_battery_mJ": 100000000.0,
    "final_battery_mJ": 97289264.89062342
  },
  "1": {
    "max_battery_mJ": 432000000.0,
    "initial_battery_mJ": 100000000.0,
    "final_battery_mJ": 94804342.60020179
  },
  "2": {
    "max_battery_mJ": 432000000.0,
    "initial_battery_mJ": 300000000.0,
    "final_battery_mJ": 296569898.6242505
  },
  "3": {
    "max_battery_mJ": 432000000.0,
    "initial_battery_mJ": 200000000.0,
    "final_battery_mJ": 196567660.93005955
  },
  "4": {
    "max_battery_mJ": 432000000.0,
    "initial_battery_mJ": 300000000.0,
    "final_battery_mJ": 296705652.335478
  },
  "5": {
    "max_battery_mJ": 432000000.0,
    "initial_battery_mJ": 300000000.0,
    "final_battery_mJ": 296950859.0583485
  },
  "6": {
    "max_battery_mJ": 432000000.0,
    "initial_battery_mJ": 200000000.0,
    "final_battery_mJ": 196397605.83566248
  },
  "7": {
    "max_battery_mJ": 432000000.0,
    "initial_battery_mJ": 100000000.0,
    "final_battery_mJ": 96224980.86331397
  },
  "8": {
    "max_battery_mJ": 432000000.0,
    "initial_battery_mJ": 100000000.0,
    "final_battery_mJ": 96732517.46334036
  },
  "9": {
    "max_battery_mJ": 432000000.0,
    "initial_battery_mJ": 200000000.0,
    "final_battery_mJ": 194601418.25850308
  }
}