{
  "0": {
    "cen_loss": 2.30690788936615,
    "cen_accuracy": 0.10125
  },
  "1": {
    "cen_loss": 2.30690788936615,
    "cen_accuracy": 0.10125
  },
  "2": {
    "cen_loss": 2.1435179767608643,
    "cen_accuracy": 0.179875
  },
  "3": {
    "cen_loss": 1.75465878033638,
    "cen_accuracy": 0.369125
  },
  "4": {
    "cen_loss": 1.6205725195407867,
    "cen_accuracy": 0.40775
  },
  "5": {
    "cen_loss": 1.6205725195407867,
    "cen_accuracy": 0.40775
  },
  "6": {
    "cen_loss": 1.603832147359848,
    "cen_accuracy": 0.39325
  },
  "7": {
    "cen_loss": 1.552145914196968,
    "cen_accuracy": 0.4295
  },
  "8": {
    "cen_loss": 1.4713615957498551,
    "cen_accuracy": 0.4685
  },
  "9": {
    "cen_loss": 1.5115001550912857,
    "cen_accuracy": 0.44525
  },
  "10": {
    "cen_loss": 1.511413401722908,
    "cen_accuracy": 0.44525
  },
  "11": {
    "cen_loss": 1.464580363869667,
    "cen_accuracy": 0.45025
  },
  "12": {
    "cen_loss": 1.392738289833069,
    "cen_accuracy": 0.493875
  },
  "13": {
    "cen_loss": 1.3715294712781907,
    "cen_accuracy": 0.50275
  },
  "14": {
    "cen_loss": 1.3664131430387496,
    "cen_accuracy": 0.509
  },
  "15": {
    "cen_loss": 1.3219190168380737,
    "cen_accuracy": 0.520625
  },
  "16": {
    "cen_loss": 1.349213425397873,
    "cen_accuracy": 0.52025
  }
}