{
  "0": {
    "cen_loss": 2.30690788936615,
    "cen_accuracy": 0.10125
  },
  "1": {
    "cen_loss": 2.30690788936615,
    "cen_accuracy": 0.10125
  },
  "2": {
    "cen_loss": 2.2195341436862948,
    "cen_accuracy": 0.23375
  },
  "3": {
    "cen_loss": 1.8075821628570556,
    "cen_accuracy": 0.346125
  },
  "4": {
    "cen_loss": 1.6625766775608062,
    "cen_accuracy": 0.388625
  },
  "5": {
    "cen_loss": 1.5884847984313966,
    "cen_accuracy": 0.43575
  },
  "6": {
    "cen_loss": 1.5884847984313966,
    "cen_accuracy": 0.43575
  }
}