{
  "2": {
    "total_mJ": 2811122.9927569674,
    "total_ceq": 0.3445918872970473,
    "num_expired_thresh": 0,
    "num_depleted": 0,
    "num_transmited_bytes": 11905152
  },
  "3": {
    "total_mJ": 2882342.6983789825,
    "total_ceq": 0.3471726024611283,
    "num_expired_thresh": 0,
    "num_depleted": 0,
    "num_transmited_bytes": 11905152
  },
  "4": {
    "total_mJ": 2877363.444068443,
    "total_ceq": 0.365285139818233,
    "num_expired_thresh": 0,
    "num_depleted": 0,
    "num_transmited_bytes": 11905152
  },
  "6": {
    "total_mJ": 1731640.1067510783,
    "total_ceq": 0.20604250972638716,
    "num_expired_thresh": 0,
    "num_depleted": 0,
    "num_transmited_bytes": 11905152
  },
  "7": {
    "total_mJ": 2952068.9132133555,
    "total_ceq": 0.37658766226947415,
    "num_expired_thresh": 0,
    "num_depleted": 0,
    "num_transmited_bytes": 11905152
  },
  "8": {
    "total_mJ": 2409571.058928301,
    "total_ceq": 0.3163238288201945,
    "num_expired_thresh": 0,
    "num_depleted": 0,
    "num_transmited_bytes": 11905152
  },
  "9": {
    "total_mJ": 2806535.7360129477,
    "total_ceq": 0.3582209723195823,
    "num_expired_thresh": 0,
    "num_depleted": 0,
    "num_transmited_bytes": 11905152
  },
  "10": {
    "total_mJ": 3043502.1001109546,
    "total_ceq": 0.38808432999216647,
    "num_expired_thresh": 0,
    "num_depleted": 0,
    "num_transmited_bytes": 11905152
  },
  "11": {
    "total_mJ": 2780456.5466999044,
    "total_ceq": 0.3618792682734071,
    "num_expired_thresh": 0,
    "num_depleted": 0,
    "num_transmited_bytes": 11905152
  },
  "12": {
    "total_mJ": 2760101.112532209,
    "total_ceq": 0.3607333229388593,
    "num_expired_thresh": 0,
    "num_depleted": 0,
    "num_transmited_bytes": 11905152
  },
  "13": {
    "total_mJ": 2859921.915640637,
    "total_ceq": 0.3577709982689642,
    "num_expired_thresh": 0,
    "num_depleted": 0,
    "num_transmited_bytes": 11905152
  },
  "14": {
    "total_mJ": 2762336.874785244,
    "total_ceq": 0.3536301955208884,
    "num_expired_thresh": 0,
    "num_depleted": 0,
    "num_transmited_bytes": 11905152
  },
  "15": {
    "total_mJ": 2830928.820587704,
    "total_ceq": 0.36779749043751,
    "num_expired_thresh": 0,
    "num_depleted": 0,
    "num_transmited_bytes": 11905152
  },
  "16": {
    "total_mJ": 2592553.4657271914,
    "total_ceq": 0.3136053447739387,
    "num_expired_thresh": 0,
    "num_depleted": 0,
    "num_transmited_bytes": 11905152
  }
}