{
  "0": {
    "cen_loss": 2.3027744300842286,
    "cen_accuracy": 0.1
  },
  "1": {
    "cen_loss": 2.3027744300842286,
    "cen_accuracy": 0.1
  },
  "2": {
    "cen_loss": 3.700487935256958,
    "cen_accuracy": 0.1
  },
  "3": {
    "cen_loss": 3.836176355743408,
    "cen_accuracy": 0.1
  },
  "4": {
    "cen_loss": 2.9167316890716553,
    "cen_accuracy": 0.1
  },
  "5": {
    "cen_loss": 3.785732857131958,
    "cen_accuracy": 0.103
  },
  "6": {
    "cen_loss": 3.6788546298980713,
    "cen_accuracy": 0.1
  },
  "7": {
    "cen_loss": 8.183506410980225,
    "cen_accuracy": 0.1053
  },
  "8": {
    "cen_loss": 3.8541097888946534,
    "cen_accuracy": 0.1676
  },
  "9": {
    "cen_loss": 3.873928899383545,
    "cen_accuracy": 0.1641
  },
  "10": {
    "cen_loss": 5.694630926132202,
    "cen_accuracy": 0.1621
  },
  "11": {
    "cen_loss": 5.444533055877685,
    "cen_accuracy": 0.1012
  },
  "12": {
    "cen_loss": 3.272537304496765,
    "cen_accuracy": 0.205
  },
  "13": {
    "cen_loss": 3.4785051374435425,
    "cen_accuracy": 0.2249
  },
  "14": {
    "cen_loss": 3.8757808837890626,
    "cen_accuracy": 0.1392
  },
  "15": {
    "cen_loss": 3.0925995510101316,
    "cen_accuracy": 0.2902
  },
  "16": {
    "cen_loss": 2.700784330368042,
    "cen_accuracy": 0.2401
  },
  "17": {
    "cen_loss": 3.807316327857971,
    "cen_accuracy": 0.2803
  },
  "18": {
    "cen_loss": 4.5123261501312255,
    "cen_accuracy": 0.2746
  },
  "19": {
    "cen_loss": 3.203805111694336,
    "cen_accuracy": 0.3632
  },
  "20": {
    "cen_loss": 3.4469706546783447,
    "cen_accuracy": 0.3774
  },
  "21": {
    "cen_loss": 6.679778004455566,
    "cen_accuracy": 0.2779
  },
  "22": {
    "cen_loss": 4.728764044189453,
    "cen_accuracy": 0.1569
  },
  "23": {
    "cen_loss": 2.8766356496810914,
    "cen_accuracy": 0.2688
  },
  "24": {
    "cen_loss": 1.922917649269104,
    "cen_accuracy": 0.2746
  },
  "25": {
    "cen_loss": 3.232874013710022,
    "cen_accuracy": 0.2419
  },
  "26": {
    "cen_loss": 3.1979769015312196,
    "cen_accuracy": 0.343
  },
  "27": {
    "cen_loss": 1.7257795499801636,
    "cen_accuracy": 0.421
  },
  "28": {
    "cen_loss": 2.700281094932556,
    "cen_accuracy": 0.3088
  },
  "29": {
    "cen_loss": 3.1324026014328004,
    "cen_accuracy": 0.1975
  },
  "30": {
    "cen_loss": 2.8251055559158327,
    "cen_accuracy": 0.2805
  },
  "31": {
    "cen_loss": 1.6403514698028565,
    "cen_accuracy": 0.4013
  },
  "32": {
    "cen_loss": 1.4204526847839356,
    "cen_accuracy": 0.4992
  },
  "33": {
    "cen_loss": 1.7424739854812623,
    "cen_accuracy": 0.3826
  },
  "34": {
    "cen_loss": 1.5361784395217895,
    "cen_accuracy": 0.4381
  },
  "35": {
    "cen_loss": 1.4078283573150634,
    "cen_accuracy": 0.5367
  },
  "36": {
    "cen_loss": 1.6435734593391418,
    "cen_accuracy": 0.5043
  },
  "37": {
    "cen_loss": 1.7790504574775696,
    "cen_accuracy": 0.4161
  },
  "38": {
    "cen_loss": 1.585709736776352,
    "cen_accuracy": 0.5069
  },
  "39": {
    "cen_loss": 2.611665743637085,
    "cen_accuracy": 0.3327
  },
  "40": {
    "cen_loss": 2.778096899986267,
    "cen_accuracy": 0.3551
  },
  "41": {
    "cen_loss": 1.3728072346687317,
    "cen_accuracy": 0.5143
  },
  "42": {
    "cen_loss": 2.0832577593803405,
    "cen_accuracy": 0.4019
  },
  "43": {
    "cen_loss": 1.3931137840270995,
    "cen_accuracy": 0.4835
  },
  "44": {
    "cen_loss": 1.4471333735466003,
    "cen_accuracy": 0.5026
  },
  "45": {
    "cen_loss": 1.5831666007995606,
    "cen_accuracy": 0.521
  },
  "46": {
    "cen_loss": 1.4290723938465117,
    "cen_accuracy": 0.5774
  },
  "47": {
    "cen_loss": 1.3348243176460266,
    "cen_accuracy": 0.5576
  },
  "48": {
    "cen_loss": 1.8870392992019653,
    "cen_accuracy": 0.4519
  },
  "49": {
    "cen_loss": 1.4542082000255585,
    "cen_accuracy": 0.5086
  },
  "50": {
    "cen_loss": 1.3271693809986114,
    "cen_accuracy": 0.5512
  },
  "51": {
    "cen_loss": 1.1642773112297058,
    "cen_accuracy": 0.5943
  }
}