{
  "0": {
    "cen_loss": 2.3069078960418703,
    "cen_accuracy": 0.10125
  },
  "1": {
    "cen_loss": 2.3069078960418703,
    "cen_accuracy": 0.10125
  },
  "2": {
    "cen_loss": 2.223836621761322,
    "cen_accuracy": 0.1805
  },
  "3": {
    "cen_loss": 1.840997934818268,
    "cen_accuracy": 0.288875
  },
  "4": {
    "cen_loss": 1.8066015748977662,
    "cen_accuracy": 0.32725
  },
  "5": {
    "cen_loss": 1.6746129941940309,
    "cen_accuracy": 0.377375
  },
  "6": {
    "cen_loss": 1.680570807814598,
    "cen_accuracy": 0.3935
  }
}