{
  "0": {
    "cen_loss": 2.30690788936615,
    "cen_accuracy": 0.10125
  },
  "1": {
    "cen_loss": 2.30690788936615,
    "cen_accuracy": 0.10125
  },
  "2": {
    "cen_loss": 2.2393158559799193,
    "cen_accuracy": 0.131375
  },
  "3": {
    "cen_loss": 1.7928953106403351,
    "cen_accuracy": 0.3255
  },
  "4": {
    "cen_loss": 1.6472661666870116,
    "cen_accuracy": 0.373
  },
  "5": {
    "cen_loss": 1.6472661666870116,
    "cen_accuracy": 0.373
  },
  "6": {
    "cen_loss": 1.5785564532279968,
    "cen_accuracy": 0.4175
  },
  "7": {
    "cen_loss": 1.5476880111694336,
    "cen_accuracy": 0.429375
  },
  "8": {
    "cen_loss": 1.5632234922647477,
    "cen_accuracy": 0.4255
  },
  "9": {
    "cen_loss": 1.4523492144346237,
    "cen_accuracy": 0.46375
  },
  "10": {
    "cen_loss": 1.4522923842668534,
    "cen_accuracy": 0.463625
  },
  "11": {
    "cen_loss": 1.4759550176858902,
    "cen_accuracy": 0.438125
  },
  "12": {
    "cen_loss": 1.371126883506775,
    "cen_accuracy": 0.50725
  },
  "13": {
    "cen_loss": 1.3839393892288208,
    "cen_accuracy": 0.494625
  },
  "14": {
    "cen_loss": 1.3794542511701584,
    "cen_accuracy": 0.49675
  },
  "15": {
    "cen_loss": 1.3379550302028655,
    "cen_accuracy": 0.5145
  },
  "16": {
    "cen_loss": 1.3777677202224732,
    "cen_accuracy": 0.5095
  }
}