{
  "2": {
    "total_mJ": 2491272.190122069,
    "total_ceq": 0.3051124313977807,
    "num_expired_thresh": 0,
    "num_depleted": 0,
    "num_transmited_bytes": 11905152
  },
  "3": {
    "total_mJ": 2958878.516468194,
    "total_ceq": 0.38642004606219654,
    "num_expired_thresh": 0,
    "num_depleted": 0,
    "num_transmited_bytes": 11905152
  },
  "4": {
    "total_mJ": 3022182.810593731,
    "total_ceq": 0.3763318334903072,
    "num_expired_thresh": 0,
    "num_depleted": 0,
    "num_transmited_bytes": 11905152
  },
  "6": {
    "total_mJ": 1722159.9737769275,
    "total_ceq": 0.22194972502287982,
    "num_expired_thresh": 0,
    "num_depleted": 0,
    "num_transmited_bytes": 11905152
  },
  "7": {
    "total_mJ": 2796953.7295116466,
    "total_ceq": 0.3368890562501701,
    "num_expired_thresh": 0,
    "num_depleted": 0,
    "num_transmited_bytes": 11905152
  },
  "8": {
    "total_mJ": 2593087.8056419287,
    "total_ceq": 0.33471685413421304,
    "num_expired_thresh": 0,
    "num_depleted": 0,
    "num_transmited_bytes": 11905152
  },
  "9": {
    "total_mJ": 2879842.531061814,
    "total_ceq": 0.3666430923547039,
    "num_expired_thresh": 0,
    "num_depleted": 0,
    "num_transmited_bytes": 11905152
  },
  "10": {
    "total_mJ": 2793246.6455826433,
    "total_ceq": 0.34480389449897036,
    "num_expired_thresh": 0,
    "num_depleted": 0,
    "num_transmited_bytes": 11905152
  },
  "11": {
    "total_mJ": 2228185.2307054806,
    "total_ceq": 0.268925130333193,
    "num_expired_thresh": 0,
    "num_depleted": 0,
    "num_transmited_bytes": 11905152
  },
  "12": {
    "total_mJ": 2826456.3514341256,
    "total_ceq": 0.367093066405322,
    "num_expired_thresh": 0,
    "num_depleted": 0,
    "num_transmited_bytes": 11905152
  },
  "13": {
    "total_mJ": 2480016.1350809475,
    "total_ceq": 0.31775053706586837,
    "num_expired_thresh": 0,
    "num_depleted": 0,
    "num_transmited_bytes": 11905152
  },
  "14": {
    "total_mJ": 2697399.0051476997,
    "total_ceq": 0.33350505296579963,
    "num_expired_thresh": 0,
    "num_depleted": 0,
    "num_transmited_bytes": 11905152
  },
  "15": {
    "total_mJ": 2926459.653758174,
    "total_ceq": 0.37037645809480385,
    "num_expired_thresh": 0,
    "num_depleted": 0,
    "num_transmited_bytes": 11905152
  },
  "16": {
    "total_mJ": 2263991.5196829177,
    "total_ceq": 0.28503953245633057,
    "num_expired_thresh": 0,
    "num_depleted": 0,
    "num_transmited_bytes": 11905152
  }
}