{
  "0": {
    "cen_loss": 2.3027744300842286,
    "cen_accuracy": 0.1
  },
  "1": {
    "cen_loss": 2.3027744300842286,
    "cen_accuracy": 0.1
  },
  "2": {
    "cen_loss": 2.7531225101470946,
    "cen_accuracy": 0.1
  },
  "3": {
    "cen_loss": 2.533827721405029,
    "cen_accuracy": 0.1
  },
  "4": {
    "cen_loss": 3.196774303817749,
    "cen_accuracy": 0.1
  },
  "5": {
    "cen_loss": 4.565866946792602,
    "cen_accuracy": 0.1
  },
  "6": {
    "cen_loss": 5.045717889785767,
    "cen_accuracy": 0.1
  },
  "7": {
    "cen_loss": 2.3782847568511962,
    "cen_accuracy": 0.2294
  },
  "8": {
    "cen_loss": 2.7480687131881716,
    "cen_accuracy": 0.1807
  },
  "9": {
    "cen_loss": 4.452743793106079,
    "cen_accuracy": 0.1087
  },
  "10": {
    "cen_loss": 3.0687412841796875,
    "cen_accuracy": 0.1806
  },
  "11": {
    "cen_loss": 2.793302481460571,
    "cen_accuracy": 0.2154
  },
  "12": {
    "cen_loss": 3.015836171722412,
    "cen_accuracy": 0.1832
  },
  "13": {
    "cen_loss": 3.705593991470337,
    "cen_accuracy": 0.163
  },
  "14": {
    "cen_loss": 2.5066170921325686,
    "cen_accuracy": 0.2386
  },
  "15": {
    "cen_loss": 3.484759813117981,
    "cen_accuracy": 0.3136
  },
  "16": {
    "cen_loss": 2.9349276794433594,
    "cen_accuracy": 0.2777
  },
  "17": {
    "cen_loss": 2.3750522501945497,
    "cen_accuracy": 0.3506
  },
  "18": {
    "cen_loss": 3.062581385231018,
    "cen_accuracy": 0.274
  },
  "19": {
    "cen_loss": 2.001832468700409,
    "cen_accuracy": 0.3855
  },
  "20": {
    "cen_loss": 2.8823621728897093,
    "cen_accuracy": 0.3142
  },
  "21": {
    "cen_loss": 1.7315874926567079,
    "cen_accuracy": 0.423
  },
  "22": {
    "cen_loss": 1.7457098605155945,
    "cen_accuracy": 0.4272
  },
  "23": {
    "cen_loss": 1.4787616221427917,
    "cen_accuracy": 0.5168
  },
  "24": {
    "cen_loss": 2.464774977493286,
    "cen_accuracy": 0.3275
  },
  "25": {
    "cen_loss": 1.9168381411552429,
    "cen_accuracy": 0.3903
  },
  "26": {
    "cen_loss": 1.8484963013648987,
    "cen_accuracy": 0.458
  },
  "27": {
    "cen_loss": 1.977148258113861,
    "cen_accuracy": 0.3623
  },
  "28": {
    "cen_loss": 1.5431463480949401,
    "cen_accuracy": 0.4745
  },
  "29": {
    "cen_loss": 1.7276714730262757,
    "cen_accuracy": 0.4174
  },
  "30": {
    "cen_loss": 1.9542607853889464,
    "cen_accuracy": 0.4187
  },
  "31": {
    "cen_loss": 1.7498539630889893,
    "cen_accuracy": 0.4608
  },
  "32": {
    "cen_loss": 2.0058834002494814,
    "cen_accuracy": 0.447
  },
  "33": {
    "cen_loss": 1.8849236336708068,
    "cen_accuracy": 0.4003
  },
  "34": {
    "cen_loss": 1.8662643186569214,
    "cen_accuracy": 0.3917
  },
  "35": {
    "cen_loss": 1.4771580323696136,
    "cen_accuracy": 0.5279
  },
  "36": {
    "cen_loss": 1.7637976901054382,
    "cen_accuracy": 0.4824
  },
  "37": {
    "cen_loss": 1.487330060005188,
    "cen_accuracy": 0.5162
  },
  "38": {
    "cen_loss": 1.5070307330131532,
    "cen_accuracy": 0.4862
  },
  "39": {
    "cen_loss": 1.5613846373558045,
    "cen_accuracy": 0.525
  },
  "40": {
    "cen_loss": 2.0144027038574217,
    "cen_accuracy": 0.4631
  },
  "41": {
    "cen_loss": 1.6888561592102052,
    "cen_accuracy": 0.5275
  },
  "42": {
    "cen_loss": 1.734684049510956,
    "cen_accuracy": 0.47
  },
  "43": {
    "cen_loss": 1.2507186203956604,
    "cen_accuracy": 0.5157
  },
  "44": {
    "cen_loss": 1.5997961711883546,
    "cen_accuracy": 0.4952
  },
  "45": {
    "cen_loss": 1.5588738023757935,
    "cen_accuracy": 0.513
  },
  "46": {
    "cen_loss": 1.6779454465389252,
    "cen_accuracy": 0.515
  },
  "47": {
    "cen_loss": 1.527660145378113,
    "cen_accuracy": 0.4929
  },
  "48": {
    "cen_loss": 1.4846485706329346,
    "cen_accuracy": 0.512
  },
  "49": {
    "cen_loss": 1.2638479105472564,
    "cen_accuracy": 0.6061
  },
  "50": {
    "cen_loss": 1.4204922399044038,
    "cen_accuracy": 0.5599
  },
  "51": {
    "cen_loss": 1.5222175387382508,
    "cen_accuracy": 0.5345
  },
  "52": {
    "cen_loss": 1.8303882151603699,
    "cen_accuracy": 0.4835
  },
  "53": {
    "cen_loss": 1.747692197418213,
    "cen_accuracy": 0.4544
  },
  "54": {
    "cen_loss": 1.7614205451965332,
    "cen_accuracy": 0.4888
  },
  "55": {
    "cen_loss": 1.774626247406006,
    "cen_accuracy": 0.457
  },
  "56": {
    "cen_loss": 1.1607592216014861,
    "cen_accuracy": 0.5752
  },
  "57": {
    "cen_loss": 1.4665993196487426,
    "cen_accuracy": 0.5481
  },
  "58": {
    "cen_loss": 2.137478414440155,
    "cen_accuracy": 0.458
  },
  "59": {
    "cen_loss": 1.5722072489738463,
    "cen_accuracy": 0.52
  },
  "60": {
    "cen_loss": 2.043346322631836,
    "cen_accuracy": 0.457
  },
  "61": {
    "cen_loss": 1.2099267852783202,
    "cen_accuracy": 0.6137
  },
  "62": {
    "cen_loss": 1.511180872964859,
    "cen_accuracy": 0.5694
  },
  "63": {
    "cen_loss": 1.3046437732696534,
    "cen_accuracy": 0.5659
  },
  "64": {
    "cen_loss": 1.250442829990387,
    "cen_accuracy": 0.5951
  },
  "65": {
    "cen_loss": 0.9769102188587189,
    "cen_accuracy": 0.6571
  },
  "66": {
    "cen_loss": 1.1828919672966003,
    "cen_accuracy": 0.6052
  },
  "67": {
    "cen_loss": 1.3639546153068542,
    "cen_accuracy": 0.5637
  },
  "68": {
    "cen_loss": 1.2248066993236542,
    "cen_accuracy": 0.6375
  },
  "69": {
    "cen_loss": 0.977271484708786,
    "cen_accuracy": 0.6625
  },
  "70": {
    "cen_loss": 1.388081092786789,
    "cen_accuracy": 0.5957
  },
  "71": {
    "cen_loss": 0.9744958691120148,
    "cen_accuracy": 0.6654
  },
  "72": {
    "cen_loss": 1.4619689641475677,
    "cen_accuracy": 0.5572
  },
  "73": {
    "cen_loss": 1.3260825911045075,
    "cen_accuracy": 0.6039
  },
  "74": {
    "cen_loss": 1.1139003950238229,
    "cen_accuracy": 0.6544
  },
  "75": {
    "cen_loss": 1.2874988528728486,
    "cen_accuracy": 0.5995
  },
  "76": {
    "cen_loss": 1.436095542907715,
    "cen_accuracy": 0.597
  },
  "77": {
    "cen_loss": 1.966890687942505,
    "cen_accuracy": 0.4421
  },
  "78": {
    "cen_loss": 1.6272374031543733,
    "cen_accuracy": 0.5564
  },
  "79": {
    "cen_loss": 1.3077588165283203,
    "cen_accuracy": 0.5892
  },
  "80": {
    "cen_loss": 1.5535953585147857,
    "cen_accuracy": 0.5611
  },
  "81": {
    "cen_loss": 1.071764484333992,
    "cen_accuracy": 0.6619
  },
  "82": {
    "cen_loss": 0.9640832398414612,
    "cen_accuracy": 0.6668
  },
  "83": {
    "cen_loss": 1.096083638381958,
    "cen_accuracy": 0.617
  },
  "84": {
    "cen_loss": 1.3243633780956268,
    "cen_accuracy": 0.5341
  },
  "85": {
    "cen_loss": 0.9318813351154327,
    "cen_accuracy": 0.6782
  },
  "86": {
    "cen_loss": 1.3853286925792694,
    "cen_accuracy": 0.6498
  },
  "87": {
    "cen_loss": 0.8861016645669937,
    "cen_accuracy": 0.6959
  },
  "88": {
    "cen_loss": 1.148237177467346,
    "cen_accuracy": 0.6078
  },
  "89": {
    "cen_loss": 1.7183468115329743,
    "cen_accuracy": 0.574
  },
  "90": {
    "cen_loss": 2.2684604219913482,
    "cen_accuracy": 0.5294
  },
  "91": {
    "cen_loss": 1.4902459776878356,
    "cen_accuracy": 0.5517
  },
  "92": {
    "cen_loss": 0.8149975008487701,
    "cen_accuracy": 0.7196
  },
  "93": {
    "cen_loss": 1.0818149955272676,
    "cen_accuracy": 0.6178
  },
  "94": {
    "cen_loss": 1.004573812699318,
    "cen_accuracy": 0.6373
  },
  "95": {
    "cen_loss": 0.9175966656804084,
    "cen_accuracy": 0.6876
  },
  "96": {
    "cen_loss": 1.3425201728343963,
    "cen_accuracy": 0.5868
  },
  "97": {
    "cen_loss": 0.8581278676748276,
    "cen_accuracy": 0.6966
  },
  "98": {
    "cen_loss": 0.9535954825162888,
    "cen_accuracy": 0.6948
  },
  "99": {
    "cen_loss": 0.964104072856903,
    "cen_accuracy": 0.6709
  },
  "100": {
    "cen_loss": 1.0560634419441224,
    "cen_accuracy": 0.6646
  },
  "101": {
    "cen_loss": 0.933114605140686,
    "cen_accuracy": 0.7011
  },
  "102": {
    "cen_loss": 0.9341545496463776,
    "cen_accuracy": 0.6831
  },