{
  "0": {
    "cen_loss": 2.303392876815796,
    "cen_accuracy": 0.1
  },
  "1": {
    "cen_loss": 2.303392876815796,
    "cen_accuracy": 0.1
  },
  "2": {
    "cen_loss": 2.0371962438583373,
    "cen_accuracy": 0.2283
  },
  "3": {
    "cen_loss": 1.7031730430603027,
    "cen_accuracy": 0.3677
  },
  "4": {
    "cen_loss": 1.6105832446098327,
    "cen_accuracy": 0.4369
  },
  "5": {
    "cen_loss": 1.6007355573654174,
    "cen_accuracy": 0.4459
  },
  "6": {
    "cen_loss": 1.6085716935157777,
    "cen_accuracy": 0.4528
  },
  "7": {
    "cen_loss": 1.7137573848724366,
    "cen_accuracy": 0.4288
  },
  "8": {
    "cen_loss": 1.601859320640564,
    "cen_accuracy": 0.4631
  },
  "9": {
    "cen_loss": 1.6270648501396179,
    "cen_accuracy": 0.4631
  },
  "10": {
    "cen_loss": 1.6269406087875367,
    "cen_accuracy": 0.4631
  },
  "11": {
    "cen_loss": 1.6243734133720398,
    "cen_accuracy": 0.4703
  },
  "12": {
    "cen_loss": 1.5963884205818177,
    "cen_accuracy": 0.482
  },
  "13": {
    "cen_loss": 1.645576000213623,
    "cen_accuracy": 0.4747
  },
  "14": {
    "cen_loss": 1.6378252746582032,
    "cen_accuracy": 0.4924
  },
  "15": {
    "cen_loss": 1.615320930480957,
    "cen_accuracy": 0.4979
  },
  "16": {
    "cen_loss": 1.6841591844081878,
    "cen_accuracy": 0.4887
  },
  "17": {
    "cen_loss": 1.6539036446094513,
    "cen_accuracy": 0.4996
  },
  "18": {
    "cen_loss": 1.714416759109497,
    "cen_accuracy": 0.4866
  },
  "19": {
    "cen_loss": 1.7546101718902587,
    "cen_accuracy": 0.4772
  },
  "20": {
    "cen_loss": 1.7546101748466492,
    "cen_accuracy": 0.4772
  },
  "21": {
    "cen_loss": 1.6123117235183715,
    "cen_accuracy": 0.4972
  },
  "22": {
    "cen_loss": 1.6984284218788146,
    "cen_accuracy": 0.4963
  },
  "23": {
    "cen_loss": 1.724456538772583,
    "cen_accuracy": 0.496
  },
  "24": {
    "cen_loss": 1.707369892501831,
    "cen_accuracy": 0.5008
  },
  "25": {
    "cen_loss": 1.7413954944610597,
    "cen_accuracy": 0.4995
  },
  "26": {
    "cen_loss": 1.7116304535865783,
    "cen_accuracy": 0.5041
  },
  "27": {
    "cen_loss": 1.7482106744289398,
    "cen_accuracy": 0.504
  },
  "28": {
    "cen_loss": 1.709091847038269,
    "cen_accuracy": 0.5049
  },
  "29": {
    "cen_loss": 1.7300410575389862,
    "cen_accuracy": 0.5097
  },
  "30": {
    "cen_loss": 1.7300410678863525,
    "cen_accuracy": 0.5097
  },
  "31": {
    "cen_loss": 1.7147348857879638,
    "cen_accuracy": 0.5229
  },
  "32": {
    "cen_loss": 1.633148973941803,
    "cen_accuracy": 0.5292
  },
  "33": {
    "cen_loss": 1.6806424438476562,
    "cen_accuracy": 0.528
  },
  "34": {
    "cen_loss": 1.7514089517593383,
    "cen_accuracy": 0.5107
  },
  "35": {
    "cen_loss": 1.7861529269218446,
    "cen_accuracy": 0.5217
  },
  "36": {
    "cen_loss": 1.6971788224220277,
    "cen_accuracy": 0.5299
  },
  "37": {
    "cen_loss": 1.6679715626239777,
    "cen_accuracy": 0.5309
  },
  "38": {
    "cen_loss": 1.6913983438014983,
    "cen_accuracy": 0.5371
  },
  "39": {
    "cen_loss": 1.8284643704414367,
    "cen_accuracy": 0.5185
  },
  "40": {
    "cen_loss": 1.8284643731594086,
    "cen_accuracy": 0.5185
  },
  "41": {
    "cen_loss": 1.7578880134105683,
    "cen_accuracy": 0.5175
  },
  "42": {
    "cen_loss": 1.706843622493744,
    "cen_accuracy": 0.5318
  },
  "43": {
    "cen_loss": 1.758082670879364,
    "cen_accuracy": 0.5305
  },
  "44": {
    "cen_loss": 1.7016447257995606,
    "cen_accuracy": 0.5198
  },
  "45": {
    "cen_loss": 1.6377281439781188,
    "cen_accuracy": 0.5339
  },
  "46": {
    "cen_loss": 1.7663029595851898,
    "cen_accuracy": 0.5303
  },
  "47": {
    "cen_loss": 1.7307620964050292,
    "cen_accuracy": 0.5345
  },
  "48": {
    "cen_loss": 1.79656070189476,
    "cen_accuracy": 0.5266
  },
  "49": {
    "cen_loss": 1.6510037481307984,
    "cen_accuracy": 0.5403
  },
  "50": {
    "cen_loss": 1.6510037461280822,
    "cen_accuracy": 0.5403
  },
  "51": {
    "cen_loss": 1.6960710936546326,
    "cen_accuracy": 0.5401
  },
  "52": {
    "cen_loss": 1.7060772267341613,
    "cen_accuracy": 0.5351
  },
  "53": {
    "cen_loss": 1.703485894680023,
    "cen_accuracy": 0.534
  },
  "54": {
    "cen_loss": 1.7214491925239563,
    "cen_accuracy": 0.5333
  },
  "55": {
    "cen_loss": 1.6869372092723847,
    "cen_accuracy": 0.5452
  },
  "56": {
    "cen_loss": 1.7126741375923156,
    "cen_accuracy": 0.5394
  },
  "57": {
    "cen_loss": 1.6880133527755736,
    "cen_accuracy": 0.5411
  },
  "58": {
    "cen_loss": 1.7106541246414184,
    "cen_accuracy": 0.5423
  },
  "59": {
    "cen_loss": 1.6603159029960632,
    "cen_accuracy": 0.5506
  },
  "60": {
    "cen_loss": 1.6603159149169922,
    "cen_accuracy": 0.5506
  },
  "61": {
    "cen_loss": 1.665429193019867,
    "cen_accuracy": 0.5466
  },
  "62": {
    "cen_loss": 1.7920589710235595,
    "cen_accuracy": 0.538
  },
  "63": {
    "cen_loss": 1.7647090162277221,
    "cen_accuracy": 0.5393
  },
  "64": {
    "cen_loss": 1.7633843423843383,
    "cen_accuracy": 0.5495
  },
  "65": {
    "cen_loss": 1.6908992581844329,
    "cen_accuracy": 0.5424
  },
  "66": {
    "cen_loss": 1.7495570039749146,
    "cen_accuracy": 0.5493
  },
  "67": {
    "cen_loss": 1.8129927162647248,
    "cen_accuracy": 0.5354
  },
  "68": {
    "cen_loss": 1.7196126056671142,
    "cen_accuracy": 0.5531
  },
  "69": {
    "cen_loss": 1.6974492961883545,
    "cen_accuracy": 0.5473
  },
  "70": {
    "cen_loss": 1.6974492875099183,
    "cen_accuracy": 0.5473
  },
  "71": {
    "cen_loss": 1.7765349877357484,
    "cen_accuracy": 0.5411
  },
  "72": {
    "cen_loss": 1.6751498425483704,
    "cen_accuracy": 0.5503
  },
  "73": {
    "cen_loss": 1.6828851981163024,
    "cen_accuracy": 0.5524
  },
  "74": {
    "cen_loss": 1.7490487517356872,
    "cen_accuracy": 0.5516
  },
  "75": {
    "cen_loss": 1.735510931301117,
    "cen_accuracy": 0.5451
  },
  "76": {
    "cen_loss": 1.6945060113430024,
    "cen_accuracy": 0.5514
  },
  "77": {
    "cen_loss": 1.6824025336265565,
    "cen_accuracy": 0.5518
  },
  "78": {
    "cen_loss": 1.7270060091018677,
    "cen_accuracy": 0.5546
  },
  "79": {
    "cen_loss": 1.733974443435669,
    "cen_accuracy": 0.5465
  },
  "80": {
    "cen_loss": 1.7339744485855102,
    "cen_accuracy": 0.5465
  },
  "81": {
    "cen_loss": 1.744192684841156,
    "cen_accuracy": 0.5461
  },
  "82": {
    "cen_loss": 1.6803548543930054,
    "cen_accuracy": 0.5547
  },
  "83": {
    "cen_loss": 1.748590895843506,
    "cen_accuracy": 0.5397
  },
  "84": {
    "cen_loss": 1.747195323419571,
    "cen_accuracy": 0.5536
  },
  "85": {
    "cen_loss": 1.7611745573043822,
    "cen_accuracy": 0.5519
  },
  "86": {
    "cen_loss": 1.721140157699585,
    "cen_accuracy": 0.5556
  },
  "87": {
    "cen_loss": 1.6553250403404236,
    "cen_accuracy": 0.5487
  },
  "88": {
    "cen_loss": 1.7514856848716736,
    "cen_accuracy": 0.5433
  },
  "89": {
    "cen_loss": 1.7392137246131898,
    "cen_accuracy": 0.56
  },
  "90": {
    "cen_loss": 1.7392137177467346,
    "cen_accuracy": 0.56
  },
  "91": {
    "cen_loss": 1.8217460683345794,
    "cen_accuracy": 0.5523
  },
  "92": {
    "cen_loss": 1.7142187213420867,
    "cen_accuracy": 0.5575
  },
  "93": {
    "cen_loss": 1.715044508767128,
    "cen_accuracy": 0.5547
  },
  "94": {
    "cen_loss": 1.6748083946228027,
    "cen_accuracy": 0.5655
  },
  "95": {
    "cen_loss": 1.7037352870941163,
    "cen_accuracy": 0.5534
  },
  "96": {
    "cen_loss": 1.7890039202690124,
    "cen_accuracy": 0.5461
  },
  "97": {
    "cen_loss": 1.831836941576004,
    "cen_accuracy": 0.544
  },
  "98": {
    "cen_loss": 1.703303826522827,
    "cen_accuracy": 0.5592
  },
  "99": {
    "cen_loss": 1.7338515292167664,
    "cen_accuracy": 0.5587
  },
  "100": {
    "cen_loss": 1.7338515449523926,
    "cen_accuracy": 0.5587
  },
  "101": {
    "cen_loss": 1.647713252067566,
    "cen_accuracy": 0.5558
  }
}