{
  "0": {
    "cen_loss": 2.3027744300842286,
    "cen_accuracy": 0.1
  },
  "1": {
    "cen_loss": 2.3027744300842286,
    "cen_accuracy": 0.1
  },
  "2": {
    "cen_loss": 4.508933441925048,
    "cen_accuracy": 0.1
  },
  "3": {
    "cen_loss": 3.78063332862854,
    "cen_accuracy": 0.1
  },
  "4": {
    "cen_loss": 3.629827791213989,
    "cen_accuracy": 0.1
  },
  "5": {
    "cen_loss": 4.512325449752808,
    "cen_accuracy": 0.1632
  },
  "6": {
    "cen_loss": 3.892882601547241,
    "cen_accuracy": 0.1207
  },
  "7": {
    "cen_loss": 2.5201099546432495,
    "cen_accuracy": 0.2467
  },
  "8": {
    "cen_loss": 2.402744562149048,
    "cen_accuracy": 0.2967
  },
  "9": {
    "cen_loss": 3.6026847074508668,
    "cen_accuracy": 0.2934
  },
  "10": {
    "cen_loss": 3.628173683929443,
    "cen_accuracy": 0.2644
  },
  "11": {
    "cen_loss": 4.364982256126404,
    "cen_accuracy": 0.2335
  },
  "12": {
    "cen_loss": 4.212291126632691,
    "cen_accuracy": 0.2604
  },
  "13": {
    "cen_loss": 3.4203781452178954,
    "cen_accuracy": 0.2591
  },
  "14": {
    "cen_loss": 2.3434928913116453,
    "cen_accuracy": 0.349
  },
  "15": {
    "cen_loss": 1.9516350736618042,
    "cen_accuracy": 0.3694
  },
  "16": {
    "cen_loss": 2.7181311254501344,
    "cen_accuracy": 0.3418
  },
  "17": {
    "cen_loss": 2.53813412437439,
    "cen_accuracy": 0.3788
  },
  "18": {
    "cen_loss": 2.65489003944397,
    "cen_accuracy": 0.3535
  },
  "19": {
    "cen_loss": 2.0470857867240904,
    "cen_accuracy": 0.413
  },
  "20": {
    "cen_loss": 2.124774263191223,
    "cen_accuracy": 0.4138
  },
  "21": {
    "cen_loss": 2.226132142162323,
    "cen_accuracy": 0.3533
  },
  "22": {
    "cen_loss": 4.314216729736328,
    "cen_accuracy": 0.3301
  },
  "23": {
    "cen_loss": 2.5214018939971923,
    "cen_accuracy": 0.3383
  },
  "24": {
    "cen_loss": 4.102911263084412,
    "cen_accuracy": 0.2592
  },
  "25": {
    "cen_loss": 3.3875849252700805,
    "cen_accuracy": 0.2214
  },
  "26": {
    "cen_loss": 2.1504115340232848,
    "cen_accuracy": 0.4084
  },
  "27": {
    "cen_loss": 1.0761629414558411,
    "cen_accuracy": 0.6185
  },
  "28": {
    "cen_loss": 1.1601788166046143,
    "cen_accuracy": 0.5932
  },
  "29": {
    "cen_loss": 1.4985919474601745,
    "cen_accuracy": 0.5249
  },
  "30": {
    "cen_loss": 1.4972723373413086,
    "cen_accuracy": 0.5459
  },
  "31": {
    "cen_loss": 1.1738421954631806,
    "cen_accuracy": 0.6035
  },
  "32": {
    "cen_loss": 1.420985777759552,
    "cen_accuracy": 0.5759
  },
  "33": {
    "cen_loss": 1.0817275929927825,
    "cen_accuracy": 0.6248
  },
  "34": {
    "cen_loss": 1.1278729025363923,
    "cen_accuracy": 0.6109
  },
  "35": {
    "cen_loss": 1.0791293548107148,
    "cen_accuracy": 0.6242
  },
  "36": {
    "cen_loss": 1.1203251914978027,
    "cen_accuracy": 0.6196
  },
  "37": {
    "cen_loss": 1.245009850692749,
    "cen_accuracy": 0.6072
  },
  "38": {
    "cen_loss": 1.222440210723877,
    "cen_accuracy": 0.607
  },
  "39": {
    "cen_loss": 0.9936628122806549,
    "cen_accuracy": 0.6497
  },
  "40": {
    "cen_loss": 1.2069569452285767,
    "cen_accuracy": 0.5967
  },
  "41": {
    "cen_loss": 1.5078514414787292,
    "cen_accuracy": 0.5518
  },
  "42": {
    "cen_loss": 1.1512734520435333,
    "cen_accuracy": 0.619
  },
  "43": {
    "cen_loss": 1.2453127189159394,
    "cen_accuracy": 0.5789
  },
  "44": {
    "cen_loss": 1.2729038857460022,
    "cen_accuracy": 0.5924
  },
  "45": {
    "cen_loss": 0.9693803614139557,
    "cen_accuracy": 0.6581
  },
  "46": {
    "cen_loss": 1.0970572786331176,
    "cen_accuracy": 0.6448
  },
  "47": {
    "cen_loss": 0.8957102587938309,
    "cen_accuracy": 0.6852
  },
  "48": {
    "cen_loss": 1.0404167167901992,
    "cen_accuracy": 0.6698
  },
  "49": {
    "cen_loss": 0.9857563510417938,
    "cen_accuracy": 0.6555
  },
  "50": {
    "cen_loss": 0.9768902275562287,
    "cen_accuracy": 0.665
  },
  "51": {
    "cen_loss": 1.4094393477916718,
    "cen_accuracy": 0.5592
  }
}