{
  "2": {
    "total_mJ": 1028165964.9658359,
    "total_ceq": 108.78958425958491,
    "num_expired_thresh": 0,
    "num_depleted": 0,
    "num_transmited_bytes": 429442944
  },
  "3": {
    "total_mJ": 1660915624.3464184,
    "total_ceq": 175.5686141286163,
    "num_expired_thresh": 0,
    "num_depleted": 0,
    "num_transmited_bytes": 429442944
  },
  "4": {
    "total_mJ": 1665598836.5761518,
    "total_ceq": 176.22905957714332,
    "num_expired_thresh": 0,
    "num_depleted": 0,
    "num_transmited_bytes": 429442944
  },
  "5": {
    "total_mJ": 2042042026.4475353,
    "total_ceq": 217.1532222419231,
    "num_expired_thresh": 0,
    "num_depleted": 0,
    "num_transmited_bytes": 429442944
  },
  "6": {
    "total_mJ": 1955966933.6316981,
    "total_ceq": 207.459512994574,
    "num_expired_thresh": 0,
    "num_depleted": 0,
    "num_transmited_bytes": 429442944
  },
  "7": {
    "total_mJ": 1869528711.0318153,
    "total_ceq": 198.6806172862678,
    "num_expired_thresh": 0,
    "num_depleted": 0,
    "num_transmited_bytes": 429442944
  },
  "8": {
    "total_mJ": 1674285512.877237,
    "total_ceq": 177.5061238405623,
    "num_expired_thresh": 0,
    "num_depleted": 0,
    "num_transmited_bytes": 429442944
  },
  "9": {
    "total_mJ": 762014200.807506,
    "total_ceq": 80.2663187579877,
    "num_expired_thresh": 0,
    "num_depleted": 0,
    "num_transmited_bytes": 429442944
  },
  "10": {
    "total_mJ": 1038720929.1898866,
    "total_ceq": 110.44928738987896,
    "num_expired_thresh": 0,
    "num_depleted": 0,
    "num_transmited_bytes": 429442944
  },
  "11": {
    "total_mJ": 2686398975.1065965,
    "total_ceq": 285.27545578314056,
    "num_expired_thresh": 0,
    "num_depleted": 0,
    "num_transmited_bytes": 429442944
  },
  "12": {
    "total_mJ": 1675096398.3319457,
    "total_ceq": 176.72339703659313,
    "num_expired_thresh": 0,
    "num_depleted": 0,
    "num_transmited_bytes": 429442944
  },
  "13": {
    "total_mJ": 1403135776.490055,
    "total_ceq": 148.2262409416949,
    "num_expired_thresh": 0,
    "num_depleted": 0,
    "num_transmited_bytes": 429442944
  },
  "14": {
    "total_mJ": 324017694.8826705,
    "total_ceq": 34.471929277082175,
    "num_expired_thresh": 0,
    "num_depleted": 0,
    "num_transmited_bytes": 429442944
  },
  "15": {
    "total_mJ": 1950355471.4503279,
    "total_ceq": 206.53489948788993,
    "num_expired_thresh": 0,
    "num_depleted": 0,
    "num_transmited_bytes": 429442944
  },
  "16": {
    "total_mJ": 1204324914.0164485,
    "total_ceq": 128.13726677492593,
    "num_expired_thresh": 0,
    "num_depleted": 0,
    "num_transmited_bytes": 429442944
  },
  "17": {
    "total_mJ": 511511805.5353529,
    "total_ceq": 54.34624713511799,
    "num_expired_thresh": 0,
    "num_depleted": 0,
    "num_transmited_bytes": 429442944
  },
  "18": {
    "total_mJ": 1077218556.3674614,
    "total_ceq": 114.04907566573857,
    "num_expired_thresh": 0,
    "num_depleted": 0,
    "num_transmited_bytes": 429442944
  },
  "19": {
    "total_mJ": 641636365.8560578,
    "total_ceq": 68.53302248868692,
    "num_expired_thresh": 0,
    "num_depleted": 0,
    "num_transmited_bytes": 429442944
  },
  "20": {
    "total_mJ": 783938160.0864669,
    "total_ceq": 82.79047804669348,
    "num_expired_thresh": 0,
    "num_depleted": 0,
    "num_transmited_bytes": 429442944
  },
  "21": {
    "total_mJ": 1101362742.284065,
    "total_ceq": 115.81272904283871,
    "num_expired_thresh": 0,
    "num_depleted": 0,
    "num_transmited_bytes": 429442944
  },
  "22": {
    "total_mJ": 1681060078.5774863,
    "total_ceq": 178.4209440395179,
    "num_expired_thresh": 0,
    "num_depleted": 0,
    "num_transmited_bytes": 429442944
  },
  "23": {
    "total_mJ": 2677636346.8221927,
    "total_ceq": 284.42226782692745,
    "num_expired_thresh": 0,
    "num_depleted": 0,
    "num_transmited_bytes": 429442944
  },
  "24": {
    "total_mJ": 1199063215.56499,
    "total_ceq": 127.98083026913886,
    "num_expired_thresh": 0,
    "num_depleted": 0,
    "num_transmited_bytes": 429442944
  },
  "25": {
    "total_mJ": 1048603853.9085681,
    "total_ceq": 111.34451391128522,
    "num_expired_thresh": 0,
    "num_depleted": 0,
    "num_transmited_bytes": 429442944
  },
  "26": {
    "total_mJ": 1675378346.8063593,
    "total_ceq": 176.6312746618182,
    "num_expired_thresh": 0,
    "num_depleted": 0,
    "num_transmited_bytes": 429442944
  },
  "27": {
    "total_mJ": 1774870888.2493577,
    "total_ceq": 188.8958865075292,
    "num_expired_thresh": 0,
    "num_depleted": 0,
    "num_transmited_bytes": 1503050304
  },
  "28": {
    "total_mJ": 2183075473.088084,
    "total_ceq": 233.56527288242,
    "num_expired_thresh": 0,
    "num_depleted": 0,
    "num_transmited_bytes": 1503050304
  },
  "29": {
    "total_mJ": 1969147997.3191621,
    "total_ceq": 208.6693604720654,
    "num_expired_thresh": 0,
    "num_depleted": 0,
    "num_transmited_bytes": 1503050304
  },
  "30": {
    "total_mJ": 1728822124.7202623,
    "total_ceq": 183.73637020337256,
    "num_expired_thresh": 0,
    "num_depleted": 0,
    "num_transmited_bytes": 1503050304
  },
  "31": {
    "total_mJ": 2006777011.9457977,
    "total_ceq": 214.6302351631832,
    "num_expired_thresh": 0,
    "num_depleted": 0,
    "num_transmited_bytes": 1503050304
  },
  "32": {
    "total_mJ": 2186634757.0331793,
    "total_ceq": 232.9724313660218,
    "num_expired_thresh": 0,
    "num_depleted": 0,
    "num_transmited_bytes": 1503050304
  },
  "33": {
    "total_mJ": 1454792938.681279,
    "total_ceq": 156.54551758863713,
    "num_expired_thresh": 0,
    "num_depleted": 0,
    "num_transmited_bytes": 1503050304
  },
  "34": {
    "total_mJ": 1946486342.586368,
    "total_ceq": 208.63545070276393,
    "num_expired_thresh": 0,
    "num_depleted": 0,
    "num_transmited_bytes": 1503050304
  },
  "35": {
    "total_mJ": 2776313571.79811,
    "total_ceq": 295.85707847945844,
    "num_expired_thresh": 0,
    "num_depleted": 0,
    "num_transmited_bytes": 1503050304
  },
  "36": {
    "total_mJ": 2750361343.162129,
    "total_ceq": 292.44898484474635,
    "num_expired_thresh": 0,
    "num_depleted": 0,
    "num_transmited_bytes": 1503050304
  },
  "37": {
    "total_mJ": 2137931649.5045636,
    "total_ceq": 228.904890003867,
    "num_expired_thresh": 0,
    "num_depleted": 0,
    "num_transmited_bytes": 1503050304
  },
  "38": {
    "total_mJ": 1994318201.0347881,
    "total_ceq": 213.82395930263291,
    "num_expired_thresh": 0,
    "num_depleted": 0,
    "num_transmited_bytes": 1503050304
  },
  "39": {
    "total_mJ": 2041454396.3443916,
    "total_ceq": 215.12755577331976,
    "num_expired_thresh": 0,
    "num_depleted": 0,
    "num_transmited_bytes": 1503050304
  },
  "40": {
    "total_mJ": 2775614241.151017,
    "total_ceq": 296.19042766486194,
    "num_expired_thresh": 0,
    "num_depleted": 0,
    "num_transmited_bytes": 1503050304
  },
  "41": {
    "total_mJ": 2808299058.0317974,
    "total_ceq": 301.8482077928979,
    "num_expired_thresh": 0,
    "num_depleted": 0,
    "num_transmited_bytes": 1503050304
  },
  "42": {
    "total_mJ": 2803060347.4159255,
    "total_ceq": 298.7416738399832,
    "num_expired_thresh": 0,
    "num_depleted": 0,
    "num_transmited_bytes": 1503050304
  },
  "43": {
    "total_mJ": 2018795196.530623,
    "total_ceq": 215.20723102367361,
    "num_expired_thresh": 0,
    "num_depleted": 0,
    "num_transmited_bytes": 1503050304
  },
  "44": {
    "total_mJ": 1983981309.6654382,
    "total_ceq": 212.52132071706185,
    "num_expired_thresh": 0,
    "num_depleted": 0,
    "num_transmited_bytes": 1503050304
  },
  "45": {
    "total_mJ": 2052928532.9743447,
    "total_ceq": 218.12310734334486,
    "num_expired_thresh": 0,
    "num_depleted": 0,
    "num_transmited_bytes": 1503050304
  },
  "46": {
    "total_mJ": 1798574545.8668947,
    "total_ceq": 193.51421077018583,
    "num_expired_thresh": 0,
    "num_depleted": 0,
    "num_transmited_bytes": 1503050304
  },