{
  "0": {
    "cen_loss": 2.303392876815796,
    "cen_accuracy": 0.1
  },
  "1": {
    "cen_loss": 2.303392876815796,
    "cen_accuracy": 0.1
  },
  "2": {
    "cen_loss": 2.1757122175216677,
    "cen_accuracy": 0.1919
  },
  "3": {
    "cen_loss": 1.8043991706848144,
    "cen_accuracy": 0.3306
  },
  "4": {
    "cen_loss": 1.7032028645515442,
    "cen_accuracy": 0.3988
  },
  "5": {
    "cen_loss": 1.7864836786270142,
    "cen_accuracy": 0.4172
  },
  "6": {
    "cen_loss": 1.608729772567749,
    "cen_accuracy": 0.4317
  },
  "7": {
    "cen_loss": 1.7367973489761352,
    "cen_accuracy": 0.4254
  },
  "8": {
    "cen_loss": 2.08676371717453,
    "cen_accuracy": 0.3814
  },
  "9": {
    "cen_loss": 1.6452360094070435,
    "cen_accuracy": 0.4499
  },
  "10": {
    "cen_loss": 1.6445803453445436,
    "cen_accuracy": 0.4501
  },
  "11": {
    "cen_loss": 1.7002286713600159,
    "cen_accuracy": 0.4582
  },
  "12": {
    "cen_loss": 1.781491729927063,
    "cen_accuracy": 0.4188
  },
  "13": {
    "cen_loss": 1.6438857811927796,
    "cen_accuracy": 0.4611
  },
  "14": {
    "cen_loss": 1.6579699244976043,
    "cen_accuracy": 0.4769
  },
  "15": {
    "cen_loss": 1.7956011501312257,
    "cen_accuracy": 0.4529
  },
  "16": {
    "cen_loss": 1.747955456829071,
    "cen_accuracy": 0.4646
  },
  "17": {
    "cen_loss": 1.8405342603683472,
    "cen_accuracy": 0.4599
  },
  "18": {
    "cen_loss": 1.7913497725486756,
    "cen_accuracy": 0.4686
  },
  "19": {
    "cen_loss": 1.776794733428955,
    "cen_accuracy": 0.4658
  },
  "20": {
    "cen_loss": 1.7767947196006775,
    "cen_accuracy": 0.4658
  },
  "21": {
    "cen_loss": 1.756406467819214,
    "cen_accuracy": 0.4625
  },
  "22": {
    "cen_loss": 1.699473033809662,
    "cen_accuracy": 0.4877
  },
  "23": {
    "cen_loss": 1.801506472969055,
    "cen_accuracy": 0.4766
  },
  "24": {
    "cen_loss": 1.655966568517685,
    "cen_accuracy": 0.4786
  },
  "25": {
    "cen_loss": 1.6472408081054688,
    "cen_accuracy": 0.4983
  },
  "26": {
    "cen_loss": 1.7777127616882324,
    "cen_accuracy": 0.4871
  },
  "27": {
    "cen_loss": 1.8048893138885498,
    "cen_accuracy": 0.4937
  },
  "28": {
    "cen_loss": 1.9017517333984375,
    "cen_accuracy": 0.4709
  },
  "29": {
    "cen_loss": 1.6966251806259156,
    "cen_accuracy": 0.4858
  },
  "30": {
    "cen_loss": 1.6966251815795899,
    "cen_accuracy": 0.4858
  },
  "31": {
    "cen_loss": 1.6275728462696075,
    "cen_accuracy": 0.505
  },
  "32": {
    "cen_loss": 1.7627481444358826,
    "cen_accuracy": 0.4955
  },
  "33": {
    "cen_loss": 1.723575435256958,
    "cen_accuracy": 0.4882
  },
  "34": {
    "cen_loss": 1.8157275107383728,
    "cen_accuracy": 0.4956
  },
  "35": {
    "cen_loss": 1.7303611786842346,
    "cen_accuracy": 0.4842
  },
  "36": {
    "cen_loss": 1.940531730747223,
    "cen_accuracy": 0.4511
  },
  "37": {
    "cen_loss": 1.7788166800498963,
    "cen_accuracy": 0.4923
  },
  "38": {
    "cen_loss": 1.7223787398338317,
    "cen_accuracy": 0.4955
  },
  "39": {
    "cen_loss": 1.8377613955497742,
    "cen_accuracy": 0.4939
  },
  "40": {
    "cen_loss": 1.837761379146576,
    "cen_accuracy": 0.4939
  },
  "41": {
    "cen_loss": 1.8661618836402893,
    "cen_accuracy": 0.4796
  },
  "42": {
    "cen_loss": 1.5600528985977173,
    "cen_accuracy": 0.5281
  },
  "43": {
    "cen_loss": 1.7046465241909028,
    "cen_accuracy": 0.5189
  },
  "44": {
    "cen_loss": 1.6825814606904983,
    "cen_accuracy": 0.5176
  },
  "45": {
    "cen_loss": 1.7073270511627197,
    "cen_accuracy": 0.507
  },
  "46": {
    "cen_loss": 1.890628525352478,
    "cen_accuracy": 0.4845
  },
  "47": {
    "cen_loss": 1.7481284549713134,
    "cen_accuracy": 0.5009
  },
  "48": {
    "cen_loss": 1.6942308857917785,
    "cen_accuracy": 0.5094
  },
  "49": {
    "cen_loss": 1.6841697194099425,
    "cen_accuracy": 0.5101
  },
  "50": {
    "cen_loss": 1.6841697081565856,
    "cen_accuracy": 0.5101
  },
  "51": {
    "cen_loss": 1.9621967126846314,
    "cen_accuracy": 0.4955
  },
  "52": {
    "cen_loss": 1.815693812084198,
    "cen_accuracy": 0.5121
  },
  "53": {
    "cen_loss": 1.6800384840488434,
    "cen_accuracy": 0.5188
  },
  "54": {
    "cen_loss": 1.8400203411102294,
    "cen_accuracy": 0.4993
  },
  "55": {
    "cen_loss": 1.7407952747821809,
    "cen_accuracy": 0.5165
  },
  "56": {
    "cen_loss": 1.6728842208862305,
    "cen_accuracy": 0.5241
  },
  "57": {
    "cen_loss": 1.8041839656352996,
    "cen_accuracy": 0.5203
  },
  "58": {
    "cen_loss": 1.7972499326705933,
    "cen_accuracy": 0.5012
  },
  "59": {
    "cen_loss": 1.5961963542938233,
    "cen_accuracy": 0.5288
  },
  "60": {
    "cen_loss": 1.596196323776245,
    "cen_accuracy": 0.5288
  },
  "61": {
    "cen_loss": 1.836396896457672,
    "cen_accuracy": 0.4945
  },
  "62": {
    "cen_loss": 1.561312663793564,
    "cen_accuracy": 0.536
  },
  "63": {
    "cen_loss": 1.7448280451774598,
    "cen_accuracy": 0.5089
  },
  "64": {
    "cen_loss": 1.7226903128147126,
    "cen_accuracy": 0.5311
  },
  "65": {
    "cen_loss": 1.8593454937458038,
    "cen_accuracy": 0.5041
  },
  "66": {
    "cen_loss": 1.807706348991394,
    "cen_accuracy": 0.5177
  },
  "67": {
    "cen_loss": 1.9825540195465088,
    "cen_accuracy": 0.5028
  },
  "68": {
    "cen_loss": 1.690074659061432,
    "cen_accuracy": 0.5257
  },
  "69": {
    "cen_loss": 1.8989463588237763,
    "cen_accuracy": 0.5075
  },
  "70": {
    "cen_loss": 1.898946369934082,
    "cen_accuracy": 0.5075
  },
  "71": {
    "cen_loss": 1.9716159136772156,
    "cen_accuracy": 0.5018
  },
  "72": {
    "cen_loss": 1.634100874376297,
    "cen_accuracy": 0.5194
  },
  "73": {
    "cen_loss": 1.6910665041923523,
    "cen_accuracy": 0.5141
  },
  "74": {
    "cen_loss": 1.712318433380127,
    "cen_accuracy": 0.5323
  },
  "75": {
    "cen_loss": 1.8347644549369813,
    "cen_accuracy": 0.5237
  },
  "76": {
    "cen_loss": 1.8531869976997375,
    "cen_accuracy": 0.5291
  },
  "77": {
    "cen_loss": 1.9616865171432496,
    "cen_accuracy": 0.4919
  },
  "78": {
    "cen_loss": 1.849464660167694,
    "cen_accuracy": 0.5079
  },
  "79": {
    "cen_loss": 1.700760492706299,
    "cen_accuracy": 0.5178
  },
  "80": {
    "cen_loss": 1.7007605182647705,
    "cen_accuracy": 0.5178
  },
  "81": {
    "cen_loss": 1.7743253999710082,
    "cen_accuracy": 0.4963
  },
  "82": {
    "cen_loss": 1.8000986703395843,
    "cen_accuracy": 0.5315
  },
  "83": {
    "cen_loss": 1.7472186055660248,
    "cen_accuracy": 0.5256
  },
  "84": {
    "cen_loss": 1.7265162679195405,
    "cen_accuracy": 0.52
  },
  "85": {
    "cen_loss": 1.90675576505661,
    "cen_accuracy": 0.4956
  },
  "86": {
    "cen_loss": 1.838719049167633,
    "cen_accuracy": 0.4995
  },
  "87": {
    "cen_loss": 1.6957191645622254,
    "cen_accuracy": 0.5038
  },
  "88": {
    "cen_loss": 1.684615584897995,
    "cen_accuracy": 0.5384
  },
  "89": {
    "cen_loss": 1.6953671357154847,
    "cen_accuracy": 0.5279
  },
  "90": {
    "cen_loss": 1.6953671317100525,
    "cen_accuracy": 0.5279
  },
  "91": {
    "cen_loss": 1.7777164989471435,
    "cen_accuracy": 0.5285
  },
  "92": {
    "cen_loss": 1.6599748298168182,
    "cen_accuracy": 0.5388
  },
  "93": {
    "cen_loss": 1.8375370870113372,
    "cen_accuracy": 0.5072
  },
  "94": {
    "cen_loss": 1.80788097987175,
    "cen_accuracy": 0.5067
  },
  "95": {
    "cen_loss": 1.914706640625,
    "cen_accuracy": 0.5139
  },
  "96": {
    "cen_loss": 1.917898769044876,
    "cen_accuracy": 0.505
  },
  "97": {
    "cen_loss": 1.8604371794700623,
    "cen_accuracy": 0.5178
  },
  "98": {
    "cen_loss": 1.752263888835907,
    "cen_accuracy": 0.523
  },
  "99": {
    "cen_loss": 1.8515610585212707,
    "cen_accuracy": 0.5058
  },
  "100": {
    "cen_loss": 1.8515610533714295,
    "cen_accuracy": 0.5058
  },
  "101": {
    "cen_loss": 1.7281288794994354,
    "cen_accuracy": 0.524
  }
}