{
  "0": {
    "cen_loss": 2.3027744300842286,
    "cen_accuracy": 0.1
  },
  "1": {
    "cen_loss": 2.3027744300842286,
    "cen_accuracy": 0.1
  },
  "2": {
    "cen_loss": 3.0778531993865967,
    "cen_accuracy": 0.0995
  },
  "3": {
    "cen_loss": 6.927062364196777,
    "cen_accuracy": 0.1
  },
  "4": {
    "cen_loss": 6.100185860443116,
    "cen_accuracy": 0.1
  },
  "5": {
    "cen_loss": 6.628914325714112,
    "cen_accuracy": 0.1123
  },
  "6": {
    "cen_loss": 4.909535189056396,
    "cen_accuracy": 0.1
  },
  "7": {
    "cen_loss": 5.026631219100953,
    "cen_accuracy": 0.1
  },
  "8": {
    "cen_loss": 5.799786135482788,
    "cen_accuracy": 0.1
  },
  "9": {
    "cen_loss": 5.62271594543457,
    "cen_accuracy": 0.1006
  },
  "10": {
    "cen_loss": 5.097060722732544,
    "cen_accuracy": 0.1023
  },
  "11": {
    "cen_loss": 4.916558753204345,
    "cen_accuracy": 0.1048
  },
  "12": {
    "cen_loss": 3.609216624069214,
    "cen_accuracy": 0.1515
  },
  "13": {
    "cen_loss": 3.550676887512207,
    "cen_accuracy": 0.1773
  },
  "14": {
    "cen_loss": 2.869755113220215,
    "cen_accuracy": 0.2257
  },
  "15": {
    "cen_loss": 1.7763276648521424,
    "cen_accuracy": 0.4257
  },
  "16": {
    "cen_loss": 1.7314817225456238,
    "cen_accuracy": 0.4264
  },
  "17": {
    "cen_loss": 1.6920974954605104,
    "cen_accuracy": 0.4469
  },
  "18": {
    "cen_loss": 1.4742678267478944,
    "cen_accuracy": 0.5103
  },
  "19": {
    "cen_loss": 1.305812524986267,
    "cen_accuracy": 0.5554
  },
  "20": {
    "cen_loss": 1.4035954297065736,
    "cen_accuracy": 0.5368
  },
  "21": {
    "cen_loss": 1.2161536782741547,
    "cen_accuracy": 0.5992
  },
  "22": {
    "cen_loss": 1.1611331804275513,
    "cen_accuracy": 0.6115
  },
  "23": {
    "cen_loss": 1.1661759621143342,
    "cen_accuracy": 0.6134
  },
  "24": {
    "cen_loss": 1.0938793691158295,
    "cen_accuracy": 0.6379
  },
  "25": {
    "cen_loss": 1.1025360647678375,
    "cen_accuracy": 0.6369
  },
  "26": {
    "cen_loss": 1.0485619808197022,
    "cen_accuracy": 0.6542
  },
  "27": {
    "cen_loss": 1.059734223151207,
    "cen_accuracy": 0.6551
  },
  "28": {
    "cen_loss": 1.0477826268672943,
    "cen_accuracy": 0.6601
  },
  "29": {
    "cen_loss": 1.0040309396982192,
    "cen_accuracy": 0.6743
  },
  "30": {
    "cen_loss": 0.9885289660692215,
    "cen_accuracy": 0.6819
  },
  "31": {
    "cen_loss": 0.991199597287178,
    "cen_accuracy": 0.6824
  },
  "32": {
    "cen_loss": 0.979187011885643,
    "cen_accuracy": 0.6867
  },
  "33": {
    "cen_loss": 0.9696372492074966,
    "cen_accuracy": 0.6864
  },
  "34": {
    "cen_loss": 1.0366295512199402,
    "cen_accuracy": 0.6775
  },
  "35": {
    "cen_loss": 0.9320831568002701,
    "cen_accuracy": 0.7009
  },
  "36": {
    "cen_loss": 0.8921988332033157,
    "cen_accuracy": 0.713
  },
  "37": {
    "cen_loss": 0.9045708270549774,
    "cen_accuracy": 0.712
  },
  "38": {
    "cen_loss": 0.8858852674245834,
    "cen_accuracy": 0.7216
  },
  "39": {
    "cen_loss": 0.9173813055038452,
    "cen_accuracy": 0.7101
  },
  "40": {
    "cen_loss": 0.9026138220667839,
    "cen_accuracy": 0.7201
  },
  "41": {
    "cen_loss": 0.8888013808965683,
    "cen_accuracy": 0.7223
  },
  "42": {
    "cen_loss": 0.8554968079805374,
    "cen_accuracy": 0.7356
  },
  "43": {
    "cen_loss": 0.8919650952100754,
    "cen_accuracy": 0.725
  },
  "44": {
    "cen_loss": 0.8529169144868851,
    "cen_accuracy": 0.7294
  },
  "45": {
    "cen_loss": 0.8832058161139488,
    "cen_accuracy": 0.7281
  },
  "46": {
    "cen_loss": 0.8357743560314178,
    "cen_accuracy": 0.7373
  },
  "47": {
    "cen_loss": 0.8523077664136887,
    "cen_accuracy": 0.7376
  },
  "48": {
    "cen_loss": 0.8654491990566253,
    "cen_accuracy": 0.7341
  },
  "49": {
    "cen_loss": 0.8204681886315346,
    "cen_accuracy": 0.7438
  },
  "50": {
    "cen_loss": 0.8510602009296417,
    "cen_accuracy": 0.7335
  },
  "51": {
    "cen_loss": 0.8394436465620995,
    "cen_accuracy": 0.7381
  },
  "52": {
    "cen_loss": 0.8936682618737221,
    "cen_accuracy": 0.7296
  },
  "53": {
    "cen_loss": 1.0099365379095078,
    "cen_accuracy": 0.692
  },
  "54": {
    "cen_loss": 0.9018922399282455,
    "cen_accuracy": 0.7216
  },
  "55": {
    "cen_loss": 0.8773329119443893,
    "cen_accuracy": 0.7357
  },
  "56": {
    "cen_loss": 0.8709644809007645,
    "cen_accuracy": 0.7317
  },
  "57": {
    "cen_loss": 0.8754695575714111,
    "cen_accuracy": 0.7331
  },
  "58": {
    "cen_loss": 0.8656890939474106,
    "cen_accuracy": 0.729
  },
  "59": {
    "cen_loss": 0.8677027800559998,
    "cen_accuracy": 0.7363
  },
  "60": {
    "cen_loss": 0.8684370395421982,
    "cen_accuracy": 0.7361
  },
  "61": {
    "cen_loss": 0.8406327811181545,
    "cen_accuracy": 0.7432
  },
  "62": {
    "cen_loss": 0.8689045522212983,
    "cen_accuracy": 0.7375
  },
  "63": {
    "cen_loss": 0.8864725212335587,
    "cen_accuracy": 0.7387
  },
  "64": {
    "cen_loss": 0.8499210712432861,
    "cen_accuracy": 0.7484
  },
  "65": {
    "cen_loss": 0.8751335296869278,
    "cen_accuracy": 0.7408
  },
  "66": {
    "cen_loss": 0.818457835829258,
    "cen_accuracy": 0.7571
  },
  "67": {
    "cen_loss": 0.8157115878105163,
    "cen_accuracy": 0.7551
  },
  "68": {
    "cen_loss": 0.8628512602329255,
    "cen_accuracy": 0.7504
  },
  "69": {
    "cen_loss": 0.8981896175980568,
    "cen_accuracy": 0.7304
  },
  "70": {
    "cen_loss": 0.7954750623226166,
    "cen_accuracy": 0.754
  },
  "71": {
    "cen_loss": 0.8339164379119873,
    "cen_accuracy": 0.747
  },
  "72": {
    "cen_loss": 0.8034652739048004,
    "cen_accuracy": 0.7586
  },
  "73": {
    "cen_loss": 0.837571562230587,
    "cen_accuracy": 0.7507
  },
  "74": {
    "cen_loss": 0.8724640788435936,
    "cen_accuracy": 0.7438
  },
  "75": {
    "cen_loss": 0.8413516115307808,
    "cen_accuracy": 0.7515
  },
  "76": {
    "cen_loss": 0.8588141640424728,
    "cen_accuracy": 0.7555
  },
  "77": {
    "cen_loss": 0.8013564411103725,
    "cen_accuracy": 0.7591
  },
  "78": {
    "cen_loss": 0.8427772357463836,
    "cen_accuracy": 0.7541
  },
  "79": {
    "cen_loss": 0.8213046533107757,
    "cen_accuracy": 0.753
  },
  "80": {
    "cen_loss": 0.7867000555515289,
    "cen_accuracy": 0.7651
  },
  "81": {
    "cen_loss": 0.8710374232053757,
    "cen_accuracy": 0.7439
  },
  "82": {
    "cen_loss": 0.7641760153949261,
    "cen_accuracy": 0.7659
  },
  "83": {
    "cen_loss": 0.7743169532865286,
    "cen_accuracy": 0.7688
  },
  "84": {
    "cen_loss": 0.7866792193233967,
    "cen_accuracy": 0.7623
  },
  "85": {
    "cen_loss": 0.8502418239891529,
    "cen_accuracy": 0.7561
  },
  "86": {
    "cen_loss": 0.8431838553190232,
    "cen_accuracy": 0.7512
  },
  "87": {
    "cen_loss": 0.8331363065779209,
    "cen_accuracy": 0.7581
  },
  "88": {
    "cen_loss": 0.8071054342508316,
    "cen_accuracy": 0.7625
  },
  "89": {
    "cen_loss": 0.8120075638771057,
    "cen_accuracy": 0.7649
  },
  "90": {
    "cen_loss": 0.8215013044476509,
    "cen_accuracy": 0.7606
  },
  "91": {
    "cen_loss": 0.7963473973512649,
    "cen_accuracy": 0.7684
  },
  "92": {
    "cen_loss": 0.8316327397108078,
    "cen_accuracy": 0.7631
  },
  "93": {
    "cen_loss": 0.789848596215248,
    "cen_accuracy": 0.7736
  },
  "94": {
    "cen_loss": 0.7831983700215817,
    "cen_accuracy": 0.7692
  },
  "95": {
    "cen_loss": 0.835659684252739,
    "cen_accuracy": 0.7588
  },
  "96": {
    "cen_loss": 0.7933389110028743,
    "cen_accuracy": 0.7701
  },
  "97": {
    "cen_loss": 0.7957579611182213,
    "cen_accuracy": 0.7715
  },
  "98": {
    "cen_loss": 0.7941900047302246,
    "cen_accuracy": 0.7713
  },
  "99": {
    "cen_loss": 0.8314092343568802,
    "cen_accuracy": 0.7643
  },
  "100": {
    "cen_loss": 0.7895351010322571,
    "cen_accuracy": 0.769
  },
  "101": {
    "cen_loss": 0.8148460835427046,
    "cen_accuracy": 0.7655
  }
}