{
  "0": {
    "cen_loss": 2.303392876815796,
    "cen_accuracy": 0.1
  },
  "1": {
    "cen_loss": 2.303392876815796,
    "cen_accuracy": 0.1
  },
  "2": {
    "cen_loss": 2.0469152835845947,
    "cen_accuracy": 0.2429
  },
  "3": {
    "cen_loss": 1.6817506413459777,
    "cen_accuracy": 0.386
  },
  "4": {
    "cen_loss": 1.6305214562416077,
    "cen_accuracy": 0.4244
  },
  "5": {
    "cen_loss": 1.568631546497345,
    "cen_accuracy": 0.4537
  },
  "6": {
    "cen_loss": 1.5544816863059998,
    "cen_accuracy": 0.4741
  },
  "7": {
    "cen_loss": 1.5899633994102478,
    "cen_accuracy": 0.4777
  },
  "8": {
    "cen_loss": 1.6375445261955262,
    "cen_accuracy": 0.4732
  },
  "9": {
    "cen_loss": 1.63249882106781,
    "cen_accuracy": 0.4775
  },
  "10": {
    "cen_loss": 1.6322686058998108,
    "cen_accuracy": 0.4774
  },
  "11": {
    "cen_loss": 1.634238186264038,
    "cen_accuracy": 0.4839
  },
  "12": {
    "cen_loss": 1.6017220358848572,
    "cen_accuracy": 0.4859
  },
  "13": {
    "cen_loss": 1.5978460988998413,
    "cen_accuracy": 0.493
  },
  "14": {
    "cen_loss": 1.599953931427002,
    "cen_accuracy": 0.5015
  },
  "15": {
    "cen_loss": 1.6022976908683777,
    "cen_accuracy": 0.5008
  },
  "16": {
    "cen_loss": 1.6311110730171203,
    "cen_accuracy": 0.5055
  },
  "17": {
    "cen_loss": 1.6014896394729614,
    "cen_accuracy": 0.5105
  },
  "18": {
    "cen_loss": 1.6373769045829774,
    "cen_accuracy": 0.521
  },
  "19": {
    "cen_loss": 1.6635296858787536,
    "cen_accuracy": 0.5147
  },
  "20": {
    "cen_loss": 1.6635297266960145,
    "cen_accuracy": 0.5147
  },
  "21": {
    "cen_loss": 1.6231168254852295,
    "cen_accuracy": 0.5067
  },
  "22": {
    "cen_loss": 1.6329218230247498,
    "cen_accuracy": 0.5281
  },
  "23": {
    "cen_loss": 1.6568241430282593,
    "cen_accuracy": 0.5187
  },
  "24": {
    "cen_loss": 1.6482203982830048,
    "cen_accuracy": 0.5176
  },
  "25": {
    "cen_loss": 1.6232158195495605,
    "cen_accuracy": 0.5289
  },
  "26": {
    "cen_loss": 1.5962628681182862,
    "cen_accuracy": 0.5422
  },
  "27": {
    "cen_loss": 1.6700489692687988,
    "cen_accuracy": 0.5248
  },
  "28": {
    "cen_loss": 1.628475179195404,
    "cen_accuracy": 0.5286
  },
  "29": {
    "cen_loss": 1.6356889338493348,
    "cen_accuracy": 0.5316
  },
  "30": {
    "cen_loss": 1.6356889596939086,
    "cen_accuracy": 0.5316
  },
  "31": {
    "cen_loss": 1.6352853107452392,
    "cen_accuracy": 0.5353
  },
  "32": {
    "cen_loss": 1.6421808467864991,
    "cen_accuracy": 0.5362
  },
  "33": {
    "cen_loss": 1.7026935596466064,
    "cen_accuracy": 0.53
  },
  "34": {
    "cen_loss": 1.606037745475769,
    "cen_accuracy": 0.5418
  },
  "35": {
    "cen_loss": 1.6185372879981994,
    "cen_accuracy": 0.5426
  },
  "36": {
    "cen_loss": 1.7089457049369812,
    "cen_accuracy": 0.537
  },
  "37": {
    "cen_loss": 1.6875258780002593,
    "cen_accuracy": 0.5348
  },
  "38": {
    "cen_loss": 1.6344008222579955,
    "cen_accuracy": 0.5418
  },
  "39": {
    "cen_loss": 1.6350404791355133,
    "cen_accuracy": 0.5415
  },
  "40": {
    "cen_loss": 1.6350404601097106,
    "cen_accuracy": 0.5415
  },
  "41": {
    "cen_loss": 1.6560129360198974,
    "cen_accuracy": 0.5421
  },
  "42": {
    "cen_loss": 1.651130179643631,
    "cen_accuracy": 0.546
  },
  "43": {
    "cen_loss": 1.6258051136493683,
    "cen_accuracy": 0.5457
  },
  "44": {
    "cen_loss": 1.6640852869033813,
    "cen_accuracy": 0.5459
  },
  "45": {
    "cen_loss": 1.644514209794998,
    "cen_accuracy": 0.5461
  },
  "46": {
    "cen_loss": 1.7343401740074158,
    "cen_accuracy": 0.5324
  },
  "47": {
    "cen_loss": 1.6350991231441498,
    "cen_accuracy": 0.5444
  },
  "48": {
    "cen_loss": 1.6987292470932007,
    "cen_accuracy": 0.5429
  },
  "49": {
    "cen_loss": 1.6992519800662995,
    "cen_accuracy": 0.5456
  },
  "50": {
    "cen_loss": 1.69925195646286,
    "cen_accuracy": 0.5456
  },
  "51": {
    "cen_loss": 1.6710724553108216,
    "cen_accuracy": 0.5465
  },
  "52": {
    "cen_loss": 1.6810558327674865,
    "cen_accuracy": 0.5438
  },
  "53": {
    "cen_loss": 1.7082097109794616,
    "cen_accuracy": 0.5459
  },
  "54": {
    "cen_loss": 1.643345427942276,
    "cen_accuracy": 0.5465
  },
  "55": {
    "cen_loss": 1.671652993106842,
    "cen_accuracy": 0.5456
  },
  "56": {
    "cen_loss": 1.637252009487152,
    "cen_accuracy": 0.5484
  },
  "57": {
    "cen_loss": 1.7259757287025452,
    "cen_accuracy": 0.5459
  },
  "58": {
    "cen_loss": 1.6327679118156433,
    "cen_accuracy": 0.5477
  },
  "59": {
    "cen_loss": 1.6716817321777344,
    "cen_accuracy": 0.5555
  },
  "60": {
    "cen_loss": 1.6716817420959473,
    "cen_accuracy": 0.5555
  },
  "61": {
    "cen_loss": 1.6647408485412598,
    "cen_accuracy": 0.5526
  },
  "62": {
    "cen_loss": 1.6986636525154113,
    "cen_accuracy": 0.5454
  },
  "63": {
    "cen_loss": 1.6896607731342315,
    "cen_accuracy": 0.5552
  },
  "64": {
    "cen_loss": 1.6753355346679688,
    "cen_accuracy": 0.5583
  },
  "65": {
    "cen_loss": 1.6595811666488647,
    "cen_accuracy": 0.5581
  },
  "66": {
    "cen_loss": 1.6805888068675996,
    "cen_accuracy": 0.5554
  },
  "67": {
    "cen_loss": 1.709792802667618,
    "cen_accuracy": 0.5478
  },
  "68": {
    "cen_loss": 1.6780709654331207,
    "cen_accuracy": 0.5431
  },
  "69": {
    "cen_loss": 1.7450255967617034,
    "cen_accuracy": 0.5437
  },
  "70": {
    "cen_loss": 1.7450255258560181,
    "cen_accuracy": 0.5437
  },
  "71": {
    "cen_loss": 1.7088205956697464,
    "cen_accuracy": 0.5418
  },
  "72": {
    "cen_loss": 1.715849362564087,
    "cen_accuracy": 0.5485
  },
  "73": {
    "cen_loss": 1.7040800899982453,
    "cen_accuracy": 0.5577
  },
  "74": {
    "cen_loss": 1.6925571914672852,
    "cen_accuracy": 0.5502
  },
  "75": {
    "cen_loss": 1.7303758983135222,
    "cen_accuracy": 0.5468
  },
  "76": {
    "cen_loss": 1.6627530280590057,
    "cen_accuracy": 0.5496
  },
  "77": {
    "cen_loss": 1.7042547871589662,
    "cen_accuracy": 0.5476
  },
  "78": {
    "cen_loss": 1.6802695994853973,
    "cen_accuracy": 0.5543
  },
  "79": {
    "cen_loss": 1.769796124601364,
    "cen_accuracy": 0.5512
  },
  "80": {
    "cen_loss": 1.7697961011886596,
    "cen_accuracy": 0.5512
  },
  "81": {
    "cen_loss": 1.7812413058757781,
    "cen_accuracy": 0.5448
  },
  "82": {
    "cen_loss": 1.8345220595359801,
    "cen_accuracy": 0.5561
  },
  "83": {
    "cen_loss": 1.6882566104412078,
    "cen_accuracy": 0.557
  },
  "84": {
    "cen_loss": 1.775149292898178,
    "cen_accuracy": 0.551
  },
  "85": {
    "cen_loss": 1.6779634281635285,
    "cen_accuracy": 0.5617
  },
  "86": {
    "cen_loss": 1.7837970832824708,
    "cen_accuracy": 0.5558
  },
  "87": {
    "cen_loss": 1.7114854763031007,
    "cen_accuracy": 0.5516
  },
  "88": {
    "cen_loss": 1.7397354132652283,
    "cen_accuracy": 0.551
  },
  "89": {
    "cen_loss": 1.668606130361557,
    "cen_accuracy": 0.5604
  },
  "90": {
    "cen_loss": 1.668606106185913,
    "cen_accuracy": 0.5604
  },
  "91": {
    "cen_loss": 1.8294124891281127,
    "cen_accuracy": 0.5486
  },
  "92": {
    "cen_loss": 1.7311852374076844,
    "cen_accuracy": 0.5539
  },
  "93": {
    "cen_loss": 1.6550059053897859,
    "cen_accuracy": 0.5607
  },
  "94": {
    "cen_loss": 1.7414947174072266,
    "cen_accuracy": 0.5593
  },
  "95": {
    "cen_loss": 1.7346768361091613,
    "cen_accuracy": 0.5559
  },
  "96": {
    "cen_loss": 1.7592092269420623,
    "cen_accuracy": 0.5577
  },
  "97": {
    "cen_loss": 1.7459325595378876,
    "cen_accuracy": 0.5594
  },
  "98": {
    "cen_loss": 1.7755442464351654,
    "cen_accuracy": 0.5364
  },
  "99": {
    "cen_loss": 1.721186942577362,
    "cen_accuracy": 0.5577
  },
  "100": {
    "cen_loss": 1.7211869999885558,
    "cen_accuracy": 0.5577
  },
  "101": {
    "cen_loss": 1.7260661128997803,
    "cen_accuracy": 0.5587
  }
}