{
  "0": {
    "cen_loss": 2.3034822883605957,
    "cen_accuracy": 0.1055
  },
  "1": {
    "cen_loss": 2.3034822883605957,
    "cen_accuracy": 0.1055
  },
  "2": {
    "cen_loss": 2.214683290863037,
    "cen_accuracy": 0.1969
  },
  "3": {
    "cen_loss": 1.9190139270782471,
    "cen_accuracy": 0.3002
  },
  "4": {
    "cen_loss": 1.8725140182495117,
    "cen_accuracy": 0.3495
  },
  "5": {
    "cen_loss": 1.7155464035987853,
    "cen_accuracy": 0.3977
  },
  "6": {
    "cen_loss": 1.70343647813797,
    "cen_accuracy": 0.4127
  },
  "7": {
    "cen_loss": 1.8882188062667846,
    "cen_accuracy": 0.3904
  },
  "8": {
    "cen_loss": 1.7332676620483398,
    "cen_accuracy": 0.4344
  },
  "9": {
    "cen_loss": 1.9097727655410766,
    "cen_accuracy": 0.413
  },
  "10": {
    "cen_loss": 1.9087045935630798,
    "cen_accuracy": 0.4134
  },
  "11": {
    "cen_loss": 1.6909015810966492,
    "cen_accuracy": 0.4503
  },
  "12": {
    "cen_loss": 1.7419648197174071,
    "cen_accuracy": 0.4433
  },
  "13": {
    "cen_loss": 1.6798084584236146,
    "cen_accuracy": 0.474
  },
  "14": {
    "cen_loss": 1.782501729106903,
    "cen_accuracy": 0.4306
  },
  "15": {
    "cen_loss": 1.8742327033042907,
    "cen_accuracy": 0.4117
  },
  "16": {
    "cen_loss": 1.6962330709457398,
    "cen_accuracy": 0.4655
  },
  "17": {
    "cen_loss": 1.6916305876731872,
    "cen_accuracy": 0.4817
  },
  "18": {
    "cen_loss": 1.6676997861862182,
    "cen_accuracy": 0.4687
  },
  "19": {
    "cen_loss": 1.886664868927002,
    "cen_accuracy": 0.4568
  },
  "20": {
    "cen_loss": 1.886664856338501,
    "cen_accuracy": 0.4568
  },
  "21": {
    "cen_loss": 1.8440669919967652,
    "cen_accuracy": 0.4628
  },
  "22": {
    "cen_loss": 1.6339417821884155,
    "cen_accuracy": 0.4854
  },
  "23": {
    "cen_loss": 1.6658619925498963,
    "cen_accuracy": 0.4926
  },
  "24": {
    "cen_loss": 1.9162924847602845,
    "cen_accuracy": 0.4478
  },
  "25": {
    "cen_loss": 1.804971681022644,
    "cen_accuracy": 0.4673
  },
  "26": {
    "cen_loss": 1.6217660487174987,
    "cen_accuracy": 0.5014
  },
  "27": {
    "cen_loss": 1.7438862183570862,
    "cen_accuracy": 0.4925
  },
  "28": {
    "cen_loss": 1.7498311643600464,
    "cen_accuracy": 0.4887
  },
  "29": {
    "cen_loss": 1.7928816319465637,
    "cen_accuracy": 0.4718
  },
  "30": {
    "cen_loss": 1.7928816345214844,
    "cen_accuracy": 0.4718
  },
  "31": {
    "cen_loss": 1.9025492200374603,
    "cen_accuracy": 0.4707
  },
  "32": {
    "cen_loss": 1.7446919404029846,
    "cen_accuracy": 0.4944
  },
  "33": {
    "cen_loss": 1.8758665391921998,
    "cen_accuracy": 0.4643
  },
  "34": {
    "cen_loss": 1.6471284472465515,
    "cen_accuracy": 0.4986
  },
  "35": {
    "cen_loss": 1.7695353515625,
    "cen_accuracy": 0.4896
  },
  "36": {
    "cen_loss": 1.5805897450447082,
    "cen_accuracy": 0.5143
  },
  "37": {
    "cen_loss": 1.6938492667198182,
    "cen_accuracy": 0.5014
  },
  "38": {
    "cen_loss": 1.7752156518936157,
    "cen_accuracy": 0.4973
  },
  "39": {
    "cen_loss": 1.7375367119312286,
    "cen_accuracy": 0.4867
  },
  "40": {
    "cen_loss": 1.7375367208480834,
    "cen_accuracy": 0.4867
  },
  "41": {
    "cen_loss": 1.9217864166259766,
    "cen_accuracy": 0.4778
  },
  "42": {
    "cen_loss": 1.9522626319885255,
    "cen_accuracy": 0.4804
  },
  "43": {
    "cen_loss": 1.8024545439720154,
    "cen_accuracy": 0.4914
  },
  "44": {
    "cen_loss": 1.6609653120040893,
    "cen_accuracy": 0.5084
  },
  "45": {
    "cen_loss": 1.7778909341812135,
    "cen_accuracy": 0.4992
  },
  "46": {
    "cen_loss": 1.6899758564472198,
    "cen_accuracy": 0.5109
  },
  "47": {
    "cen_loss": 1.6620955615997315,
    "cen_accuracy": 0.5068
  },
  "48": {
    "cen_loss": 1.6842455993652343,
    "cen_accuracy": 0.5106
  },
  "49": {
    "cen_loss": 2.3043036664009096,
    "cen_accuracy": 0.4361
  },
  "50": {
    "cen_loss": 2.304303692150116,
    "cen_accuracy": 0.4361
  },
  "51": {
    "cen_loss": 1.8512349153518677,
    "cen_accuracy": 0.4861
  },
  "52": {
    "cen_loss": 1.817015158367157,
    "cen_accuracy": 0.4904
  },
  "53": {
    "cen_loss": 1.889563321018219,
    "cen_accuracy": 0.4902
  },
  "54": {
    "cen_loss": 1.7992145002365112,
    "cen_accuracy": 0.5047
  },
  "55": {
    "cen_loss": 1.8304053150177002,
    "cen_accuracy": 0.5036
  },
  "56": {
    "cen_loss": 1.847236312007904,
    "cen_accuracy": 0.4956
  },
  "57": {
    "cen_loss": 1.785654220676422,
    "cen_accuracy": 0.5106
  },
  "58": {
    "cen_loss": 1.6821557000160217,
    "cen_accuracy": 0.5201
  },
  "59": {
    "cen_loss": 1.887794285917282,
    "cen_accuracy": 0.4992
  },
  "60": {
    "cen_loss": 1.8877942792892457,
    "cen_accuracy": 0.4992
  },
  "61": {
    "cen_loss": 1.6976611044883727,
    "cen_accuracy": 0.5238
  },
  "62": {
    "cen_loss": 1.704920907497406,
    "cen_accuracy": 0.5163
  },
  "63": {
    "cen_loss": 1.897600792837143,
    "cen_accuracy": 0.4961
  },
  "64": {
    "cen_loss": 1.7570635484695434,
    "cen_accuracy": 0.4985
  },
  "65": {
    "cen_loss": 1.778738764667511,
    "cen_accuracy": 0.5088
  },
  "66": {
    "cen_loss": 1.7789070339679718,
    "cen_accuracy": 0.5154
  },
  "67": {
    "cen_loss": 2.1078900972366332,
    "cen_accuracy": 0.4614
  },
  "68": {
    "cen_loss": 1.7453048003673552,
    "cen_accuracy": 0.51
  },
  "69": {
    "cen_loss": 2.013923560428619,
    "cen_accuracy": 0.4624
  },
  "70": {
    "cen_loss": 2.0139235427856446,
    "cen_accuracy": 0.4624
  },
  "71": {
    "cen_loss": 1.717975715446472,
    "cen_accuracy": 0.5232
  },
  "72": {
    "cen_loss": 1.7466742644309998,
    "cen_accuracy": 0.5242
  },
  "73": {
    "cen_loss": 1.6257707688331604,
    "cen_accuracy": 0.5355
  },
  "74": {
    "cen_loss": 1.6651011350631715,
    "cen_accuracy": 0.5308
  },
  "75": {
    "cen_loss": 1.6814858267307282,
    "cen_accuracy": 0.5296
  },
  "76": {
    "cen_loss": 1.7433070922851563,
    "cen_accuracy": 0.5236
  },
  "77": {
    "cen_loss": 1.911634407901764,
    "cen_accuracy": 0.5063
  },
  "78": {
    "cen_loss": 1.8225511906147003,
    "cen_accuracy": 0.5173
  },
  "79": {
    "cen_loss": 1.819428780555725,
    "cen_accuracy": 0.5109
  },
  "80": {
    "cen_loss": 1.819428782939911,
    "cen_accuracy": 0.5109
  },
  "81": {
    "cen_loss": 1.7626560913562774,
    "cen_accuracy": 0.5292
  },
  "82": {
    "cen_loss": 2.011140853691101,
    "cen_accuracy": 0.4952
  },
  "83": {
    "cen_loss": 1.7381939690113068,
    "cen_accuracy": 0.5191
  },
  "84": {
    "cen_loss": 1.9708268792152406,
    "cen_accuracy": 0.5053
  },
  "85": {
    "cen_loss": 1.8745699926376342,
    "cen_accuracy": 0.5042
  },
  "86": {
    "cen_loss": 1.6778039647102356,
    "cen_accuracy": 0.5171
  },
  "87": {
    "cen_loss": 1.9536262579917907,
    "cen_accuracy": 0.4925
  },
  "88": {
    "cen_loss": 1.6800351038455963,
    "cen_accuracy": 0.5389
  },
  "89": {
    "cen_loss": 1.7211750032424926,
    "cen_accuracy": 0.524
  },
  "90": {
    "cen_loss": 1.7211749727249146,
    "cen_accuracy": 0.524
  },
  "91": {
    "cen_loss": 1.86912030544281,
    "cen_accuracy": 0.5195
  },
  "92": {
    "cen_loss": 1.7486736380577088,
    "cen_accuracy": 0.5157
  },
  "93": {
    "cen_loss": 1.9691556313514709,
    "cen_accuracy": 0.5097
  },
  "94": {
    "cen_loss": 1.7541899970531463,
    "cen_accuracy": 0.5285
  },
  "95": {
    "cen_loss": 1.897066701602936,
    "cen_accuracy": 0.5147
  },
  "96": {
    "cen_loss": 1.781638750600815,
    "cen_accuracy": 0.5187
  },
  "97": {
    "cen_loss": 1.9110255156517029,
    "cen_accuracy": 0.5027
  },
  "98": {
    "cen_loss": 2.0869168119907378,
    "cen_accuracy": 0.4832
  },
  "99": {
    "cen_loss": 1.7861781004428863,
    "cen_accuracy": 0.5063
  },
  "100": {
    "cen_loss": 1.7861780904769897,
    "cen_accuracy": 0.5063
  },
  "101": {
    "cen_loss": 1.8436320757865905,
    "cen_accuracy": 0.5123
  }
}