{
  "0": {
    "cen_loss": 2.3027744300842286,
    "cen_accuracy": 0.1
  },
  "1": {
    "cen_loss": 2.3027744300842286,
    "cen_accuracy": 0.1
  },
  "2": {
    "cen_loss": 3.2289409042358397,
    "cen_accuracy": 0.1
  },
  "3": {
    "cen_loss": 6.209893091583252,
    "cen_accuracy": 0.1
  },
  "4": {
    "cen_loss": 6.138327781295776,
    "cen_accuracy": 0.1
  },
  "5": {
    "cen_loss": 6.096236781692505,
    "cen_accuracy": 0.1
  },
  "6": {
    "cen_loss": 5.296057810592651,
    "cen_accuracy": 0.1008
  },
  "7": {
    "cen_loss": 6.7322382011413575,
    "cen_accuracy": 0.1
  },
  "8": {
    "cen_loss": 6.245737707901001,
    "cen_accuracy": 0.1
  },
  "9": {
    "cen_loss": 5.8351819198608395,
    "cen_accuracy": 0.1008
  },
  "10": {
    "cen_loss": 6.107506418991089,
    "cen_accuracy": 0.1023
  },
  "11": {
    "cen_loss": 6.199759724426269,
    "cen_accuracy": 0.1211
  },
  "12": {
    "cen_loss": 5.3071515808105465,
    "cen_accuracy": 0.135
  },
  "13": {
    "cen_loss": 5.869129974365235,
    "cen_accuracy": 0.1004
  },
  "14": {
    "cen_loss": 4.584250950241089,
    "cen_accuracy": 0.1293
  },
  "15": {
    "cen_loss": 3.907156160354614,
    "cen_accuracy": 0.1646
  },
  "16": {
    "cen_loss": 3.1745929399490356,
    "cen_accuracy": 0.1966
  },
  "17": {
    "cen_loss": 2.5143309219360352,
    "cen_accuracy": 0.2721
  },
  "18": {
    "cen_loss": 2.237013772201538,
    "cen_accuracy": 0.3253
  },
  "19": {
    "cen_loss": 2.096789234638214,
    "cen_accuracy": 0.3612
  },
  "20": {
    "cen_loss": 1.6734381007194519,
    "cen_accuracy": 0.4608
  },
  "21": {
    "cen_loss": 1.5399825972557069,
    "cen_accuracy": 0.4967
  },
  "22": {
    "cen_loss": 1.385103838825226,
    "cen_accuracy": 0.5304
  },
  "23": {
    "cen_loss": 1.2174304557323457,
    "cen_accuracy": 0.596
  },
  "24": {
    "cen_loss": 1.111636347579956,
    "cen_accuracy": 0.6293
  },
  "25": {
    "cen_loss": 1.1509253586292267,
    "cen_accuracy": 0.6205
  },
  "26": {
    "cen_loss": 1.0791200692176819,
    "cen_accuracy": 0.6436
  },
  "27": {
    "cen_loss": 1.0968342980384826,
    "cen_accuracy": 0.6402
  },
  "28": {
    "cen_loss": 1.053056516957283,
    "cen_accuracy": 0.6582
  },
  "29": {
    "cen_loss": 1.0052334929943085,
    "cen_accuracy": 0.6693
  },
  "30": {
    "cen_loss": 1.0049748548984527,
    "cen_accuracy": 0.6749
  },
  "31": {
    "cen_loss": 0.948449503660202,
    "cen_accuracy": 0.6853
  },
  "32": {
    "cen_loss": 0.9279741541147232,
    "cen_accuracy": 0.6942
  },
  "33": {
    "cen_loss": 0.8862219522237778,
    "cen_accuracy": 0.7087
  },
  "34": {
    "cen_loss": 0.8942541885375976,
    "cen_accuracy": 0.7063
  },
  "35": {
    "cen_loss": 0.8854624294281006,
    "cen_accuracy": 0.7099
  },
  "36": {
    "cen_loss": 0.8793914214491844,
    "cen_accuracy": 0.7147
  },
  "37": {
    "cen_loss": 0.8884794488549232,
    "cen_accuracy": 0.717
  },
  "38": {
    "cen_loss": 0.8728170513153076,
    "cen_accuracy": 0.7211
  },
  "39": {
    "cen_loss": 0.8419042270541192,
    "cen_accuracy": 0.7306
  },
  "40": {
    "cen_loss": 0.843860618519783,
    "cen_accuracy": 0.7311
  },
  "41": {
    "cen_loss": 0.8335186256051064,
    "cen_accuracy": 0.7319
  },
  "42": {
    "cen_loss": 0.8139180227279663,
    "cen_accuracy": 0.7398
  },
  "43": {
    "cen_loss": 0.8277427918672562,
    "cen_accuracy": 0.7359
  },
  "44": {
    "cen_loss": 0.8169701604008675,
    "cen_accuracy": 0.7421
  },
  "45": {
    "cen_loss": 0.8343457153558731,
    "cen_accuracy": 0.7367
  },
  "46": {
    "cen_loss": 0.8065914436459541,
    "cen_accuracy": 0.7444
  },
  "47": {
    "cen_loss": 0.8115902272343636,
    "cen_accuracy": 0.7434
  },
  "48": {
    "cen_loss": 0.8059105100154876,
    "cen_accuracy": 0.7479
  },
  "49": {
    "cen_loss": 0.8081680682420731,
    "cen_accuracy": 0.748
  },
  "50": {
    "cen_loss": 0.7954588648080826,
    "cen_accuracy": 0.7521
  },
  "51": {
    "cen_loss": 0.7829865447163582,
    "cen_accuracy": 0.7548
  },
  "52": {
    "cen_loss": 0.766637441533804,
    "cen_accuracy": 0.7572
  },
  "53": {
    "cen_loss": 0.7972543533682823,
    "cen_accuracy": 0.7552
  },
  "54": {
    "cen_loss": 0.782022647178173,
    "cen_accuracy": 0.7551
  },
  "55": {
    "cen_loss": 0.7700212540745736,
    "cen_accuracy": 0.7566
  },
  "56": {
    "cen_loss": 0.7649745600700378,
    "cen_accuracy": 0.7602
  },
  "57": {
    "cen_loss": 0.7679279007196427,
    "cen_accuracy": 0.7624
  },
  "58": {
    "cen_loss": 0.761666687810421,
    "cen_accuracy": 0.7632
  },
  "59": {
    "cen_loss": 0.7469474213659764,
    "cen_accuracy": 0.767
  },
  "60": {
    "cen_loss": 0.7499009395599365,
    "cen_accuracy": 0.7674
  },
  "61": {
    "cen_loss": 0.7546233976006508,
    "cen_accuracy": 0.7663
  },
  "62": {
    "cen_loss": 0.7491004838705063,
    "cen_accuracy": 0.7681
  },
  "63": {
    "cen_loss": 0.7353792577981949,
    "cen_accuracy": 0.7714
  },
  "64": {
    "cen_loss": 0.7485477914452553,
    "cen_accuracy": 0.7669
  },
  "65": {
    "cen_loss": 0.7389555774331092,
    "cen_accuracy": 0.7731
  },
  "66": {
    "cen_loss": 0.7300703228592873,
    "cen_accuracy": 0.7749
  },
  "67": {
    "cen_loss": 0.7181095223665237,
    "cen_accuracy": 0.7769
  },
  "68": {
    "cen_loss": 0.7334184226214886,
    "cen_accuracy": 0.7725
  },
  "69": {
    "cen_loss": 0.7474324264168739,
    "cen_accuracy": 0.7713
  },
  "70": {
    "cen_loss": 0.7213588228821755,
    "cen_accuracy": 0.7785
  },
  "71": {
    "cen_loss": 0.7259272781252861,
    "cen_accuracy": 0.7764
  },
  "72": {
    "cen_loss": 0.7377610751152038,
    "cen_accuracy": 0.7758
  },
  "73": {
    "cen_loss": 0.7383573182940483,
    "cen_accuracy": 0.7767
  },
  "74": {
    "cen_loss": 0.7160817628860474,
    "cen_accuracy": 0.7783
  },
  "75": {
    "cen_loss": 0.7100800826191902,
    "cen_accuracy": 0.7807
  },
  "76": {
    "cen_loss": 0.7238760792374611,
    "cen_accuracy": 0.7765
  },
  "77": {
    "cen_loss": 0.7225835648417472,
    "cen_accuracy": 0.7789
  },
  "78": {
    "cen_loss": 0.7035349386930466,
    "cen_accuracy": 0.7856
  },
  "79": {
    "cen_loss": 0.7017264483690262,
    "cen_accuracy": 0.7815
  },
  "80": {
    "cen_loss": 0.7042672369480133,
    "cen_accuracy": 0.7828
  },
  "81": {
    "cen_loss": 0.7081143033504486,
    "cen_accuracy": 0.7808
  },
  "82": {
    "cen_loss": 0.7110657192707062,
    "cen_accuracy": 0.7848
  },
  "83": {
    "cen_loss": 0.7032581411719322,
    "cen_accuracy": 0.785
  },
  "84": {
    "cen_loss": 0.6961280901193618,
    "cen_accuracy": 0.7861
  },
  "85": {
    "cen_loss": 0.7032471547484398,
    "cen_accuracy": 0.7868
  },
  "86": {
    "cen_loss": 0.6929529605329037,
    "cen_accuracy": 0.7879
  },
  "87": {
    "cen_loss": 0.692755414545536,
    "cen_accuracy": 0.7895
  },
  "88": {
    "cen_loss": 0.6830310570657253,
    "cen_accuracy": 0.7889
  },
  "89": {
    "cen_loss": 0.7090376447319985,
    "cen_accuracy": 0.7811
  },
  "90": {
    "cen_loss": 0.6972262545347214,
    "cen_accuracy": 0.7846
  },
  "91": {
    "cen_loss": 0.6757969698429108,
    "cen_accuracy": 0.7918
  },
  "92": {
    "cen_loss": 0.6853931079804897,
    "cen_accuracy": 0.7882
  },
  "93": {
    "cen_loss": 0.6830264600872994,
    "cen_accuracy": 0.7905
  },
  "94": {
    "cen_loss": 0.6996516512870788,
    "cen_accuracy": 0.7897
  },
  "95": {
    "cen_loss": 0.7012277331709862,
    "cen_accuracy": 0.7873
  },
  "96": {
    "cen_loss": 0.6935949767827988,
    "cen_accuracy": 0.7912
  },
  "97": {
    "cen_loss": 0.7022100854277611,
    "cen_accuracy": 0.7867
  },
  "98": {
    "cen_loss": 0.7012714463472366,
    "cen_accuracy": 0.7879
  },
  "99": {
    "cen_loss": 0.6923411459982395,
    "cen_accuracy": 0.7922
  },
  "100": {
    "cen_loss": 0.6759254262447357,
    "cen_accuracy": 0.7953
  },
  "101": {
    "cen_loss": 0.686673390430212,
    "cen_accuracy": 0.7911
  }
}