{
  "0": {
    "cen_loss": 2.3026897127628327,
    "cen_accuracy": 0.100875
  },
  "1": {
    "cen_loss": 2.3026897127628327,
    "cen_accuracy": 0.100875
  }
}