{
  "0": {
    "cen_loss": 2.3034822883605957,
    "cen_accuracy": 0.1055
  },
  "1": {
    "cen_loss": 2.3034822883605957,
    "cen_accuracy": 0.1055
  },
  "2": {
    "cen_loss": 2.1909373067855835,
    "cen_accuracy": 0.2406
  },
  "3": {
    "cen_loss": 1.8461240886688233,
    "cen_accuracy": 0.3275
  },
  "4": {
    "cen_loss": 1.8114149837493896,
    "cen_accuracy": 0.3772
  },
  "5": {
    "cen_loss": 1.8242852334022521,
    "cen_accuracy": 0.3694
  },
  "6": {
    "cen_loss": 1.8486122744560243,
    "cen_accuracy": 0.3881
  },
  "7": {
    "cen_loss": 1.6535862128257752,
    "cen_accuracy": 0.4155
  },
  "8": {
    "cen_loss": 1.6182375153541564,
    "cen_accuracy": 0.4578
  },
  "9": {
    "cen_loss": 1.8436325044631958,
    "cen_accuracy": 0.4345
  },
  "10": {
    "cen_loss": 1.8422876395225525,
    "cen_accuracy": 0.4344
  },
  "11": {
    "cen_loss": 1.870327060508728,
    "cen_accuracy": 0.4188
  },
  "12": {
    "cen_loss": 1.7080105251789093,
    "cen_accuracy": 0.4537
  },
  "13": {
    "cen_loss": 1.5976695729255677,
    "cen_accuracy": 0.4635
  },
  "14": {
    "cen_loss": 1.6742681997299194,
    "cen_accuracy": 0.4707
  },
  "15": {
    "cen_loss": 1.7134902676582335,
    "cen_accuracy": 0.456
  },
  "16": {
    "cen_loss": 1.642739554643631,
    "cen_accuracy": 0.4694
  },
  "17": {
    "cen_loss": 1.6729996648788452,
    "cen_accuracy": 0.4766
  },
  "18": {
    "cen_loss": 1.7791368572235107,
    "cen_accuracy": 0.4613
  },
  "19": {
    "cen_loss": 1.7594721065044403,
    "cen_accuracy": 0.4757
  },
  "20": {
    "cen_loss": 1.7594721263408661,
    "cen_accuracy": 0.4757
  },
  "21": {
    "cen_loss": 1.9256218644142151,
    "cen_accuracy": 0.4566
  },
  "22": {
    "cen_loss": 1.7097725716590881,
    "cen_accuracy": 0.4721
  },
  "23": {
    "cen_loss": 1.777433959197998,
    "cen_accuracy": 0.4703
  },
  "24": {
    "cen_loss": 1.6697727972984313,
    "cen_accuracy": 0.4859
  },
  "25": {
    "cen_loss": 1.680030934715271,
    "cen_accuracy": 0.4846
  },
  "26": {
    "cen_loss": 1.8604791421890259,
    "cen_accuracy": 0.4713
  },
  "27": {
    "cen_loss": 1.6623209444999696,
    "cen_accuracy": 0.4986
  },
  "28": {
    "cen_loss": 1.6876027633666992,
    "cen_accuracy": 0.492
  },
  "29": {
    "cen_loss": 2.0140882269859315,
    "cen_accuracy": 0.443
  },
  "30": {
    "cen_loss": 2.014088340473175,
    "cen_accuracy": 0.443
  },
  "31": {
    "cen_loss": 1.7623267735481263,
    "cen_accuracy": 0.4811
  },
  "32": {
    "cen_loss": 1.8643794002532958,
    "cen_accuracy": 0.4763
  },
  "33": {
    "cen_loss": 1.7041632068157195,
    "cen_accuracy": 0.4857
  },
  "34": {
    "cen_loss": 1.842272758245468,
    "cen_accuracy": 0.4713
  },
  "35": {
    "cen_loss": 1.9051024257659912,
    "cen_accuracy": 0.4582
  },
  "36": {
    "cen_loss": 1.7325482385635376,
    "cen_accuracy": 0.4853
  },
  "37": {
    "cen_loss": 1.8155221202850342,
    "cen_accuracy": 0.4705
  },
  "38": {
    "cen_loss": 1.9251252148628235,
    "cen_accuracy": 0.469
  },
  "39": {
    "cen_loss": 1.743687086868286,
    "cen_accuracy": 0.4814
  },
  "40": {
    "cen_loss": 1.7436871028900147,
    "cen_accuracy": 0.4814
  },
  "41": {
    "cen_loss": 1.8561514736175537,
    "cen_accuracy": 0.4914
  },
  "42": {
    "cen_loss": 1.8316153235435486,
    "cen_accuracy": 0.4771
  },
  "43": {
    "cen_loss": 1.9304387336730957,
    "cen_accuracy": 0.4829
  },
  "44": {
    "cen_loss": 1.7408291647911072,
    "cen_accuracy": 0.4891
  },
  "45": {
    "cen_loss": 1.8761163298606873,
    "cen_accuracy": 0.4628
  },
  "46": {
    "cen_loss": 2.0763247604370116,
    "cen_accuracy": 0.4513
  },
  "47": {
    "cen_loss": 1.7139535005569457,
    "cen_accuracy": 0.4978
  },
  "48": {
    "cen_loss": 1.7827755180835725,
    "cen_accuracy": 0.4935
  },
  "49": {
    "cen_loss": 1.6485614716529846,
    "cen_accuracy": 0.513
  },
  "50": {
    "cen_loss": 1.648561443090439,
    "cen_accuracy": 0.513
  },
  "51": {
    "cen_loss": 1.7846664291858674,
    "cen_accuracy": 0.4823
  },
  "52": {
    "cen_loss": 1.6346227875232697,
    "cen_accuracy": 0.5188
  },
  "53": {
    "cen_loss": 1.6847178965091705,
    "cen_accuracy": 0.5116
  },
  "54": {
    "cen_loss": 1.7641121402740478,
    "cen_accuracy": 0.5064
  },
  "55": {
    "cen_loss": 1.7231324190616608,
    "cen_accuracy": 0.5083
  },
  "56": {
    "cen_loss": 1.7700135038375855,
    "cen_accuracy": 0.4842
  },
  "57": {
    "cen_loss": 2.138919351577759,
    "cen_accuracy": 0.4567
  },
  "58": {
    "cen_loss": 1.688878525018692,
    "cen_accuracy": 0.5091
  },
  "59": {
    "cen_loss": 1.9205833649635315,
    "cen_accuracy": 0.4698
  },
  "60": {
    "cen_loss": 1.9205833109855652,
    "cen_accuracy": 0.4698
  },
  "61": {
    "cen_loss": 1.7487847505569458,
    "cen_accuracy": 0.5026
  },
  "62": {
    "cen_loss": 2.0547152248382567,
    "cen_accuracy": 0.4538
  },
  "63": {
    "cen_loss": 1.7167691712379456,
    "cen_accuracy": 0.5152
  },
  "64": {
    "cen_loss": 1.7624682808876038,
    "cen_accuracy": 0.4853
  },
  "65": {
    "cen_loss": 1.65932198843956,
    "cen_accuracy": 0.5257
  },
  "66": {
    "cen_loss": 1.700431657409668,
    "cen_accuracy": 0.5048
  },
  "67": {
    "cen_loss": 1.8581844023704528,
    "cen_accuracy": 0.5087
  },
  "68": {
    "cen_loss": 1.6603150690078736,
    "cen_accuracy": 0.5217
  },
  "69": {
    "cen_loss": 1.8237173326969147,
    "cen_accuracy": 0.502
  },
  "70": {
    "cen_loss": 1.8237173568725586,
    "cen_accuracy": 0.502
  },
  "71": {
    "cen_loss": 2.085979557418823,
    "cen_accuracy": 0.4877
  },
  "72": {
    "cen_loss": 1.8023434048175813,
    "cen_accuracy": 0.5166
  },
  "73": {
    "cen_loss": 1.8791069535255431,
    "cen_accuracy": 0.5081
  },
  "74": {
    "cen_loss": 1.845484502363205,
    "cen_accuracy": 0.4983
  },
  "75": {
    "cen_loss": 1.6433633066177369,
    "cen_accuracy": 0.5225
  },
  "76": {
    "cen_loss": 1.7429870332479478,
    "cen_accuracy": 0.5265
  },
  "77": {
    "cen_loss": 1.792264192724228,
    "cen_accuracy": 0.5149
  },
  "78": {
    "cen_loss": 1.663818567752838,
    "cen_accuracy": 0.5243
  },
  "79": {
    "cen_loss": 1.634478250694275,
    "cen_accuracy": 0.5279
  },
  "80": {
    "cen_loss": 1.634478199148178,
    "cen_accuracy": 0.5279
  },
  "81": {
    "cen_loss": 1.727721853542328,
    "cen_accuracy": 0.5203
  },
  "82": {
    "cen_loss": 1.8608961126327515,
    "cen_accuracy": 0.5048
  },
  "83": {
    "cen_loss": 1.900635700893402,
    "cen_accuracy": 0.4968
  },
  "84": {
    "cen_loss": 1.9020825321674346,
    "cen_accuracy": 0.4857
  },
  "85": {
    "cen_loss": 1.9787304627895355,
    "cen_accuracy": 0.4773
  },
  "86": {
    "cen_loss": 1.8357519892692566,
    "cen_accuracy": 0.4984
  },
  "87": {
    "cen_loss": 1.8294803141593934,
    "cen_accuracy": 0.4963
  },
  "88": {
    "cen_loss": 1.771545182609558,
    "cen_accuracy": 0.5096
  },
  "89": {
    "cen_loss": 1.7427922179698945,
    "cen_accuracy": 0.5136
  },
  "90": {
    "cen_loss": 1.7427923090457915,
    "cen_accuracy": 0.5136
  },
  "91": {
    "cen_loss": 1.9044406692504883,
    "cen_accuracy": 0.4873
  },
  "92": {
    "cen_loss": 1.796166649532318,
    "cen_accuracy": 0.5004
  },
  "93": {
    "cen_loss": 1.7168931761026383,
    "cen_accuracy": 0.52
  },
  "94": {
    "cen_loss": 1.7009585748672484,
    "cen_accuracy": 0.5243
  },
  "95": {
    "cen_loss": 1.7701596687316894,
    "cen_accuracy": 0.5091
  },
  "96": {
    "cen_loss": 2.0409896896362305,
    "cen_accuracy": 0.4661
  },
  "97": {
    "cen_loss": 1.7804158042907714,
    "cen_accuracy": 0.5186
  },
  "98": {
    "cen_loss": 1.8838624569416047,
    "cen_accuracy": 0.4975
  },
  "99": {
    "cen_loss": 1.6860754220008851,
    "cen_accuracy": 0.528
  },
  "100": {
    "cen_loss": 1.686075419330597,
    "cen_accuracy": 0.528
  },
  "101": {
    "cen_loss": 1.8345475997924805,
    "cen_accuracy": 0.5236
  }
}