{
  "0": {
    "cen_loss": 2.3027724609375,
    "cen_accuracy": 0.09925
  },
  "1": {
    "cen_loss": 2.3027724609375,
    "cen_accuracy": 0.09925
  },
  "2": {
    "cen_loss": 2.3303759231567382,
    "cen_accuracy": 0.098625
  },
  "3": {
    "cen_loss": 2.336885015487671,
    "cen_accuracy": 0.0995
  },
  "4": {
    "cen_loss": 2.4123078384399412,
    "cen_accuracy": 0.1
  },
  "5": {
    "cen_loss": 2.6781605072021484,
    "cen_accuracy": 0.1
  },
  "6": {
    "cen_loss": 2.7760734119415282,
    "cen_accuracy": 0.098625
  },
  "7": {
    "cen_loss": 2.922356004714966,
    "cen_accuracy": 0.100375
  },
  "8": {
    "cen_loss": 2.80597706413269,
    "cen_accuracy": 0.0995
  },
  "9": {
    "cen_loss": 2.489818468093872,
    "cen_accuracy": 0.134375
  },
  "10": {
    "cen_loss": 1.8488629512786865,
    "cen_accuracy": 0.296125
  },
  "11": {
    "cen_loss": 2.3181024112701416,
    "cen_accuracy": 0.202875
  },
  "12": {
    "cen_loss": 1.9258842697143554,
    "cen_accuracy": 0.267375
  },
  "13": {
    "cen_loss": 1.8391208448410035,
    "cen_accuracy": 0.3235
  },
  "14": {
    "cen_loss": 1.6824641084671021,
    "cen_accuracy": 0.364125
  },
  "15": {
    "cen_loss": 1.7509244909286499,
    "cen_accuracy": 0.390625
  },
  "16": {
    "cen_loss": 1.7767643299102782,
    "cen_accuracy": 0.388125
  },
  "17": {
    "cen_loss": 1.6688548069000244,
    "cen_accuracy": 0.425
  },
  "18": {
    "cen_loss": 1.6975308513641358,
    "cen_accuracy": 0.425625
  },
  "19": {
    "cen_loss": 1.628933301925659,
    "cen_accuracy": 0.45025
  },
  "20": {
    "cen_loss": 1.7186104612350463,
    "cen_accuracy": 0.4705
  },
  "21": {
    "cen_loss": 1.6763196411132812,
    "cen_accuracy": 0.442375
  },
  "22": {
    "cen_loss": 1.770332968711853,
    "cen_accuracy": 0.446875
  },
  "23": {
    "cen_loss": 1.7778990659713745,
    "cen_accuracy": 0.42725
  },
  "24": {
    "cen_loss": 1.6126445074081421,
    "cen_accuracy": 0.474375
  },
  "25": {
    "cen_loss": 1.6312756671905517,
    "cen_accuracy": 0.471875
  },
  "26": {
    "cen_loss": 1.5841901588439942,
    "cen_accuracy": 0.47825
  },
  "27": {
    "cen_loss": 1.626537624359131,
    "cen_accuracy": 0.4855
  },
  "28": {
    "cen_loss": 1.607652795791626,
    "cen_accuracy": 0.491625
  },
  "29": {
    "cen_loss": 1.4927208213806151,
    "cen_accuracy": 0.506875
  },
  "30": {
    "cen_loss": 1.691908712387085,
    "cen_accuracy": 0.50675
  },
  "31": {
    "cen_loss": 1.6223664627075196,
    "cen_accuracy": 0.503
  },
  "32": {
    "cen_loss": 1.5490583348274232,
    "cen_accuracy": 0.509375
  },
  "33": {
    "cen_loss": 1.6831237554550171,
    "cen_accuracy": 0.48225
  },
  "34": {
    "cen_loss": 1.6245251259803772,
    "cen_accuracy": 0.502
  },
  "35": {
    "cen_loss": 1.5565165286064149,
    "cen_accuracy": 0.52075
  },
  "36": {
    "cen_loss": 1.6039016952514649,
    "cen_accuracy": 0.5085
  },
  "37": {
    "cen_loss": 1.563619789123535,
    "cen_accuracy": 0.52075
  },
  "38": {
    "cen_loss": 1.561960657119751,
    "cen_accuracy": 0.524875
  },
  "39": {
    "cen_loss": 1.674116132736206,
    "cen_accuracy": 0.495625
  },
  "40": {
    "cen_loss": 1.9386142778396607,
    "cen_accuracy": 0.48925
  },
  "41": {
    "cen_loss": 1.632860486984253,
    "cen_accuracy": 0.503375
  },
  "42": {
    "cen_loss": 1.654057183265686,
    "cen_accuracy": 0.5065
  },
  "43": {
    "cen_loss": 1.5154058966636659,
    "cen_accuracy": 0.5345
  },
  "44": {
    "cen_loss": 1.673739330291748,
    "cen_accuracy": 0.513625
  },
  "45": {
    "cen_loss": 1.595743589401245,
    "cen_accuracy": 0.52
  },
  "46": {
    "cen_loss": 1.4753506031036376,
    "cen_accuracy": 0.548125
  },
  "47": {
    "cen_loss": 1.5368318285942077,
    "cen_accuracy": 0.53725
  },
  "48": {
    "cen_loss": 1.5678698205947876,
    "cen_accuracy": 0.53475
  },
  "49": {
    "cen_loss": 1.5592486186027528,
    "cen_accuracy": 0.531625
  },
  "50": {
    "cen_loss": 1.690421076774597,
    "cen_accuracy": 0.54225
  },
  "51": {
    "cen_loss": 1.690421076774597,
    "cen_accuracy": 0.54225
  },
  "52": {
    "cen_loss": 1.451356231689453,
    "cen_accuracy": 0.5465
  },
  "53": {
    "cen_loss": 1.4639980893135072,
    "cen_accuracy": 0.546625
  },
  "54": {
    "cen_loss": 1.4548167996406556,
    "cen_accuracy": 0.556375
  },
  "55": {
    "cen_loss": 1.5075727033615112,
    "cen_accuracy": 0.53925
  },
  "56": {
    "cen_loss": 1.5619555978775024,
    "cen_accuracy": 0.534375
  },
  "57": {
    "cen_loss": 1.4609629249572753,
    "cen_accuracy": 0.559375
  },
  "58": {
    "cen_loss": 1.5416629471778869,
    "cen_accuracy": 0.53875
  },
  "59": {
    "cen_loss": 1.6784580554962159,
    "cen_accuracy": 0.5255
  },
  "60": {
    "cen_loss": 1.8023393621444703,
    "cen_accuracy": 0.54325
  },
  "61": {
    "cen_loss": 1.504222074508667,
    "cen_accuracy": 0.5475
  },
  "62": {
    "cen_loss": 1.458029119491577,
    "cen_accuracy": 0.565
  },
  "63": {
    "cen_loss": 1.5338196167945861,
    "cen_accuracy": 0.55175
  },
  "64": {
    "cen_loss": 1.493592999458313,
    "cen_accuracy": 0.559125
  },
  "65": {
    "cen_loss": 1.450428057193756,
    "cen_accuracy": 0.565375
  },
  "66": {
    "cen_loss": 1.5143239579200745,
    "cen_accuracy": 0.555125
  },
  "67": {
    "cen_loss": 1.4520989723205566,
    "cen_accuracy": 0.56525
  },
  "68": {
    "cen_loss": 1.4986954207420349,
    "cen_accuracy": 0.54825
  },
  "69": {
    "cen_loss": 1.3625301656723023,
    "cen_accuracy": 0.579125
  },
  "70": {
    "cen_loss": 1.5172002067565917,
    "cen_accuracy": 0.57375
  },
  "71": {
    "cen_loss": 1.433897027015686,
    "cen_accuracy": 0.566375
  },
  "72": {
    "cen_loss": 1.5361167922019958,
    "cen_accuracy": 0.555375
  },
  "73": {
    "cen_loss": 1.500951533794403,
    "cen_accuracy": 0.558375
  },
  "74": {
    "cen_loss": 1.5386577758789062,
    "cen_accuracy": 0.572
  },
  "75": {
    "cen_loss": 1.4622721934318543,
    "cen_accuracy": 0.571
  },
  "76": {
    "cen_loss": 1.4463908863067627,
    "cen_accuracy": 0.5635
  },
  "77": {
    "cen_loss": 1.371407838821411,
    "cen_accuracy": 0.583125
  },
  "78": {
    "cen_loss": 1.5947615404129027,
    "cen_accuracy": 0.5555
  },
  "79": {
    "cen_loss": 1.430362401008606,
    "cen_accuracy": 0.57725
  },
  "80": {
    "cen_loss": 1.5702390780448914,
    "cen_accuracy": 0.578375
  },
  "81": {
    "cen_loss": 1.6107759699821471,
    "cen_accuracy": 0.5485
  },
  "82": {
    "cen_loss": 1.5913988065719604,
    "cen_accuracy": 0.55775
  },
  "83": {
    "cen_loss": 1.4192458229064941,
    "cen_accuracy": 0.576625
  },
  "84": {
    "cen_loss": 1.520072214126587,
    "cen_accuracy": 0.561625
  },
  "85": {
    "cen_loss": 1.4102703051567078,
    "cen_accuracy": 0.588875
  },
  "86": {
    "cen_loss": 1.3694002346992493,
    "cen_accuracy": 0.587
  },
  "87": {
    "cen_loss": 1.4542851400375367,
    "cen_accuracy": 0.570875
  },
  "88": {
    "cen_loss": 1.4095878949165344,
    "cen_accuracy": 0.583125
  },
  "89": {
    "cen_loss": 1.4123029956817628,
    "cen_accuracy": 0.581875
  },
  "90": {
    "cen_loss": 1.5852639932632446,
    "cen_accuracy": 0.581125
  },
  "91": {
    "cen_loss": 1.3479344410896301,
    "cen_accuracy": 0.597
  },
  "92": {
    "cen_loss": 1.3441407837867736,
    "cen_accuracy": 0.59875
  },
  "93": {
    "cen_loss": 1.3686493515968323,
    "cen_accuracy": 0.59275
  },
  "94": {
    "cen_loss": 1.3764977197647095,
    "cen_accuracy": 0.589
  },
  "95": {
    "cen_loss": 1.3776823854446412,
    "cen_accuracy": 0.595125
  },
  "96": {
    "cen_loss": 1.5181089448928833,
    "cen_accuracy": 0.57725
  },
  "97": {
    "cen_loss": 1.4039813852310181,
    "cen_accuracy": 0.59275
  },
  "98": {
    "cen_loss": 1.3581246747970581,
    "cen_accuracy": 0.5975
  },
  "99": {
    "cen_loss": 1.407361436843872,
    "cen_accuracy": 0.587875
  },
  "100": {
    "cen_loss": 1.550426842212677,
    "cen_accuracy": 0.575625
  },
  "101": {
    "cen_loss": 1.388349642753601,