{
  "0": {
    "cen_loss": 2.303444200515747,
    "cen_accuracy": 0.1
  },
  "1": {
    "cen_loss": 2.303444200515747,
    "cen_accuracy": 0.1
  },
  "2": {
    "cen_loss": 2.26933646941185,
    "cen_accuracy": 0.116625
  },
  "3": {
    "cen_loss": 2.024968819618225,
    "cen_accuracy": 0.252625
  },
  "4": {
    "cen_loss": 2.185849730491638,
    "cen_accuracy": 0.271875
  },
  "5": {
    "cen_loss": 1.7858534555435182,
    "cen_accuracy": 0.34325
  },
  "6": {
    "cen_loss": 2.1475550990104675,
    "cen_accuracy": 0.341125
  },
  "7": {
    "cen_loss": 2.3545866310596466,
    "cen_accuracy": 0.29275
  },
  "8": {
    "cen_loss": 1.838730021715164,
    "cen_accuracy": 0.3385
  },
  "9": {
    "cen_loss": 2.041827417731285,
    "cen_accuracy": 0.349625
  },
  "10": {
    "cen_loss": 2.0390885912179946,
    "cen_accuracy": 0.349625
  },
  "11": {
    "cen_loss": 2.7840824325084688,
    "cen_accuracy": 0.285125
  },
  "12": {
    "cen_loss": 2.1861369137763975,
    "cen_accuracy": 0.316875
  },
  "13": {
    "cen_loss": 3.3332184178829194,
    "cen_accuracy": 0.246625
  },
  "14": {
    "cen_loss": 3.6915876429080963,
    "cen_accuracy": 0.270125
  },
  "15": {
    "cen_loss": 2.1561398360729216,
    "cen_accuracy": 0.3385
  },
  "16": {
    "cen_loss": 2.5664857778549193,
    "cen_accuracy": 0.315375
  },
  "17": {
    "cen_loss": 2.291271496295929,
    "cen_accuracy": 0.3475
  },
  "18": {
    "cen_loss": 2.1756452581882475,
    "cen_accuracy": 0.372125
  },
  "19": {
    "cen_loss": 2.0248930292129517,
    "cen_accuracy": 0.39275
  },
  "20": {
    "cen_loss": 2.0248931533098222,
    "cen_accuracy": 0.39275
  },
  "21": {
    "cen_loss": 2.2802779026031494,
    "cen_accuracy": 0.341375
  },
  "22": {
    "cen_loss": 2.2785856125354766,
    "cen_accuracy": 0.345125
  },
  "23": {
    "cen_loss": 1.92206581056118,
    "cen_accuracy": 0.414125
  },
  "24": {
    "cen_loss": 2.3882479400634766,
    "cen_accuracy": 0.34275
  },
  "25": {
    "cen_loss": 2.715481651067734,
    "cen_accuracy": 0.31075
  },
  "26": {
    "cen_loss": 2.2146567659378054,
    "cen_accuracy": 0.39575
  },
  "27": {
    "cen_loss": 2.9185445556640626,
    "cen_accuracy": 0.323875
  },
  "28": {
    "cen_loss": 2.2566049287319183,
    "cen_accuracy": 0.380625
  },
  "29": {
    "cen_loss": 2.011415558099747,
    "cen_accuracy": 0.379
  },
  "30": {
    "cen_loss": 2.0114154403209685,
    "cen_accuracy": 0.379
  },
  "31": {
    "cen_loss": 1.9285295487642289,
    "cen_accuracy": 0.39425
  },
  "32": {
    "cen_loss": 2.092211990356445,
    "cen_accuracy": 0.37325
  },
  "33": {
    "cen_loss": 3.392392639398575,
    "cen_accuracy": 0.295375
  },
  "34": {
    "cen_loss": 2.7604148130416872,
    "cen_accuracy": 0.3575
  },
  "35": {
    "cen_loss": 2.329129566192627,
    "cen_accuracy": 0.327125
  },
  "36": {
    "cen_loss": 2.413861283540726,
    "cen_accuracy": 0.332875
  },
  "37": {
    "cen_loss": 2.1960141482353213,
    "cen_accuracy": 0.3795
  },
  "38": {
    "cen_loss": 2.7884077680110932,
    "cen_accuracy": 0.3205
  },
  "39": {
    "cen_loss": 2.834150688648224,
    "cen_accuracy": 0.32575
  },
  "40": {
    "cen_loss": 2.8341507637500762,
    "cen_accuracy": 0.32575
  },
  "41": {
    "cen_loss": 2.316799584388733,
    "cen_accuracy": 0.348875
  },
  "42": {
    "cen_loss": 2.3354898517131804,
    "cen_accuracy": 0.332
  },
  "43": {
    "cen_loss": 1.8548102937936783,
    "cen_accuracy": 0.426625
  },
  "44": {
    "cen_loss": 2.4087506470680236,
    "cen_accuracy": 0.36825
  },
  "45": {
    "cen_loss": 1.8157371792793273,
    "cen_accuracy": 0.43675
  },
  "46": {
    "cen_loss": 2.122809000134468,
    "cen_accuracy": 0.416125
  },
  "47": {
    "cen_loss": 2.016805223226547,
    "cen_accuracy": 0.40875
  },
  "48": {
    "cen_loss": 2.294954905152321,
    "cen_accuracy": 0.413375
  },
  "49": {
    "cen_loss": 2.272264190196991,
    "cen_accuracy": 0.3715
  },
  "50": {
    "cen_loss": 2.2722641763687133,
    "cen_accuracy": 0.3715
  },
  "51": {
    "cen_loss": 2.9360392689704895,
    "cen_accuracy": 0.332875
  },
  "52": {
    "cen_loss": 2.6148971705436708,
    "cen_accuracy": 0.370125
  },
  "53": {
    "cen_loss": 2.0007001042366026,
    "cen_accuracy": 0.434625
  },
  "54": {
    "cen_loss": 1.9013948534727096,
    "cen_accuracy": 0.42925
  },
  "55": {
    "cen_loss": 2.8892808239459993,
    "cen_accuracy": 0.3395
  },
  "56": {
    "cen_loss": 2.2273161823749543,
    "cen_accuracy": 0.36475
  },
  "57": {
    "cen_loss": 2.019390717148781,
    "cen_accuracy": 0.394375
  },
  "58": {
    "cen_loss": 1.8969984521865846,
    "cen_accuracy": 0.428875
  },
  "59": {
    "cen_loss": 2.084763820528984,
    "cen_accuracy": 0.4105
  },
  "60": {
    "cen_loss": 2.084763891339302,
    "cen_accuracy": 0.4105
  },
  "61": {
    "cen_loss": 1.6801055220365524,
    "cen_accuracy": 0.482375
  },
  "62": {
    "cen_loss": 1.997711883544922,
    "cen_accuracy": 0.40775
  },
  "63": {
    "cen_loss": 2.052329225420952,
    "cen_accuracy": 0.423
  },
  "64": {
    "cen_loss": 2.0585017371177674,
    "cen_accuracy": 0.423625
  },
  "65": {
    "cen_loss": 2.4929503481388093,
    "cen_accuracy": 0.362625
  },
  "66": {
    "cen_loss": 2.06542058968544,
    "cen_accuracy": 0.4015
  },
  "67": {
    "cen_loss": 2.634129290699959,
    "cen_accuracy": 0.3315
  },
  "68": {
    "cen_loss": 1.7123740186691285,
    "cen_accuracy": 0.462375
  },
  "69": {
    "cen_loss": 1.868930006980896,
    "cen_accuracy": 0.45925
  },
  "70": {
    "cen_loss": 1.8689300841093064,
    "cen_accuracy": 0.45925
  },
  "71": {
    "cen_loss": 2.2443169994354246,
    "cen_accuracy": 0.420625
  },
  "72": {
    "cen_loss": 2.2330640699863435,
    "cen_accuracy": 0.40775
  },
  "73": {
    "cen_loss": 2.1153975077867506,
    "cen_accuracy": 0.40975
  },
  "74": {
    "cen_loss": 2.215002039432526,
    "cen_accuracy": 0.375375
  },
  "75": {
    "cen_loss": 2.047157487988472,
    "cen_accuracy": 0.439625
  },
  "76": {
    "cen_loss": 2.2912828335762025,
    "cen_accuracy": 0.352125
  },
  "77": {
    "cen_loss": 1.9088356213569642,
    "cen_accuracy": 0.446125
  },
  "78": {
    "cen_loss": 3.1373017036914828,
    "cen_accuracy": 0.31625
  },
  "79": {
    "cen_loss": 1.945087147951126,
    "cen_accuracy": 0.412875
  },
  "80": {
    "cen_loss": 1.9450872725248336,
    "cen_accuracy": 0.412875
  },
  "81": {
    "cen_loss": 2.2264875251054765,
    "cen_accuracy": 0.36625
  },
  "82": {
    "cen_loss": 1.8426362509727479,
    "cen_accuracy": 0.43575
  },
  "83": {
    "cen_loss": 2.481142707824707,
    "cen_accuracy": 0.378125
  },
  "84": {
    "cen_loss": 3.6187666773796083,
    "cen_accuracy": 0.303125
  },
  "85": {
    "cen_loss": 2.223800266265869,
    "cen_accuracy": 0.375375
  },
  "86": {
    "cen_loss": 1.8470597548484802,
    "cen_accuracy": 0.44275
  },
  "87": {
    "cen_loss": 2.585728823184967,
    "cen_accuracy": 0.364
  },
  "88": {
    "cen_loss": 2.013860209107399,
    "cen_accuracy": 0.41
  },
  "89": {
    "cen_loss": 2.0906773153543474,
    "cen_accuracy": 0.409875
  },
  "90": {
    "cen_loss": 2.0906772243976595,
    "cen_accuracy": 0.409875
  },
  "91": {
    "cen_loss": 2.770987185001373,
    "cen_accuracy": 0.34825
  },
  "92": {
    "cen_loss": 2.4318631982803343,
    "cen_accuracy": 0.38475
  },
  "93": {
    "cen_loss": 2.681868305683136,
    "cen_accuracy": 0.358875
  },
  "94": {
    "cen_loss": 2.3371634365320206,
    "cen_accuracy": 0.387875
  },
  "95": {
    "cen_loss": 2.6432837666273117,
    "cen_accuracy": 0.38025
  },
  "96": {
    "cen_loss": 2.2218601434230805,
    "cen_accuracy": 0.396625
  },
  "97": {
    "cen_loss": 2.294339095234871,
    "cen_accuracy": 0.422875
  },
  "98": {
    "cen_loss": 1.7896435074210166,
    "cen_accuracy": 0.475
  },
  "99": {
    "cen_loss": 2.14431965303421,
    "cen_accuracy": 0.418375
  },
  "100": {
    "cen_loss": 2.144319928884506,
    "cen_accuracy": 0.418375
  },
  "101": {
    "cen_loss": 2.54974844455719,