{
  "0": {
    "cen_loss": 2.305413151931763,
    "cen_accuracy": 0.0978
  },
  "1": {
    "cen_loss": 2.305413151931763,
    "cen_accuracy": 0.0978
  },
  "2": {
    "cen_loss": 2.343050664138794,
    "cen_accuracy": 0.1
  },
  "3": {
    "cen_loss": 2.012438945770264,
    "cen_accuracy": 0.2222
  },
  "4": {
    "cen_loss": 2.0584276973724367,
    "cen_accuracy": 0.2843
  },
  "5": {
    "cen_loss": 1.8563625445365906,
    "cen_accuracy": 0.3846
  },
  "6": {
    "cen_loss": 1.7716775108337401,
    "cen_accuracy": 0.389
  },
  "7": {
    "cen_loss": 1.7146296181678773,
    "cen_accuracy": 0.417
  },
  "8": {
    "cen_loss": 1.702948674106598,
    "cen_accuracy": 0.4229
  },
  "9": {
    "cen_loss": 1.7820032748222352,
    "cen_accuracy": 0.4227
  },
  "10": {
    "cen_loss": 1.7808356884002685,
    "cen_accuracy": 0.423
  },
  "11": {
    "cen_loss": 2.188253975391388,
    "cen_accuracy": 0.3287
  },
  "12": {
    "cen_loss": 1.7055492002487183,
    "cen_accuracy": 0.4264
  },
  "13": {
    "cen_loss": 1.7096000763893127,
    "cen_accuracy": 0.4405
  },
  "14": {
    "cen_loss": 1.6841750210762023,
    "cen_accuracy": 0.4425
  },
  "15": {
    "cen_loss": 1.934869268131256,
    "cen_accuracy": 0.4028
  },
  "16": {
    "cen_loss": 1.6133029232978822,
    "cen_accuracy": 0.4579
  },
  "17": {
    "cen_loss": 1.9009929889678956,
    "cen_accuracy": 0.3935
  },
  "18": {
    "cen_loss": 1.8267552412986756,
    "cen_accuracy": 0.4396
  },
  "19": {
    "cen_loss": 1.745991268157959,
    "cen_accuracy": 0.442
  },
  "20": {
    "cen_loss": 1.7459912775993347,
    "cen_accuracy": 0.442
  },
  "21": {
    "cen_loss": 1.9409029322624207,
    "cen_accuracy": 0.4178
  },
  "22": {
    "cen_loss": 1.7651408759117126,
    "cen_accuracy": 0.462
  },
  "23": {
    "cen_loss": 1.7433517581939697,
    "cen_accuracy": 0.4647
  },
  "24": {
    "cen_loss": 1.8323501794815062,
    "cen_accuracy": 0.4366
  },
  "25": {
    "cen_loss": 1.730947687625885,
    "cen_accuracy": 0.4589
  },
  "26": {
    "cen_loss": 1.7307812437057495,
    "cen_accuracy": 0.463
  },
  "27": {
    "cen_loss": 1.7821260231018066,
    "cen_accuracy": 0.4588
  },
  "28": {
    "cen_loss": 1.6421495529174805,
    "cen_accuracy": 0.4911
  },
  "29": {
    "cen_loss": 1.7405418519973754,
    "cen_accuracy": 0.479
  },
  "30": {
    "cen_loss": 1.7405418360710143,
    "cen_accuracy": 0.479
  },
  "31": {
    "cen_loss": 1.786264441394806,
    "cen_accuracy": 0.4724
  },
  "32": {
    "cen_loss": 1.943299308013916,
    "cen_accuracy": 0.4573
  },
  "33": {
    "cen_loss": 1.8313899030685425,
    "cen_accuracy": 0.4612
  },
  "34": {
    "cen_loss": 1.81637237739563,
    "cen_accuracy": 0.4613
  },
  "35": {
    "cen_loss": 1.6979812537193297,
    "cen_accuracy": 0.4779
  },
  "36": {
    "cen_loss": 1.7456046316623688,
    "cen_accuracy": 0.4794
  },
  "37": {
    "cen_loss": 1.7875382630348207,
    "cen_accuracy": 0.461
  },
  "38": {
    "cen_loss": 2.0107970049858093,
    "cen_accuracy": 0.4518
  },
  "39": {
    "cen_loss": 1.6926372617721557,
    "cen_accuracy": 0.4938
  },
  "40": {
    "cen_loss": 1.6926372652053834,
    "cen_accuracy": 0.4938
  },
  "41": {
    "cen_loss": 1.7155337287902832,
    "cen_accuracy": 0.5058
  },
  "42": {
    "cen_loss": 1.7534395529747009,
    "cen_accuracy": 0.486
  },
  "43": {
    "cen_loss": 1.7925631251335143,
    "cen_accuracy": 0.4675
  },
  "44": {
    "cen_loss": 1.7378976400375366,
    "cen_accuracy": 0.4755
  },
  "45": {
    "cen_loss": 1.682787232017517,
    "cen_accuracy": 0.4862
  },
  "46": {
    "cen_loss": 1.7637387917518617,
    "cen_accuracy": 0.4756
  },
  "47": {
    "cen_loss": 1.949315798664093,
    "cen_accuracy": 0.4743
  },
  "48": {
    "cen_loss": 1.7395539764404298,
    "cen_accuracy": 0.5043
  },
  "49": {
    "cen_loss": 1.665972018146515,
    "cen_accuracy": 0.4981
  },
  "50": {
    "cen_loss": 1.6659720244407654,
    "cen_accuracy": 0.4981
  },
  "51": {
    "cen_loss": 1.6570991280555725,
    "cen_accuracy": 0.5081
  },
  "52": {
    "cen_loss": 1.873413030910492,
    "cen_accuracy": 0.4935
  },
  "53": {
    "cen_loss": 2.167125535106659,
    "cen_accuracy": 0.4431
  },
  "54": {
    "cen_loss": 1.8020067730903626,
    "cen_accuracy": 0.4921
  },
  "55": {
    "cen_loss": 1.6976908654212952,
    "cen_accuracy": 0.499
  },
  "56": {
    "cen_loss": 1.717038523197174,
    "cen_accuracy": 0.4895
  },
  "57": {
    "cen_loss": 1.668042272567749,
    "cen_accuracy": 0.5074
  },
  "58": {
    "cen_loss": 1.6121347411632538,
    "cen_accuracy": 0.5121
  },
  "59": {
    "cen_loss": 1.8340819043159484,
    "cen_accuracy": 0.4881
  },
  "60": {
    "cen_loss": 1.834081897497177,
    "cen_accuracy": 0.4881
  },
  "61": {
    "cen_loss": 1.8375944126605988,
    "cen_accuracy": 0.4885
  },
  "62": {
    "cen_loss": 1.813705256986618,
    "cen_accuracy": 0.4848
  },
  "63": {
    "cen_loss": 1.6784825925827027,
    "cen_accuracy": 0.5197
  },
  "64": {
    "cen_loss": 1.7578943096160888,
    "cen_accuracy": 0.4988
  },
  "65": {
    "cen_loss": 1.812734827899933,
    "cen_accuracy": 0.4841
  },
  "66": {
    "cen_loss": 2.044620251941681,
    "cen_accuracy": 0.4449
  },
  "67": {
    "cen_loss": 1.6710963275909423,
    "cen_accuracy": 0.5103
  },
  "68": {
    "cen_loss": 1.786849158859253,
    "cen_accuracy": 0.4963
  },
  "69": {
    "cen_loss": 1.9492518074512482,
    "cen_accuracy": 0.4753
  },
  "70": {
    "cen_loss": 1.949251838541031,
    "cen_accuracy": 0.4753
  },
  "71": {
    "cen_loss": 1.8081330070495605,
    "cen_accuracy": 0.4771
  },
  "72": {
    "cen_loss": 1.7732299983024598,
    "cen_accuracy": 0.4948
  },
  "73": {
    "cen_loss": 1.8823645370960236,
    "cen_accuracy": 0.4849
  },
  "74": {
    "cen_loss": 1.8056052055358887,
    "cen_accuracy": 0.4972
  },
  "75": {
    "cen_loss": 1.749603870868683,
    "cen_accuracy": 0.5069
  },
  "76": {
    "cen_loss": 1.7634455216407776,
    "cen_accuracy": 0.4964
  },
  "77": {
    "cen_loss": 1.6456323649406432,
    "cen_accuracy": 0.515
  },
  "78": {
    "cen_loss": 1.7925800817489623,
    "cen_accuracy": 0.5024
  },
  "79": {
    "cen_loss": 1.7132494918823242,
    "cen_accuracy": 0.5039
  },
  "80": {
    "cen_loss": 1.7132495043754579,
    "cen_accuracy": 0.5039
  },
  "81": {
    "cen_loss": 1.8883020683288574,
    "cen_accuracy": 0.4778
  },
  "82": {
    "cen_loss": 1.8529868887901306,
    "cen_accuracy": 0.5065
  },
  "83": {
    "cen_loss": 1.8491342253684997,
    "cen_accuracy": 0.5078
  },
  "84": {
    "cen_loss": 2.035247627067566,
    "cen_accuracy": 0.4586
  },
  "85": {
    "cen_loss": 1.8645052450180053,
    "cen_accuracy": 0.4873
  },
  "86": {
    "cen_loss": 1.8400678808689117,
    "cen_accuracy": 0.5092
  },
  "87": {
    "cen_loss": 1.8919069268226623,
    "cen_accuracy": 0.4965
  },
  "88": {
    "cen_loss": 1.7231731351375579,
    "cen_accuracy": 0.5115
  },
  "89": {
    "cen_loss": 2.08576912522316,
    "cen_accuracy": 0.4666
  },
  "90": {
    "cen_loss": 2.0857690874576567,
    "cen_accuracy": 0.4666
  },
  "91": {
    "cen_loss": 1.865656526660919,
    "cen_accuracy": 0.4953
  },
  "92": {
    "cen_loss": 1.821755306148529,
    "cen_accuracy": 0.4834
  },
  "93": {
    "cen_loss": 1.9408242511749267,
    "cen_accuracy": 0.4925
  },
  "94": {
    "cen_loss": 1.9083529766082763,
    "cen_accuracy": 0.5072
  },
  "95": {
    "cen_loss": 1.8444526039600373,
    "cen_accuracy": 0.4872
  },
  "96": {
    "cen_loss": 1.8361993255853652,
    "cen_accuracy": 0.4874
  },
  "97": {
    "cen_loss": 1.7137916066169738,
    "cen_accuracy": 0.5121
  },
  "98": {
    "cen_loss": 2.059561409807205,
    "cen_accuracy": 0.4946
  },
  "99": {
    "cen_loss": 1.7257309982299804,
    "cen_accuracy": 0.5144
  },
  "100": {
    "cen_loss": 1.7257309718608855,
    "cen_accuracy": 0.5144
  },
  "101": {
    "cen_loss": 2.086742954206467,
    "cen_accuracy": 0.4486
  }
}