{
  "0": {
    "cen_loss": 2.3034822883605957,
    "cen_accuracy": 0.1055
  },
  "1": {
    "cen_loss": 2.3034822883605957,
    "cen_accuracy": 0.1055
  },
  "2": {
    "cen_loss": 2.337372239112854,
    "cen_accuracy": 0.1116
  },
  "3": {
    "cen_loss": 2.415321651649475,
    "cen_accuracy": 0.2455
  },
  "4": {
    "cen_loss": 2.030791471672058,
    "cen_accuracy": 0.2415
  },
  "5": {
    "cen_loss": 2.069246881484985,
    "cen_accuracy": 0.2518
  },
  "6": {
    "cen_loss": 1.9725707151412963,
    "cen_accuracy": 0.2993
  },
  "7": {
    "cen_loss": 2.1347454179763794,
    "cen_accuracy": 0.2867
  },
  "8": {
    "cen_loss": 1.8487072093963623,
    "cen_accuracy": 0.2988
  },
  "9": {
    "cen_loss": 1.7351826417922973,
    "cen_accuracy": 0.3701
  },
  "10": {
    "cen_loss": 1.7350659165382385,
    "cen_accuracy": 0.37
  },
  "11": {
    "cen_loss": 1.9999480550765991,
    "cen_accuracy": 0.2912
  },
  "12": {
    "cen_loss": 2.007947234630585,
    "cen_accuracy": 0.3481
  },
  "13": {
    "cen_loss": 1.7967165782928467,
    "cen_accuracy": 0.3727
  },
  "14": {
    "cen_loss": 2.768484871864319,
    "cen_accuracy": 0.2661
  },
  "15": {
    "cen_loss": 1.7863694833755492,
    "cen_accuracy": 0.3669
  },
  "16": {
    "cen_loss": 1.9335830881118774,
    "cen_accuracy": 0.3419
  },
  "17": {
    "cen_loss": 2.398014937019348,
    "cen_accuracy": 0.3212
  },
  "18": {
    "cen_loss": 1.8131318020820617,
    "cen_accuracy": 0.4036
  },
  "19": {
    "cen_loss": 2.069023716545105,
    "cen_accuracy": 0.345
  },
  "20": {
    "cen_loss": 2.0690237268447875,
    "cen_accuracy": 0.345
  },
  "21": {
    "cen_loss": 2.314562504196167,
    "cen_accuracy": 0.3505
  },
  "22": {
    "cen_loss": 1.78500822057724,
    "cen_accuracy": 0.3733
  },
  "23": {
    "cen_loss": 2.19966735496521,
    "cen_accuracy": 0.315
  },
  "24": {
    "cen_loss": 1.56932115316391,
    "cen_accuracy": 0.443
  },
  "25": {
    "cen_loss": 1.8438343262672425,
    "cen_accuracy": 0.4136
  },
  "26": {
    "cen_loss": 1.6694377067565918,
    "cen_accuracy": 0.4278
  },
  "27": {
    "cen_loss": 2.1015278995513915,
    "cen_accuracy": 0.3136
  },
  "28": {
    "cen_loss": 1.7415984846115111,
    "cen_accuracy": 0.4154
  },
  "29": {
    "cen_loss": 2.2059206813812255,
    "cen_accuracy": 0.3365
  },
  "30": {
    "cen_loss": 2.2059206914901734,
    "cen_accuracy": 0.3365
  },
  "31": {
    "cen_loss": 2.195195189857483,
    "cen_accuracy": 0.3548
  },
  "32": {
    "cen_loss": 1.7152805290222168,
    "cen_accuracy": 0.4304
  },
  "33": {
    "cen_loss": 1.7241805779457093,
    "cen_accuracy": 0.4179
  },
  "34": {
    "cen_loss": 1.686386798286438,
    "cen_accuracy": 0.4309
  },
  "35": {
    "cen_loss": 1.6024622303009033,
    "cen_accuracy": 0.468
  },
  "36": {
    "cen_loss": 1.599182027053833,
    "cen_accuracy": 0.4684
  },
  "37": {
    "cen_loss": 1.8395423496246337,
    "cen_accuracy": 0.433
  },
  "38": {
    "cen_loss": 1.5674337983131408,
    "cen_accuracy": 0.4751
  },
  "39": {
    "cen_loss": 1.5918446243286133,
    "cen_accuracy": 0.4683
  },
  "40": {
    "cen_loss": 1.5918446252822875,
    "cen_accuracy": 0.4683
  },
  "41": {
    "cen_loss": 1.614147237110138,
    "cen_accuracy": 0.4758
  },
  "42": {
    "cen_loss": 1.693494086074829,
    "cen_accuracy": 0.4551
  },
  "43": {
    "cen_loss": 1.9617065214157106,
    "cen_accuracy": 0.439
  },
  "44": {
    "cen_loss": 2.4189547859191896,
    "cen_accuracy": 0.3523
  },
  "45": {
    "cen_loss": 1.6292810021400452,
    "cen_accuracy": 0.4517
  },
  "46": {
    "cen_loss": 1.5618797768592834,
    "cen_accuracy": 0.4791
  },
  "47": {
    "cen_loss": 1.8300799169540405,
    "cen_accuracy": 0.4369
  },
  "48": {
    "cen_loss": 1.6818397520065307,
    "cen_accuracy": 0.4577
  },
  "49": {
    "cen_loss": 1.8159641090393066,
    "cen_accuracy": 0.4454
  },
  "50": {
    "cen_loss": 1.81596410112381,
    "cen_accuracy": 0.4454
  },
  "51": {
    "cen_loss": 2.4561856630325316,
    "cen_accuracy": 0.3337
  },
  "52": {
    "cen_loss": 1.7583036746025085,
    "cen_accuracy": 0.4477
  },
  "53": {
    "cen_loss": 1.6117446833610534,
    "cen_accuracy": 0.4662
  },
  "54": {
    "cen_loss": 1.803407691860199,
    "cen_accuracy": 0.4477
  },
  "55": {
    "cen_loss": 1.6246131817817688,
    "cen_accuracy": 0.4881
  },
  "56": {
    "cen_loss": 1.8966493295669555,
    "cen_accuracy": 0.4086
  },
  "57": {
    "cen_loss": 1.7187269062995911,
    "cen_accuracy": 0.4643
  },
  "58": {
    "cen_loss": 1.7189464539527892,
    "cen_accuracy": 0.4558
  },
  "59": {
    "cen_loss": 1.6650030839920045,
    "cen_accuracy": 0.4664
  },
  "60": {
    "cen_loss": 1.6650031056404113,
    "cen_accuracy": 0.4664
  },
  "61": {
    "cen_loss": 1.6014581424236298,
    "cen_accuracy": 0.4859
  },
  "62": {
    "cen_loss": 1.4401769773483277,
    "cen_accuracy": 0.5245
  },
  "63": {
    "cen_loss": 1.685544768333435,
    "cen_accuracy": 0.4768
  },
  "64": {
    "cen_loss": 2.10051577835083,
    "cen_accuracy": 0.3865
  },
  "65": {
    "cen_loss": 1.839853114795685,
    "cen_accuracy": 0.4365
  },
  "66": {
    "cen_loss": 2.131084710597992,
    "cen_accuracy": 0.4105
  },
  "67": {
    "cen_loss": 1.7538044593811035,
    "cen_accuracy": 0.4465
  },
  "68": {
    "cen_loss": 1.6658855543136597,
    "cen_accuracy": 0.4572
  },
  "69": {
    "cen_loss": 1.5900394992828368,
    "cen_accuracy": 0.4795
  },
  "70": {
    "cen_loss": 1.590039488697052,
    "cen_accuracy": 0.4795
  },
  "71": {
    "cen_loss": 2.406969891357422,
    "cen_accuracy": 0.3308
  },
  "72": {
    "cen_loss": 1.8399510613441468,
    "cen_accuracy": 0.4306
  },
  "73": {
    "cen_loss": 1.8350754037857056,
    "cen_accuracy": 0.4415
  },
  "74": {
    "cen_loss": 1.7987782546043396,
    "cen_accuracy": 0.4443
  },
  "75": {
    "cen_loss": 1.650298609828949,
    "cen_accuracy": 0.4702
  },
  "76": {
    "cen_loss": 1.5767976004600526,
    "cen_accuracy": 0.5056
  },
  "77": {
    "cen_loss": 1.663479337978363,
    "cen_accuracy": 0.4824
  },
  "78": {
    "cen_loss": 2.4587123264312742,
    "cen_accuracy": 0.3513
  },
  "79": {
    "cen_loss": 1.5820382318496704,
    "cen_accuracy": 0.4938
  },
  "80": {
    "cen_loss": 1.5820382208824157,
    "cen_accuracy": 0.4938
  },
  "81": {
    "cen_loss": 1.78459345331192,
    "cen_accuracy": 0.4543
  },
  "82": {
    "cen_loss": 1.930536611843109,
    "cen_accuracy": 0.4497
  },
  "83": {
    "cen_loss": 2.3593177017211913,
    "cen_accuracy": 0.392
  },
  "84": {
    "cen_loss": 1.773222497844696,
    "cen_accuracy": 0.4653
  },
  "85": {
    "cen_loss": 1.491405226612091,
    "cen_accuracy": 0.5107
  },
  "86": {
    "cen_loss": 1.579285350227356,
    "cen_accuracy": 0.4969
  },
  "87": {
    "cen_loss": 1.6548150924682616,
    "cen_accuracy": 0.4835
  },
  "88": {
    "cen_loss": 2.332586350917816,
    "cen_accuracy": 0.394
  },
  "89": {
    "cen_loss": 2.0856085284233092,
    "cen_accuracy": 0.4358
  },
  "90": {
    "cen_loss": 2.085608535575867,
    "cen_accuracy": 0.4358
  },
  "91": {
    "cen_loss": 1.6992174723625184,
    "cen_accuracy": 0.4703
  },
  "92": {
    "cen_loss": 1.738034147644043,
    "cen_accuracy": 0.4666
  },
  "93": {
    "cen_loss": 1.554841811466217,
    "cen_accuracy": 0.5106
  },
  "94": {
    "cen_loss": 1.8661974161148072,
    "cen_accuracy": 0.4642
  },
  "95": {
    "cen_loss": 1.5675226728916167,
    "cen_accuracy": 0.5169
  },
  "96": {
    "cen_loss": 1.9273212180137633,
    "cen_accuracy": 0.4554
  },
  "97": {
    "cen_loss": 1.6129733449935912,
    "cen_accuracy": 0.494
  },
  "98": {
    "cen_loss": 1.780778923511505,
    "cen_accuracy": 0.4461
  },
  "99": {
    "cen_loss": 2.3320354586601257,
    "cen_accuracy": 0.3685
  },
  "100": {
    "cen_loss": 2.332035426425934,
    "cen_accuracy": 0.3685
  },
  "101": {
    "cen_loss": 1.956488724899292,
    "cen_accuracy": 0.4457
  },
  "102": {
    "cen_loss": 1.9075726486206055,
    "cen_accuracy": 0.4067
  },