{
  "0": {
    "cen_loss": 2.3033988575935362,
    "cen_accuracy": 0.10625
  },
  "1": {
    "cen_loss": 2.3033988575935362,
    "cen_accuracy": 0.10625
  },
  "2": {
    "cen_loss": 2.331997807264328,
    "cen_accuracy": 0.143875
  },
  "3": {
    "cen_loss": 2.233561386346817,
    "cen_accuracy": 0.21825
  },
  "4": {
    "cen_loss": 2.3134504663944244,
    "cen_accuracy": 0.268625
  },
  "5": {
    "cen_loss": 2.09419455575943,
    "cen_accuracy": 0.253625
  },
  "6": {
    "cen_loss": 2.2056321456432344,
    "cen_accuracy": 0.311125
  },
  "7": {
    "cen_loss": 2.0022483637332917,
    "cen_accuracy": 0.339375
  },
  "8": {
    "cen_loss": 1.7079642736911773,
    "cen_accuracy": 0.390875
  },
  "9": {
    "cen_loss": 1.8041576095819474,
    "cen_accuracy": 0.37875
  },
  "10": {
    "cen_loss": 1.802394977092743,
    "cen_accuracy": 0.378875
  },
  "11": {
    "cen_loss": 2.932660148859024,
    "cen_accuracy": 0.2655
  },
  "12": {
    "cen_loss": 1.6851678138971329,
    "cen_accuracy": 0.411625
  },
  "13": {
    "cen_loss": 2.7244371933937073,
    "cen_accuracy": 0.30525
  },
  "14": {
    "cen_loss": 2.075393997192383,
    "cen_accuracy": 0.3565
  },
  "15": {
    "cen_loss": 2.4797688586711883,
    "cen_accuracy": 0.265125
  },
  "16": {
    "cen_loss": 1.9569291708469392,
    "cen_accuracy": 0.371875
  },
  "17": {
    "cen_loss": 1.9525709961652755,
    "cen_accuracy": 0.400625
  },
  "18": {
    "cen_loss": 1.9411250314712525,
    "cen_accuracy": 0.38775
  },
  "19": {
    "cen_loss": 2.105366556882858,
    "cen_accuracy": 0.3895
  },
  "20": {
    "cen_loss": 2.105366534948349,
    "cen_accuracy": 0.3895
  },
  "21": {
    "cen_loss": 1.9417732378244401,
    "cen_accuracy": 0.393625
  },
  "22": {
    "cen_loss": 2.364786169528961,
    "cen_accuracy": 0.334625
  },
  "23": {
    "cen_loss": 2.314053362727165,
    "cen_accuracy": 0.35575
  },
  "24": {
    "cen_loss": 1.9807024919986724,
    "cen_accuracy": 0.36575
  },
  "25": {
    "cen_loss": 2.5282499350309373,
    "cen_accuracy": 0.35925
  },
  "26": {
    "cen_loss": 1.8690341376066208,
    "cen_accuracy": 0.404625
  },
  "27": {
    "cen_loss": 3.320619434595108,
    "cen_accuracy": 0.243875
  },
  "28": {
    "cen_loss": 2.1592276623249056,
    "cen_accuracy": 0.37175
  },
  "29": {
    "cen_loss": 1.7619381119012834,
    "cen_accuracy": 0.4265
  },
  "30": {
    "cen_loss": 1.7619380573034287,
    "cen_accuracy": 0.4265
  },
  "31": {
    "cen_loss": 1.9228233172893525,
    "cen_accuracy": 0.399875
  },
  "32": {
    "cen_loss": 1.9817286868095398,
    "cen_accuracy": 0.395875
  },
  "33": {
    "cen_loss": 1.9871639537811279,
    "cen_accuracy": 0.398375
  },
  "34": {
    "cen_loss": 1.8170947811603546,
    "cen_accuracy": 0.44125
  },
  "35": {
    "cen_loss": 1.7000187127590178,
    "cen_accuracy": 0.45175
  },
  "36": {
    "cen_loss": 2.2286322889328,
    "cen_accuracy": 0.37575
  },
  "37": {
    "cen_loss": 2.1860539530515672,
    "cen_accuracy": 0.403
  },
  "38": {
    "cen_loss": 2.1823238332271577,
    "cen_accuracy": 0.395125
  },
  "39": {
    "cen_loss": 2.464292547941208,
    "cen_accuracy": 0.3645
  },
  "40": {
    "cen_loss": 2.464292526245117,
    "cen_accuracy": 0.3645
  },
  "41": {
    "cen_loss": 2.0290715353488924,
    "cen_accuracy": 0.405375
  },
  "42": {
    "cen_loss": 1.7895787348747254,
    "cen_accuracy": 0.454375
  },
  "43": {
    "cen_loss": 1.8219886124134064,
    "cen_accuracy": 0.441875
  },
  "44": {
    "cen_loss": 1.831118214249611,
    "cen_accuracy": 0.44775
  },
  "45": {
    "cen_loss": 3.313499050617218,
    "cen_accuracy": 0.3285
  },
  "46": {
    "cen_loss": 2.6821925466060637,
    "cen_accuracy": 0.33325
  },
  "47": {
    "cen_loss": 1.7248570458889008,
    "cen_accuracy": 0.44025
  },
  "48": {
    "cen_loss": 2.2229444558620455,
    "cen_accuracy": 0.40325
  },
  "49": {
    "cen_loss": 1.9459408366680144,
    "cen_accuracy": 0.43
  },
  "50": {
    "cen_loss": 1.9459407923221588,
    "cen_accuracy": 0.43
  },
  "51": {
    "cen_loss": 1.9730388680696487,
    "cen_accuracy": 0.441875
  },
  "52": {
    "cen_loss": 1.9622681136131286,
    "cen_accuracy": 0.413125
  },
  "53": {
    "cen_loss": 2.1052101012468336,
    "cen_accuracy": 0.425625
  },
  "54": {
    "cen_loss": 2.4493410584926605,
    "cen_accuracy": 0.4065
  },
  "55": {
    "cen_loss": 2.3445424431562425,
    "cen_accuracy": 0.414
  },
  "56": {
    "cen_loss": 1.7946129523515701,
    "cen_accuracy": 0.45475
  },
  "57": {
    "cen_loss": 2.445002840042114,
    "cen_accuracy": 0.339125
  },
  "58": {
    "cen_loss": 2.03424589073658,
    "cen_accuracy": 0.42425
  },
  "59": {
    "cen_loss": 1.7879519432783126,
    "cen_accuracy": 0.437
  },
  "60": {
    "cen_loss": 1.787951882481575,
    "cen_accuracy": 0.437
  },
  "61": {
    "cen_loss": 2.3162390912771227,
    "cen_accuracy": 0.3815
  },
  "62": {
    "cen_loss": 2.3327161114215853,
    "cen_accuracy": 0.38275
  },
  "63": {
    "cen_loss": 1.7724994037151336,
    "cen_accuracy": 0.46125
  },
  "64": {
    "cen_loss": 1.8751458588838577,
    "cen_accuracy": 0.431875
  },
  "65": {
    "cen_loss": 2.0015787645578382,
    "cen_accuracy": 0.438375
  },
  "66": {
    "cen_loss": 2.677957096576691,
    "cen_accuracy": 0.36225
  },
  "67": {
    "cen_loss": 1.9860570813417435,
    "cen_accuracy": 0.426625
  },
  "68": {
    "cen_loss": 1.997393021941185,
    "cen_accuracy": 0.419
  },
  "69": {
    "cen_loss": 1.9118972446918487,
    "cen_accuracy": 0.432375
  },
  "70": {
    "cen_loss": 1.9118972380161285,
    "cen_accuracy": 0.432375
  },
  "71": {
    "cen_loss": 2.199322281241417,
    "cen_accuracy": 0.423375
  },
  "72": {
    "cen_loss": 2.4702492241859435,
    "cen_accuracy": 0.387625
  },
  "73": {
    "cen_loss": 1.8507700206041335,
    "cen_accuracy": 0.43675
  },
  "74": {
    "cen_loss": 2.0928406988382338,
    "cen_accuracy": 0.415
  },
  "75": {
    "cen_loss": 1.7211648627519607,
    "cen_accuracy": 0.45625
  },
  "76": {
    "cen_loss": 2.2729738104343413,
    "cen_accuracy": 0.39425
  },
  "77": {
    "cen_loss": 2.191488590478897,
    "cen_accuracy": 0.390375
  },
  "78": {
    "cen_loss": 2.217472366452217,
    "cen_accuracy": 0.412
  },
  "79": {
    "cen_loss": 2.1001877197027206,
    "cen_accuracy": 0.40225
  },
  "80": {
    "cen_loss": 2.1001875472068785,
    "cen_accuracy": 0.40225
  },
  "81": {
    "cen_loss": 3.0466841373443603,
    "cen_accuracy": 0.3305
  },
  "82": {
    "cen_loss": 2.035215983748436,
    "cen_accuracy": 0.426125
  },
  "83": {
    "cen_loss": 2.396520849108696,
    "cen_accuracy": 0.389625
  },
  "84": {
    "cen_loss": 2.067738789319992,
    "cen_accuracy": 0.420375
  },
  "85": {
    "cen_loss": 2.4673566150665285,
    "cen_accuracy": 0.38825
  },
  "86": {
    "cen_loss": 2.132821844935417,
    "cen_accuracy": 0.40575
  },
  "87": {
    "cen_loss": 2.218331840276718,
    "cen_accuracy": 0.39375
  },
  "88": {
    "cen_loss": 2.0250455956459046,
    "cen_accuracy": 0.40575
  },
  "89": {
    "cen_loss": 1.9560269414186477,
    "cen_accuracy": 0.433125
  },
  "90": {
    "cen_loss": 1.956026787996292,
    "cen_accuracy": 0.433125
  },
  "91": {
    "cen_loss": 2.391257590174675,
    "cen_accuracy": 0.409
  },
  "92": {
    "cen_loss": 1.9550904284715653,
    "cen_accuracy": 0.437
  },
  "93": {
    "cen_loss": 3.5109440188407897,
    "cen_accuracy": 0.314125
  },
  "94": {
    "cen_loss": 2.324290155529976,
    "cen_accuracy": 0.37575
  },
  "95": {
    "cen_loss": 2.781082985162735,
    "cen_accuracy": 0.36325
  },
  "96": {
    "cen_loss": 2.31201160132885,
    "cen_accuracy": 0.388875
  },
  "97": {
    "cen_loss": 1.8445222766399383,
    "cen_accuracy": 0.4535
  },
  "98": {
    "cen_loss": 2.7214849836826325,
    "cen_accuracy": 0.40275
  },
  "99": {
    "cen_loss": 1.8774474979639053,
    "cen_accuracy": 0.413625
  },
  "100": {
    "cen_loss": 1.8774473340511322,
    "cen_accuracy": 0.413625
  },
  "101": {
    "cen_loss": 2.648540868282318,