{
  "0": {
    "cen_loss": 2.305413151931763,
    "cen_accuracy": 0.0978
  },
  "1": {
    "cen_loss": 2.305413151931763,
    "cen_accuracy": 0.0978
  },
  "2": {
    "cen_loss": 2.275690330886841,
    "cen_accuracy": 0.1208
  },
  "3": {
    "cen_loss": 1.9611685367584228,
    "cen_accuracy": 0.2997
  },
  "4": {
    "cen_loss": 1.7730145765304566,
    "cen_accuracy": 0.3392
  },
  "5": {
    "cen_loss": 1.6752984642028808,
    "cen_accuracy": 0.4101
  },
  "6": {
    "cen_loss": 1.728295248222351,
    "cen_accuracy": 0.4074
  },
  "7": {
    "cen_loss": 2.0021353477478026,
    "cen_accuracy": 0.3775
  },
  "8": {
    "cen_loss": 1.7502168153762818,
    "cen_accuracy": 0.3856
  },
  "9": {
    "cen_loss": 1.9394771908760071,
    "cen_accuracy": 0.3795
  },
  "10": {
    "cen_loss": 1.9384234048843383,
    "cen_accuracy": 0.3795
  },
  "11": {
    "cen_loss": 1.7322040632247926,
    "cen_accuracy": 0.4268
  },
  "12": {
    "cen_loss": 1.7809402609825133,
    "cen_accuracy": 0.4072
  },
  "13": {
    "cen_loss": 1.8053985836029052,
    "cen_accuracy": 0.4269
  },
  "14": {
    "cen_loss": 1.7537419422149658,
    "cen_accuracy": 0.4463
  },
  "15": {
    "cen_loss": 2.0297876209259034,
    "cen_accuracy": 0.3764
  },
  "16": {
    "cen_loss": 2.0916720015525816,
    "cen_accuracy": 0.3649
  },
  "17": {
    "cen_loss": 1.8098450707435607,
    "cen_accuracy": 0.4228
  },
  "18": {
    "cen_loss": 1.6871227553367614,
    "cen_accuracy": 0.438
  },
  "19": {
    "cen_loss": 1.89877420501709,
    "cen_accuracy": 0.4248
  },
  "20": {
    "cen_loss": 1.8987741600990296,
    "cen_accuracy": 0.4248
  },
  "21": {
    "cen_loss": 1.8783855434417724,
    "cen_accuracy": 0.4183
  },
  "22": {
    "cen_loss": 1.7665412130355835,
    "cen_accuracy": 0.4604
  },
  "23": {
    "cen_loss": 1.8837754035949708,
    "cen_accuracy": 0.4367
  },
  "24": {
    "cen_loss": 1.840751241016388,
    "cen_accuracy": 0.433
  },
  "25": {
    "cen_loss": 1.797113938331604,
    "cen_accuracy": 0.4383
  },
  "26": {
    "cen_loss": 1.7677592267036437,
    "cen_accuracy": 0.4578
  },
  "27": {
    "cen_loss": 1.7938436208724975,
    "cen_accuracy": 0.4326
  },
  "28": {
    "cen_loss": 2.0448849557876585,
    "cen_accuracy": 0.4154
  },
  "29": {
    "cen_loss": 1.7950743734359742,
    "cen_accuracy": 0.4496
  },
  "30": {
    "cen_loss": 1.7950743227958679,
    "cen_accuracy": 0.4496
  },
  "31": {
    "cen_loss": 1.8492566606521605,
    "cen_accuracy": 0.4594
  },
  "32": {
    "cen_loss": 1.9163391286849976,
    "cen_accuracy": 0.4442
  },
  "33": {
    "cen_loss": 1.883975446510315,
    "cen_accuracy": 0.4517
  },
  "34": {
    "cen_loss": 2.0423850274085997,
    "cen_accuracy": 0.4332
  },
  "35": {
    "cen_loss": 1.7743491117477417,
    "cen_accuracy": 0.4736
  },
  "36": {
    "cen_loss": 1.7339096490859984,
    "cen_accuracy": 0.4757
  },
  "37": {
    "cen_loss": 1.8927684173107147,
    "cen_accuracy": 0.468
  },
  "38": {
    "cen_loss": 1.6941875411033631,
    "cen_accuracy": 0.4772
  },
  "39": {
    "cen_loss": 1.9544147408485413,
    "cen_accuracy": 0.4404
  },
  "40": {
    "cen_loss": 1.9544147139549255,
    "cen_accuracy": 0.4404
  },
  "41": {
    "cen_loss": 1.9444333295822143,
    "cen_accuracy": 0.4415
  },
  "42": {
    "cen_loss": 1.917328145313263,
    "cen_accuracy": 0.4525
  },
  "43": {
    "cen_loss": 1.8982132207870483,
    "cen_accuracy": 0.4625
  },
  "44": {
    "cen_loss": 1.7491576530456543,
    "cen_accuracy": 0.4621
  },
  "45": {
    "cen_loss": 1.9355096046447753,
    "cen_accuracy": 0.4509
  },
  "46": {
    "cen_loss": 1.9009562615394593,
    "cen_accuracy": 0.4663
  },
  "47": {
    "cen_loss": 1.675220380306244,
    "cen_accuracy": 0.489
  },
  "48": {
    "cen_loss": 1.7304762660503388,
    "cen_accuracy": 0.4778
  },
  "49": {
    "cen_loss": 2.0676959192276,
    "cen_accuracy": 0.4448
  },
  "50": {
    "cen_loss": 2.0676958861351014,
    "cen_accuracy": 0.4448
  },
  "51": {
    "cen_loss": 1.8163117614746094,
    "cen_accuracy": 0.4719
  },
  "52": {
    "cen_loss": 1.775967679977417,
    "cen_accuracy": 0.4832
  },
  "53": {
    "cen_loss": 2.0377784595489503,
    "cen_accuracy": 0.4477
  },
  "54": {
    "cen_loss": 1.7468944039344787,
    "cen_accuracy": 0.4819
  },
  "55": {
    "cen_loss": 1.8565067138671876,
    "cen_accuracy": 0.4766
  },
  "56": {
    "cen_loss": 1.7896701614379882,
    "cen_accuracy": 0.4797
  },
  "57": {
    "cen_loss": 1.7536867844104767,
    "cen_accuracy": 0.4826
  },
  "58": {
    "cen_loss": 1.9670349564552307,
    "cen_accuracy": 0.4679
  },
  "59": {
    "cen_loss": 1.8568213850975037,
    "cen_accuracy": 0.4801
  },
  "60": {
    "cen_loss": 1.8568213807106018,
    "cen_accuracy": 0.4801
  },
  "61": {
    "cen_loss": 1.9190132669448852,
    "cen_accuracy": 0.4635
  },
  "62": {
    "cen_loss": 1.940991003704071,
    "cen_accuracy": 0.4609
  },
  "63": {
    "cen_loss": 1.7880865109443664,
    "cen_accuracy": 0.5008
  },
  "64": {
    "cen_loss": 1.9101912380218506,
    "cen_accuracy": 0.4855
  },
  "65": {
    "cen_loss": 1.8634283744812012,
    "cen_accuracy": 0.4608
  },
  "66": {
    "cen_loss": 1.8206194286346435,
    "cen_accuracy": 0.4631
  },
  "67": {
    "cen_loss": 1.8691477920532227,
    "cen_accuracy": 0.4809
  },
  "68": {
    "cen_loss": 1.9757881039619445,
    "cen_accuracy": 0.4545
  },
  "69": {
    "cen_loss": 1.9431630425930022,
    "cen_accuracy": 0.4619
  },
  "70": {
    "cen_loss": 1.9431629308700562,
    "cen_accuracy": 0.4619
  },
  "71": {
    "cen_loss": 1.8649500582695007,
    "cen_accuracy": 0.4619
  },
  "72": {
    "cen_loss": 1.775286262512207,
    "cen_accuracy": 0.4813
  },
  "73": {
    "cen_loss": 1.8866739363670348,
    "cen_accuracy": 0.4824
  },
  "74": {
    "cen_loss": 2.079155962085724,
    "cen_accuracy": 0.4489
  },
  "75": {
    "cen_loss": 1.9281031522750856,
    "cen_accuracy": 0.4578
  },
  "76": {
    "cen_loss": 1.931354476737976,
    "cen_accuracy": 0.4773
  },
  "77": {
    "cen_loss": 1.8045769073486329,
    "cen_accuracy": 0.4834
  },
  "78": {
    "cen_loss": 1.8993721565246582,
    "cen_accuracy": 0.4746
  },
  "79": {
    "cen_loss": 2.029711946773529,
    "cen_accuracy": 0.4731
  },
  "80": {
    "cen_loss": 2.029711917591095,
    "cen_accuracy": 0.4731
  },
  "81": {
    "cen_loss": 1.7976677710533142,
    "cen_accuracy": 0.483
  },
  "82": {
    "cen_loss": 1.8513792743682862,
    "cen_accuracy": 0.484
  },
  "83": {
    "cen_loss": 1.874485533618927,
    "cen_accuracy": 0.4827
  },
  "84": {
    "cen_loss": 1.8632455456256867,
    "cen_accuracy": 0.477
  },
  "85": {
    "cen_loss": 1.9057803497314454,
    "cen_accuracy": 0.4704
  },
  "86": {
    "cen_loss": 1.8920897620201111,
    "cen_accuracy": 0.4857
  },
  "87": {
    "cen_loss": 2.0350974842071534,
    "cen_accuracy": 0.456
  },
  "88": {
    "cen_loss": 1.909468702030182,
    "cen_accuracy": 0.4767
  },
  "89": {
    "cen_loss": 1.7724043418884277,
    "cen_accuracy": 0.486
  },
  "90": {
    "cen_loss": 1.77240417637825,
    "cen_accuracy": 0.486
  },
  "91": {
    "cen_loss": 1.9364962552070617,
    "cen_accuracy": 0.4624
  },
  "92": {
    "cen_loss": 1.729178320503235,
    "cen_accuracy": 0.5065
  },
  "93": {
    "cen_loss": 2.554302035999298,
    "cen_accuracy": 0.4087
  },
  "94": {
    "cen_loss": 2.034400296211243,
    "cen_accuracy": 0.4621
  },
  "95": {
    "cen_loss": 2.0600711097717284,
    "cen_accuracy": 0.4398
  },
  "96": {
    "cen_loss": 1.799997664308548,
    "cen_accuracy": 0.483
  },
  "97": {
    "cen_loss": 1.9808395091056823,
    "cen_accuracy": 0.4656
  },
  "98": {
    "cen_loss": 2.005928314495087,
    "cen_accuracy": 0.4697
  },
  "99": {
    "cen_loss": 1.986908656692505,
    "cen_accuracy": 0.462
  },
  "100": {
    "cen_loss": 1.9869087221622468,
    "cen_accuracy": 0.462
  },
  "101": {
    "cen_loss": 1.8086354311943054,
    "cen_accuracy": 0.4879
  }
}