{
  "2": {
    "total_mJ": 1046485502.3881533,
    "total_ceq": 79.51316604470439,
    "num_expired_thresh": 0,
    "num_depleted": 0,
    "num_transmited_bytes": 21826112
  },
  "3": {
    "total_mJ": 1047983996.4570827,
    "total_ceq": 78.39809639019438,
    "num_expired_thresh": 0,
    "num_depleted": 0,
    "num_transmited_bytes": 21826112
  },
  "4": {
    "total_mJ": 829069760.5976275,
    "total_ceq": 63.341251600676,
    "num_expired_thresh": 0,
    "num_depleted": 0,
    "num_transmited_bytes": 21826112
  },
  "5": {
    "total_mJ": 1062579350.542476,
    "total_ceq": 81.35687458062432,
    "num_expired_thresh": 0,
    "num_depleted": 0,
    "num_transmited_bytes": 21826112
  },
  "6": {
    "total_mJ": 1080071145.1451442,
    "total_ceq": 82.26952700189628,
    "num_expired_thresh": 0,
    "num_depleted": 0,
    "num_transmited_bytes": 21826112
  },
  "7": {
    "total_mJ": 966798409.0083833,
    "total_ceq": 73.83022528302631,
    "num_expired_thresh": 0,
    "num_depleted": 0,
    "num_transmited_bytes": 21826112
  },
  "8": {
    "total_mJ": 1010734631.559743,
    "total_ceq": 77.29034778812336,
    "num_expired_thresh": 0,
    "num_depleted": 0,
    "num_transmited_bytes": 21826112
  },
  "9": {
    "total_mJ": 1046898845.0465276,
    "total_ceq": 79.67443900450469,
    "num_expired_thresh": 0,
    "num_depleted": 0,
    "num_transmited_bytes": 21826112
  },
  "10": {
    "total_mJ": 840490308.3990523,
    "total_ceq": 62.98974417478187,
    "num_expired_thresh": 0,
    "num_depleted": 0,
    "num_transmited_bytes": 21826112
  },
  "11": {
    "total_mJ": 813073779.9679964,
    "total_ceq": 62.56707728860899,
    "num_expired_thresh": 0,
    "num_depleted": 0,
    "num_transmited_bytes": 21826112
  },
  "12": {
    "total_mJ": 1047375208.1445105,
    "total_ceq": 79.9069858085375,
    "num_expired_thresh": 0,
    "num_depleted": 0,
    "num_transmited_bytes": 21826112
  },
  "13": {
    "total_mJ": 960426410.6154757,
    "total_ceq": 74.41293755076151,
    "num_expired_thresh": 0,
    "num_depleted": 0,
    "num_transmited_bytes": 21826112
  },
  "14": {
    "total_mJ": 1034123567.741244,
    "total_ceq": 78.90240383606432,
    "num_expired_thresh": 0,
    "num_depleted": 0,
    "num_transmited_bytes": 21826112
  },
  "15": {
    "total_mJ": 924639575.7212914,
    "total_ceq": 68.7076636868669,
    "num_expired_thresh": 0,
    "num_depleted": 0,
    "num_transmited_bytes": 21826112
  },
  "16": {
    "total_mJ": 875599510.8477286,
    "total_ceq": 66.74531868855735,
    "num_expired_thresh": 0,
    "num_depleted": 0,
    "num_transmited_bytes": 21826112
  },
  "17": {
    "total_mJ": 947846006.8399682,
    "total_ceq": 72.68840978246756,
    "num_expired_thresh": 0,
    "num_depleted": 0,
    "num_transmited_bytes": 21826112
  },
  "18": {
    "total_mJ": 849120618.4771574,
    "total_ceq": 64.62459082458535,
    "num_expired_thresh": 0,
    "num_depleted": 0,
    "num_transmited_bytes": 21826112
  },
  "19": {
    "total_mJ": 871892933.4301256,
    "total_ceq": 66.17829503820144,
    "num_expired_thresh": 0,
    "num_depleted": 0,
    "num_transmited_bytes": 21826112
  },
  "20": {
    "total_mJ": 891182342.7104504,
    "total_ceq": 68.62866311033845,
    "num_expired_thresh": 0,
    "num_depleted": 0,
    "num_transmited_bytes": 21826112
  },
  "21": {
    "total_mJ": 972697221.2635338,
    "total_ceq": 73.93473838605007,
    "num_expired_thresh": 0,
    "num_depleted": 0,
    "num_transmited_bytes": 21826112
  },
  "22": {
    "total_mJ": 819925086.8638608,
    "total_ceq": 62.81050991577511,
    "num_expired_thresh": 0,
    "num_depleted": 0,
    "num_transmited_bytes": 21826112
  },
  "23": {
    "total_mJ": 1009506440.9356705,
    "total_ceq": 76.6484339922926,
    "num_expired_thresh": 0,
    "num_depleted": 0,
    "num_transmited_bytes": 21826112
  },
  "24": {
    "total_mJ": 823825558.5225354,
    "total_ceq": 61.63904104670445,
    "num_expired_thresh": 0,
    "num_depleted": 0,
    "num_transmited_bytes": 21826112
  },
  "25": {
    "total_mJ": 755774281.6600608,
    "total_ceq": 57.3685319622422,
    "num_expired_thresh": 0,
    "num_depleted": 0,
    "num_transmited_bytes": 21826112
  },
  "26": {
    "total_mJ": 1072793169.4734255,
    "total_ceq": 82.36832005678171,
    "num_expired_thresh": 0,
    "num_depleted": 0,
    "num_transmited_bytes": 21826112
  },
  "27": {
    "total_mJ": 871278703.9018084,
    "total_ceq": 66.17154558969625,
    "num_expired_thresh": 0,
    "num_depleted": 0,
    "num_transmited_bytes": 21826112
  },
  "28": {
    "total_mJ": 965514916.4867395,
    "total_ceq": 74.14641235314214,
    "num_expired_thresh": 0,
    "num_depleted": 0,
    "num_transmited_bytes": 21826112
  },
  "29": {
    "total_mJ": 1055032575.5775888,
    "total_ceq": 78.37949383218225,
    "num_expired_thresh": 0,
    "num_depleted": 0,
    "num_transmited_bytes": 21826112
  },
  "30": {
    "total_mJ": 797290636.0120962,
    "total_ceq": 60.82420463745461,
    "num_expired_thresh": 0,
    "num_depleted": 0,
    "num_transmited_bytes": 21826112
  },
  "31": {
    "total_mJ": 911157181.1892974,
    "total_ceq": 68.0313784195349,
    "num_expired_thresh": 0,
    "num_depleted": 0,
    "num_transmited_bytes": 21826112
  },
  "32": {
    "total_mJ": 829637643.2439456,
    "total_ceq": 62.73178839040471,
    "num_expired_thresh": 0,
    "num_depleted": 0,
    "num_transmited_bytes": 21826112
  },
  "33": {
    "total_mJ": 825381802.5152223,
    "total_ceq": 63.158327510314315,
    "num_expired_thresh": 0,
    "num_depleted": 0,
    "num_transmited_bytes": 21826112
  },
  "34": {
    "total_mJ": 880377645.8190426,
    "total_ceq": 66.8361087117326,
    "num_expired_thresh": 0,
    "num_depleted": 0,
    "num_transmited_bytes": 21826112
  },
  "35": {
    "total_mJ": 815302710.1416533,
    "total_ceq": 61.88394095719093,
    "num_expired_thresh": 0,
    "num_depleted": 0,
    "num_transmited_bytes": 21826112
  },
  "36": {
    "total_mJ": 1055180451.0865345,
    "total_ceq": 80.88518812425909,
    "num_expired_thresh": 0,
    "num_depleted": 0,
    "num_transmited_bytes": 21826112
  },
  "37": {
    "total_mJ": 863936312.977513,
    "total_ceq": 64.69912809878937,
    "num_expired_thresh": 0,
    "num_depleted": 0,
    "num_transmited_bytes": 21826112
  },
  "38": {
    "total_mJ": 1019045203.508711,
    "total_ceq": 78.25413624352943,
    "num_expired_thresh": 0,
    "num_depleted": 0,
    "num_transmited_bytes": 21826112
  },
  "39": {
    "total_mJ": 1059300398.1183386,
    "total_ceq": 80.257991717353,
    "num_expired_thresh": 0,
    "num_depleted": 0,
    "num_transmited_bytes": 21826112
  },
  "40": {
    "total_mJ": 875563741.1544698,
    "total_ceq": 65.65276031277452,
    "num_expired_thresh": 0,
    "num_depleted": 0,
    "num_transmited_bytes": 21826112
  },
  "41": {
    "total_mJ": 1058497379.550749,
    "total_ceq": 79.7932250796585,
    "num_expired_thresh": 0,
    "num_depleted": 0,
    "num_transmited_bytes": 21826112
  },
  "42": {
    "total_mJ": 900696093.2108884,
    "total_ceq": 68.34808285484294,
    "num_expired_thresh": 0,
    "num_depleted": 0,
    "num_transmited_bytes": 21826112
  },
  "43": {
    "total_mJ": 807012480.258897,
    "total_ceq": 61.07972253925464,
    "num_expired_thresh": 0,
    "num_depleted": 0,
    "num_transmited_bytes": 21826112
  },
  "44": {
    "total_mJ": 960258669.8468218,
    "total_ceq": 73.1443869569564,
    "num_expired_thresh": 0,
    "num_depleted": 0,
    "num_transmited_bytes": 21826112
  },
  "45": {
    "total_mJ": 1075233384.2726498,
    "total_ceq": 82.25754799074447,
    "num_expired_thresh": 0,
    "num_depleted": 0,
    "num_transmited_bytes": 21826112
  },
  "46": {
    "total_mJ": 968403828.8419747,
    "total_ceq": 73.91308229629826,
    "num_expired_thresh": 0,
    "num_depleted": 0,
    "num_transmited_bytes": 21826112
  },
  "47": {
    "total_mJ": 1053476258.5424109,
    "total_ceq": 79.59131285037333,
    "num_expired_thresh": 0,
    "num_depleted": 0,