{
  "0": {
    "cen_loss": 2.3027744300842286,
    "cen_accuracy": 0.1
  },
  "1": {
    "cen_loss": 2.3027744300842286,
    "cen_accuracy": 0.1
  },
  "2": {
    "cen_loss": 2.798611471557617,
    "cen_accuracy": 0.125
  },
  "3": {
    "cen_loss": 4.2175794624328615,
    "cen_accuracy": 0.1244
  },
  "4": {
    "cen_loss": 6.214120545196534,
    "cen_accuracy": 0.1
  },
  "5": {
    "cen_loss": 5.459370440292358,
    "cen_accuracy": 0.1415
  },
  "6": {
    "cen_loss": 7.054003660583496,
    "cen_accuracy": 0.0999
  },
  "7": {
    "cen_loss": 4.923114263916015,
    "cen_accuracy": 0.1697
  },
  "8": {
    "cen_loss": 3.591533854675293,
    "cen_accuracy": 0.1568
  },
  "9": {
    "cen_loss": 3.9629574493408204,
    "cen_accuracy": 0.1429
  },
  "10": {
    "cen_loss": 3.8126391805648803,
    "cen_accuracy": 0.1695
  },
  "11": {
    "cen_loss": 3.2803236085891725,
    "cen_accuracy": 0.2177
  },
  "12": {
    "cen_loss": 2.972704491233826,
    "cen_accuracy": 0.2131
  },
  "13": {
    "cen_loss": 3.165800743484497,
    "cen_accuracy": 0.1723
  },
  "14": {
    "cen_loss": 2.708390044784546,
    "cen_accuracy": 0.216
  },
  "15": {
    "cen_loss": 1.8321543083190919,
    "cen_accuracy": 0.3998
  },
  "16": {
    "cen_loss": 2.0521211627960203,
    "cen_accuracy": 0.3438
  },
  "17": {
    "cen_loss": 2.1394549018859865,
    "cen_accuracy": 0.3571
  },
  "18": {
    "cen_loss": 2.2582401611328127,
    "cen_accuracy": 0.3363
  },
  "19": {
    "cen_loss": 1.660048845767975,
    "cen_accuracy": 0.4693
  },
  "20": {
    "cen_loss": 1.5597250801086426,
    "cen_accuracy": 0.4853
  },
  "21": {
    "cen_loss": 1.8080563875198363,
    "cen_accuracy": 0.4443
  },
  "22": {
    "cen_loss": 1.3688420001983643,
    "cen_accuracy": 0.5133
  },
  "23": {
    "cen_loss": 1.6409536206245423,
    "cen_accuracy": 0.498
  },
  "24": {
    "cen_loss": 1.6499352553367614,
    "cen_accuracy": 0.492
  },
  "25": {
    "cen_loss": 1.6464234309196473,
    "cen_accuracy": 0.4881
  },
  "26": {
    "cen_loss": 1.3421810674190522,
    "cen_accuracy": 0.5615
  },
  "27": {
    "cen_loss": 1.793022747516632,
    "cen_accuracy": 0.466
  },
  "28": {
    "cen_loss": 1.707509591960907,
    "cen_accuracy": 0.4937
  },
  "29": {
    "cen_loss": 1.222341962480545,
    "cen_accuracy": 0.5896
  },
  "30": {
    "cen_loss": 1.5918763973712922,
    "cen_accuracy": 0.5348
  },
  "31": {
    "cen_loss": 1.3184358990192413,
    "cen_accuracy": 0.5585
  },
  "32": {
    "cen_loss": 1.186211342048645,
    "cen_accuracy": 0.6044
  },
  "33": {
    "cen_loss": 1.216086044073105,
    "cen_accuracy": 0.5965
  },
  "34": {
    "cen_loss": 1.7148352769851685,
    "cen_accuracy": 0.519
  },
  "35": {
    "cen_loss": 1.7110383833885192,
    "cen_accuracy": 0.506
  },
  "36": {
    "cen_loss": 1.4796400462150574,
    "cen_accuracy": 0.5536
  },
  "37": {
    "cen_loss": 1.3879278865337372,
    "cen_accuracy": 0.5669
  },
  "38": {
    "cen_loss": 1.5617695466041566,
    "cen_accuracy": 0.5348
  },
  "39": {
    "cen_loss": 1.0977796007156373,
    "cen_accuracy": 0.635
  },
  "40": {
    "cen_loss": 1.2367415417194367,
    "cen_accuracy": 0.6058
  },
  "41": {
    "cen_loss": 1.658838306236267,
    "cen_accuracy": 0.5118
  },
  "42": {
    "cen_loss": 1.1819154979228974,
    "cen_accuracy": 0.6095
  },
  "43": {
    "cen_loss": 1.7923352482795716,
    "cen_accuracy": 0.5172
  },
  "44": {
    "cen_loss": 1.1371636960029603,
    "cen_accuracy": 0.6291
  },
  "45": {
    "cen_loss": 1.2588687059879302,
    "cen_accuracy": 0.5929
  },
  "46": {
    "cen_loss": 1.3324585216522218,
    "cen_accuracy": 0.5833
  },
  "47": {
    "cen_loss": 1.0957736528158188,
    "cen_accuracy": 0.6364
  },
  "48": {
    "cen_loss": 1.1232939237594604,
    "cen_accuracy": 0.625
  },
  "49": {
    "cen_loss": 1.5080227641582489,
    "cen_accuracy": 0.5817
  },
  "50": {
    "cen_loss": 1.5270036682605743,
    "cen_accuracy": 0.5627
  },
  "51": {
    "cen_loss": 1.115428358078003,
    "cen_accuracy": 0.6286
  },
  "52": {
    "cen_loss": 1.166561631155014,
    "cen_accuracy": 0.6175
  },
  "53": {
    "cen_loss": 1.230540180683136,
    "cen_accuracy": 0.613
  },
  "54": {
    "cen_loss": 1.3012463675022126,
    "cen_accuracy": 0.5804
  },
  "55": {
    "cen_loss": 1.2445270755767823,
    "cen_accuracy": 0.5881
  },
  "56": {
    "cen_loss": 1.2333475012779236,
    "cen_accuracy": 0.6016
  },
  "57": {
    "cen_loss": 1.0646488565921783,
    "cen_accuracy": 0.6525
  },
  "58": {
    "cen_loss": 1.2447905368328094,
    "cen_accuracy": 0.6017
  },
  "59": {
    "cen_loss": 0.9751378076791763,
    "cen_accuracy": 0.6797
  },
  "60": {
    "cen_loss": 1.0266493116855622,
    "cen_accuracy": 0.6581
  },
  "61": {
    "cen_loss": 1.0263334981441499,
    "cen_accuracy": 0.6665
  },
  "62": {
    "cen_loss": 1.2027407094717026,
    "cen_accuracy": 0.6424
  },
  "63": {
    "cen_loss": 1.0790992780923843,
    "cen_accuracy": 0.6587
  },
  "64": {
    "cen_loss": 1.2365386098861695,
    "cen_accuracy": 0.6162
  },
  "65": {
    "cen_loss": 1.0988830895066262,
    "cen_accuracy": 0.6559
  },
  "66": {
    "cen_loss": 1.2147367735862733,
    "cen_accuracy": 0.6232
  },
  "67": {
    "cen_loss": 1.1366384776592255,
    "cen_accuracy": 0.6543
  },
  "68": {
    "cen_loss": 1.235372516965866,
    "cen_accuracy": 0.6155
  },
  "69": {
    "cen_loss": 1.03860488114357,
    "cen_accuracy": 0.6658
  },
  "70": {
    "cen_loss": 0.9686605342388153,
    "cen_accuracy": 0.6806
  },
  "71": {
    "cen_loss": 1.1161311431884766,
    "cen_accuracy": 0.6485
  },
  "72": {
    "cen_loss": 1.251004466199875,
    "cen_accuracy": 0.6359
  },
  "73": {
    "cen_loss": 1.07049538462162,
    "cen_accuracy": 0.6652
  },
  "74": {
    "cen_loss": 1.0124905205965042,
    "cen_accuracy": 0.6743
  },
  "75": {
    "cen_loss": 1.08898369743824,
    "cen_accuracy": 0.6534
  },
  "76": {
    "cen_loss": 1.0758897537469865,
    "cen_accuracy": 0.655
  },
  "77": {
    "cen_loss": 1.0280080959558486,
    "cen_accuracy": 0.6581
  },
  "78": {
    "cen_loss": 1.0324395775079727,
    "cen_accuracy": 0.6729
  },
  "79": {
    "cen_loss": 0.9242474416255951,
    "cen_accuracy": 0.6978
  },
  "80": {
    "cen_loss": 0.958126229429245,
    "cen_accuracy": 0.6922
  },
  "81": {
    "cen_loss": 1.0963813651561738,
    "cen_accuracy": 0.6486
  },
  "82": {
    "cen_loss": 1.1885864712715148,
    "cen_accuracy": 0.641
  },
  "83": {
    "cen_loss": 1.0274404778957367,
    "cen_accuracy": 0.6822
  },
  "84": {
    "cen_loss": 1.1373604816913605,
    "cen_accuracy": 0.6577
  },
  "85": {
    "cen_loss": 1.1948540929794311,
    "cen_accuracy": 0.6347
  },
  "86": {
    "cen_loss": 0.9455562404870987,
    "cen_accuracy": 0.6998
  },
  "87": {
    "cen_loss": 1.3131272421598434,
    "cen_accuracy": 0.6371
  },
  "88": {
    "cen_loss": 1.0630318119049071,
    "cen_accuracy": 0.6611
  },
  "89": {
    "cen_loss": 0.9945827481269837,
    "cen_accuracy": 0.6978
  },
  "90": {
    "cen_loss": 0.9833157518148422,
    "cen_accuracy": 0.6829
  },
  "91": {
    "cen_loss": 0.9405947795629501,
    "cen_accuracy": 0.6896
  },
  "92": {
    "cen_loss": 0.8876430249929428,
    "cen_accuracy": 0.7122
  },
  "93": {
    "cen_loss": 1.0438448514461518,
    "cen_accuracy": 0.661
  },
  "94": {
    "cen_loss": 1.0902205524921418,
    "cen_accuracy": 0.6589
  },
  "95": {
    "cen_loss": 0.8739431878566742,
    "cen_accuracy": 0.7177
  },
  "96": {
    "cen_loss": 1.0749482857704162,
    "cen_accuracy": 0.6618
  },
  "97": {
    "cen_loss": 1.1566109174251555,
    "cen_accuracy": 0.6592
  },
  "98": {
    "cen_loss": 0.8700611317873002,
    "cen_accuracy": 0.7174
  },
  "99": {
    "cen_loss": 1.0134522029161452,
    "cen_accuracy": 0.6716
  },
  "100": {
    "cen_loss": 1.0723012774944305,
    "cen_accuracy": 0.6755
  },
  "101": {
    "cen_loss": 1.1467739609003067,
    "cen_accuracy": 0.6388
  }
}