{
  "0": {
    "cen_loss": 2.305413151931763,
    "cen_accuracy": 0.0978
  },
  "1": {
    "cen_loss": 2.305413151931763,
    "cen_accuracy": 0.0978
  },
  "2": {
    "cen_loss": 2.3554130825042723,
    "cen_accuracy": 0.1043
  },
  "3": {
    "cen_loss": 1.9591444324493408,
    "cen_accuracy": 0.2808
  },
  "4": {
    "cen_loss": 1.8477187084198,
    "cen_accuracy": 0.313
  },
  "5": {
    "cen_loss": 1.7025455250740051,
    "cen_accuracy": 0.394
  },
  "6": {
    "cen_loss": 1.997657681941986,
    "cen_accuracy": 0.3627
  },
  "7": {
    "cen_loss": 1.752660532283783,
    "cen_accuracy": 0.4153
  },
  "8": {
    "cen_loss": 1.6780913179397583,
    "cen_accuracy": 0.4348
  },
  "9": {
    "cen_loss": 2.020651266670227,
    "cen_accuracy": 0.3626
  },
  "10": {
    "cen_loss": 2.019653283214569,
    "cen_accuracy": 0.3627
  },
  "11": {
    "cen_loss": 1.8888642298698426,
    "cen_accuracy": 0.3784
  },
  "12": {
    "cen_loss": 1.71044757604599,
    "cen_accuracy": 0.4243
  },
  "13": {
    "cen_loss": 1.6967109518051147,
    "cen_accuracy": 0.4409
  },
  "14": {
    "cen_loss": 1.6762950717926026,
    "cen_accuracy": 0.442
  },
  "15": {
    "cen_loss": 1.830836271095276,
    "cen_accuracy": 0.4239
  },
  "16": {
    "cen_loss": 1.7075657110214233,
    "cen_accuracy": 0.4526
  },
  "17": {
    "cen_loss": 1.8245780406951904,
    "cen_accuracy": 0.4269
  },
  "18": {
    "cen_loss": 1.7083894353866578,
    "cen_accuracy": 0.4458
  },
  "19": {
    "cen_loss": 1.738217136001587,
    "cen_accuracy": 0.4482
  },
  "20": {
    "cen_loss": 1.7382171522140504,
    "cen_accuracy": 0.4482
  },
  "21": {
    "cen_loss": 1.7516950727462768,
    "cen_accuracy": 0.4602
  },
  "22": {
    "cen_loss": 1.8410354096412658,
    "cen_accuracy": 0.4385
  },
  "23": {
    "cen_loss": 1.8773611145973206,
    "cen_accuracy": 0.4417
  },
  "24": {
    "cen_loss": 2.1188992060661316,
    "cen_accuracy": 0.4054
  },
  "25": {
    "cen_loss": 2.3536833070755003,
    "cen_accuracy": 0.3913
  },
  "26": {
    "cen_loss": 1.7958742292404175,
    "cen_accuracy": 0.4518
  },
  "27": {
    "cen_loss": 1.7131607912063598,
    "cen_accuracy": 0.4611
  },
  "28": {
    "cen_loss": 1.901909262275696,
    "cen_accuracy": 0.4459
  },
  "29": {
    "cen_loss": 1.8285123032569885,
    "cen_accuracy": 0.4526
  },
  "30": {
    "cen_loss": 1.8285122233390807,
    "cen_accuracy": 0.4526
  },
  "31": {
    "cen_loss": 1.9672465196609497,
    "cen_accuracy": 0.4302
  },
  "32": {
    "cen_loss": 1.7415204545974732,
    "cen_accuracy": 0.4746
  },
  "33": {
    "cen_loss": 1.827910524559021,
    "cen_accuracy": 0.4639
  },
  "34": {
    "cen_loss": 2.0592504393577578,
    "cen_accuracy": 0.4462
  },
  "35": {
    "cen_loss": 1.820913562297821,
    "cen_accuracy": 0.4789
  },
  "36": {
    "cen_loss": 1.9256865206718445,
    "cen_accuracy": 0.4532
  },
  "37": {
    "cen_loss": 1.6839414776802062,
    "cen_accuracy": 0.4842
  },
  "38": {
    "cen_loss": 1.7102780596733094,
    "cen_accuracy": 0.4774
  },
  "39": {
    "cen_loss": 1.8026516012191773,
    "cen_accuracy": 0.4698
  },
  "40": {
    "cen_loss": 1.8026515832901,
    "cen_accuracy": 0.4698
  },
  "41": {
    "cen_loss": 1.7804043519973756,
    "cen_accuracy": 0.4729
  },
  "42": {
    "cen_loss": 1.9661632168769836,
    "cen_accuracy": 0.4481
  },
  "43": {
    "cen_loss": 1.7355276906013488,
    "cen_accuracy": 0.4798
  },
  "44": {
    "cen_loss": 1.7422661026954651,
    "cen_accuracy": 0.4732
  },
  "45": {
    "cen_loss": 1.8668149410247803,
    "cen_accuracy": 0.4506
  },
  "46": {
    "cen_loss": 1.7122598116874694,
    "cen_accuracy": 0.4859
  },
  "47": {
    "cen_loss": 1.8406938908576966,
    "cen_accuracy": 0.4902
  },
  "48": {
    "cen_loss": 1.6567672386169434,
    "cen_accuracy": 0.4964
  },
  "49": {
    "cen_loss": 1.6319223037719726,
    "cen_accuracy": 0.4963
  },
  "50": {
    "cen_loss": 1.6319223497390747,
    "cen_accuracy": 0.4963
  },
  "51": {
    "cen_loss": 1.8183881939888,
    "cen_accuracy": 0.4802
  },
  "52": {
    "cen_loss": 1.8184457932949065,
    "cen_accuracy": 0.4808
  },
  "53": {
    "cen_loss": 1.7117643636703492,
    "cen_accuracy": 0.4952
  },
  "54": {
    "cen_loss": 1.8003133123397828,
    "cen_accuracy": 0.4862
  },
  "55": {
    "cen_loss": 1.8462531482696534,
    "cen_accuracy": 0.4762
  },
  "56": {
    "cen_loss": 1.678017510318756,
    "cen_accuracy": 0.4954
  },
  "57": {
    "cen_loss": 1.9169101676940918,
    "cen_accuracy": 0.4699
  },
  "58": {
    "cen_loss": 1.886582874107361,
    "cen_accuracy": 0.4619
  },
  "59": {
    "cen_loss": 1.7568207105636597,
    "cen_accuracy": 0.4845
  },
  "60": {
    "cen_loss": 1.756820658016205,
    "cen_accuracy": 0.4845
  },
  "61": {
    "cen_loss": 1.9711567584991454,
    "cen_accuracy": 0.4675
  },
  "62": {
    "cen_loss": 1.8142848029136658,
    "cen_accuracy": 0.4969
  },
  "63": {
    "cen_loss": 1.863516166305542,
    "cen_accuracy": 0.4691
  },
  "64": {
    "cen_loss": 1.7755470457077027,
    "cen_accuracy": 0.4833
  },
  "65": {
    "cen_loss": 1.8217770275115968,
    "cen_accuracy": 0.4811
  },
  "66": {
    "cen_loss": 1.8272270548820495,
    "cen_accuracy": 0.4936
  },
  "67": {
    "cen_loss": 2.0484256814002992,
    "cen_accuracy": 0.4523
  },
  "68": {
    "cen_loss": 1.993127714920044,
    "cen_accuracy": 0.4785
  },
  "69": {
    "cen_loss": 1.9201863480567931,
    "cen_accuracy": 0.4662
  },
  "70": {
    "cen_loss": 1.9201864960670472,
    "cen_accuracy": 0.4662
  },
  "71": {
    "cen_loss": 1.7176846121788025,
    "cen_accuracy": 0.503
  },
  "72": {
    "cen_loss": 1.982606249332428,
    "cen_accuracy": 0.4649
  },
  "73": {
    "cen_loss": 1.868516017150879,
    "cen_accuracy": 0.4841
  },
  "74": {
    "cen_loss": 1.7618117351055145,
    "cen_accuracy": 0.4944
  },
  "75": {
    "cen_loss": 1.9243505533218384,
    "cen_accuracy": 0.4888
  },
  "76": {
    "cen_loss": 1.907746720790863,
    "cen_accuracy": 0.467
  },
  "77": {
    "cen_loss": 1.7008449135780335,
    "cen_accuracy": 0.5002
  },
  "78": {
    "cen_loss": 1.856883384990692,
    "cen_accuracy": 0.4823
  },
  "79": {
    "cen_loss": 2.0532668775558474,
    "cen_accuracy": 0.461
  },
  "80": {
    "cen_loss": 2.053266933727264,
    "cen_accuracy": 0.461
  },
  "81": {
    "cen_loss": 1.8475480170249938,
    "cen_accuracy": 0.4762
  },
  "82": {
    "cen_loss": 2.089792053604126,
    "cen_accuracy": 0.4692
  },
  "83": {
    "cen_loss": 1.8646949402809143,
    "cen_accuracy": 0.4736
  },
  "84": {
    "cen_loss": 1.7416602341651917,
    "cen_accuracy": 0.4953
  },
  "85": {
    "cen_loss": 2.0194069503784178,
    "cen_accuracy": 0.4744
  },
  "86": {
    "cen_loss": 1.7729527786254884,
    "cen_accuracy": 0.4918
  },
  "87": {
    "cen_loss": 1.8640026761054993,
    "cen_accuracy": 0.4839
  },
  "88": {
    "cen_loss": 1.8880081012725831,
    "cen_accuracy": 0.4894
  },
  "89": {
    "cen_loss": 1.900531282901764,
    "cen_accuracy": 0.4817
  },
  "90": {
    "cen_loss": 1.9005311017990112,
    "cen_accuracy": 0.4817
  },
  "91": {
    "cen_loss": 1.9184937967300415,
    "cen_accuracy": 0.4895
  },
  "92": {
    "cen_loss": 1.7335831559181214,
    "cen_accuracy": 0.4897
  },
  "93": {
    "cen_loss": 1.8933058106422425,
    "cen_accuracy": 0.4954
  },
  "94": {
    "cen_loss": 1.7551116158485414,
    "cen_accuracy": 0.4978
  },
  "95": {
    "cen_loss": 1.791396238040924,
    "cen_accuracy": 0.5046
  },
  "96": {
    "cen_loss": 1.7656360328674316,
    "cen_accuracy": 0.5101
  },
  "97": {
    "cen_loss": 1.7834968824386597,
    "cen_accuracy": 0.5009
  },
  "98": {
    "cen_loss": 1.851444989681244,
    "cen_accuracy": 0.5016
  },
  "99": {
    "cen_loss": 1.957497836780548,
    "cen_accuracy": 0.4869
  },
  "100": {
    "cen_loss": 1.9574977265357971,
    "cen_accuracy": 0.4869
  },
  "101": {
    "cen_loss": 1.7680869943618776,
    "cen_accuracy": 0.5039
  }
}