{
  "2": {
    "total_mJ": 1125360309.6527603,
    "total_ceq": 119.55473500743535,
    "num_expired_thresh": 0,
    "num_depleted": 0,
    "num_transmited_bytes": 21826112
  },
  "3": {
    "total_mJ": 642797368.0628154,
    "total_ceq": 69.05737580003029,
    "num_expired_thresh": 0,
    "num_depleted": 0,
    "num_transmited_bytes": 21826112
  },
  "4": {
    "total_mJ": 998296481.0780401,
    "total_ceq": 106.07318448354991,
    "num_expired_thresh": 0,
    "num_depleted": 0,
    "num_transmited_bytes": 21826112
  },
  "5": {
    "total_mJ": 1554653767.8782218,
    "total_ceq": 164.4052708338913,
    "num_expired_thresh": 0,
    "num_depleted": 0,
    "num_transmited_bytes": 21826112
  },
  "6": {
    "total_mJ": 1561002151.3386827,
    "total_ceq": 165.6073061479171,
    "num_expired_thresh": 0,
    "num_depleted": 0,
    "num_transmited_bytes": 21826112
  },
  "7": {
    "total_mJ": 1635296372.8677232,
    "total_ceq": 174.04711439872338,
    "num_expired_thresh": 0,
    "num_depleted": 0,
    "num_transmited_bytes": 21826112
  },
  "8": {
    "total_mJ": 960848193.0834457,
    "total_ceq": 102.79533290364827,
    "num_expired_thresh": 0,
    "num_depleted": 0,
    "num_transmited_bytes": 21826112
  },
  "9": {
    "total_mJ": 1302144345.8765616,
    "total_ceq": 138.62782923452303,
    "num_expired_thresh": 0,
    "num_depleted": 0,
    "num_transmited_bytes": 21826112
  },
  "10": {
    "total_mJ": 646192708.9153576,
    "total_ceq": 69.03901679736381,
    "num_expired_thresh": 0,
    "num_depleted": 0,
    "num_transmited_bytes": 21826112
  },
  "11": {
    "total_mJ": 1617830968.59469,
    "total_ceq": 172.64213384036566,
    "num_expired_thresh": 0,
    "num_depleted": 0,
    "num_transmited_bytes": 21826112
  },
  "12": {
    "total_mJ": 1179149664.1198685,
    "total_ceq": 125.4012279355427,
    "num_expired_thresh": 0,
    "num_depleted": 0,
    "num_transmited_bytes": 21826112
  },
  "13": {
    "total_mJ": 1108410429.1802313,
    "total_ceq": 117.6350615381271,
    "num_expired_thresh": 0,
    "num_depleted": 0,
    "num_transmited_bytes": 21826112
  },
  "14": {
    "total_mJ": 1624768957.5916648,
    "total_ceq": 173.24632023738377,
    "num_expired_thresh": 0,
    "num_depleted": 0,
    "num_transmited_bytes": 21826112
  },
  "15": {
    "total_mJ": 1330366138.440235,
    "total_ceq": 142.82016571660665,
    "num_expired_thresh": 0,
    "num_depleted": 0,
    "num_transmited_bytes": 21826112
  },
  "16": {
    "total_mJ": 1349447220.7664099,
    "total_ceq": 143.6918817944348,
    "num_expired_thresh": 0,
    "num_depleted": 0,
    "num_transmited_bytes": 21826112
  },
  "17": {
    "total_mJ": 1127631820.3179257,
    "total_ceq": 120.334539694071,
    "num_expired_thresh": 0,
    "num_depleted": 0,
    "num_transmited_bytes": 21826112
  },
  "18": {
    "total_mJ": 1193776072.6134393,
    "total_ceq": 126.50847483607708,
    "num_expired_thresh": 0,
    "num_depleted": 0,
    "num_transmited_bytes": 21826112
  },
  "19": {
    "total_mJ": 1010296241.652796,
    "total_ceq": 108.07034949160277,
    "num_expired_thresh": 0,
    "num_depleted": 0,
    "num_transmited_bytes": 21826112
  },
  "20": {
    "total_mJ": 1133133148.4375806,
    "total_ceq": 121.20745560441624,
    "num_expired_thresh": 0,
    "num_depleted": 0,
    "num_transmited_bytes": 21826112
  },
  "21": {
    "total_mJ": 586724374.0521039,
    "total_ceq": 62.926632874501294,
    "num_expired_thresh": 0,
    "num_depleted": 0,
    "num_transmited_bytes": 21826112
  },
  "22": {
    "total_mJ": 1558019075.617515,
    "total_ceq": 164.88553983419965,
    "num_expired_thresh": 0,
    "num_depleted": 0,
    "num_transmited_bytes": 21826112
  },
  "23": {
    "total_mJ": 1559534581.3868334,
    "total_ceq": 163.98276947848913,
    "num_expired_thresh": 0,
    "num_depleted": 0,
    "num_transmited_bytes": 21826112
  },
  "24": {
    "total_mJ": 1319071017.713593,
    "total_ceq": 140.64261143577528,
    "num_expired_thresh": 0,
    "num_depleted": 0,
    "num_transmited_bytes": 21826112
  },
  "25": {
    "total_mJ": 1318391208.3628829,
    "total_ceq": 141.42920329936712,
    "num_expired_thresh": 0,
    "num_depleted": 0,
    "num_transmited_bytes": 21826112
  },
  "26": {
    "total_mJ": 835539728.2955569,
    "total_ceq": 89.68261890092381,
    "num_expired_thresh": 0,
    "num_depleted": 0,
    "num_transmited_bytes": 21826112
  },
  "27": {
    "total_mJ": 1269357285.0019057,
    "total_ceq": 135.54463308337273,
    "num_expired_thresh": 0,
    "num_depleted": 0,
    "num_transmited_bytes": 21826112
  },
  "28": {
    "total_mJ": 1528255295.6735299,
    "total_ceq": 163.28421876881026,
    "num_expired_thresh": 0,
    "num_depleted": 0,
    "num_transmited_bytes": 21826112
  },
  "29": {
    "total_mJ": 1138349296.9245229,
    "total_ceq": 122.14126485543935,
    "num_expired_thresh": 0,
    "num_depleted": 0,
    "num_transmited_bytes": 21826112
  },
  "30": {
    "total_mJ": 1129440373.6137776,
    "total_ceq": 121.00430329390979,
    "num_expired_thresh": 0,
    "num_depleted": 0,
    "num_transmited_bytes": 21826112
  },
  "31": {
    "total_mJ": 1169428934.6183867,
    "total_ceq": 124.08537005946692,
    "num_expired_thresh": 0,
    "num_depleted": 0,
    "num_transmited_bytes": 21826112
  },
  "32": {
    "total_mJ": 1072979523.2042015,
    "total_ceq": 113.60142439672519,
    "num_expired_thresh": 0,
    "num_depleted": 0,
    "num_transmited_bytes": 21826112
  },
  "33": {
    "total_mJ": 994016931.9534302,
    "total_ceq": 105.54046683328019,
    "num_expired_thresh": 0,
    "num_depleted": 0,
    "num_transmited_bytes": 21826112
  },
  "34": {
    "total_mJ": 1309785058.8980503,
    "total_ceq": 139.9064759100816,
    "num_expired_thresh": 0,
    "num_depleted": 0,
    "num_transmited_bytes": 21826112
  },
  "35": {
    "total_mJ": 1061882153.3069499,
    "total_ceq": 113.04295327856806,
    "num_expired_thresh": 0,
    "num_depleted": 0,
    "num_transmited_bytes": 21826112
  },
  "36": {
    "total_mJ": 1189584270.2439423,
    "total_ceq": 126.9444570652857,
    "num_expired_thresh": 0,
    "num_depleted": 0,
    "num_transmited_bytes": 21826112
  },
  "37": {
    "total_mJ": 977715926.2619076,
    "total_ceq": 104.0637679662185,
    "num_expired_thresh": 0,
    "num_depleted": 0,
    "num_transmited_bytes": 21826112
  },
  "38": {
    "total_mJ": 1236166035.2842221,
    "total_ceq": 131.31983507943193,
    "num_expired_thresh": 0,
    "num_depleted": 0,
    "num_transmited_bytes": 21826112
  },
  "39": {
    "total_mJ": 1625220521.612955,
    "total_ceq": 173.53272940940167,
    "num_expired_thresh": 0,
    "num_depleted": 0,
    "num_transmited_bytes": 21826112
  },
  "40": {
    "total_mJ": 1251173975.5201893,
    "total_ceq": 132.91360394507296,
    "num_expired_thresh": 0,
    "num_depleted": 0,
    "num_transmited_bytes": 21826112
  },
  "41": {
    "total_mJ": 860067724.55647,
    "total_ceq": 91.97074924851177,
    "num_expired_thresh": 0,
    "num_depleted": 0,
    "num_transmited_bytes": 21826112
  },
  "42": {
    "total_mJ": 1339339957.3107858,
    "total_ceq": 143.03395039350798,
    "num_expired_thresh": 0,
    "num_depleted": 0,
    "num_transmited_bytes": 21826112
  },
  "43": {
    "total_mJ": 1614631452.0118291,
    "total_ceq": 172.1596403526198,
    "num_expired_thresh": 0,
    "num_depleted": 0,
    "num_transmited_bytes": 21826112
  },
  "44": {
    "total_mJ": 1020127770.1509274,
    "total_ceq": 108.91406159921566,
    "num_expired_thresh": 0,
    "num_depleted": 0,
    "num_transmited_bytes": 21826112
  },
  "45": {
    "total_mJ": 1163074400.5811381,
    "total_ceq": 123.5288642136806,
    "num_expired_thresh": 0,
    "num_depleted": 0,
    "num_transmited_bytes": 21826112
  },
  "46": {
    "total_mJ": 1582522420.043695,
    "total_ceq": 167.68329831462864,
    "num_expired_thresh": 0,
    "num_depleted": 0,
    "num_transmited_bytes": 21826112
  },
  "47": {
    "total_mJ": 1569416599.7721896,