{
  "2": {
    "total_mJ": 2815932539.070284,
    "total_ceq": 299.9269505380655,
    "num_expired_thresh": 0,
    "num_depleted": 0,
    "num_transmited_bytes": 1503050304
  },
  "3": {
    "total_mJ": 1496327028.0861669,
    "total_ceq": 160.11542391772093,
    "num_expired_thresh": 0,
    "num_depleted": 0,
    "num_transmited_bytes": 1503050304
  },
  "4": {
    "total_mJ": 1390363894.0854454,
    "total_ceq": 149.24653946083234,
    "num_expired_thresh": 0,
    "num_depleted": 0,
    "num_transmited_bytes": 1503050304
  },
  "5": {
    "total_mJ": 1801948491.9932692,
    "total_ceq": 192.82084578926322,
    "num_expired_thresh": 0,
    "num_depleted": 0,
    "num_transmited_bytes": 1503050304
  },
  "6": {
    "total_mJ": 2207755430.326708,
    "total_ceq": 236.06184746402215,
    "num_expired_thresh": 0,
    "num_depleted": 0,
    "num_transmited_bytes": 1503050304
  },
  "7": {
    "total_mJ": 2778088319.951896,
    "total_ceq": 297.245882360785,
    "num_expired_thresh": 0,
    "num_depleted": 0,
    "num_transmited_bytes": 1503050304
  },
  "8": {
    "total_mJ": 2790411899.6603713,
    "total_ceq": 299.6198470384203,
    "num_expired_thresh": 0,
    "num_depleted": 0,
    "num_transmited_bytes": 1503050304
  },
  "9": {
    "total_mJ": 1461867108.591438,
    "total_ceq": 156.5388716509266,
    "num_expired_thresh": 0,
    "num_depleted": 0,
    "num_transmited_bytes": 1503050304
  },
  "10": {
    "total_mJ": 1776732380.2981932,
    "total_ceq": 190.2828772090099,
    "num_expired_thresh": 0,
    "num_depleted": 0,
    "num_transmited_bytes": 1503050304
  },
  "11": {
    "total_mJ": 2005160931.6728683,
    "total_ceq": 213.42017020965812,
    "num_expired_thresh": 0,
    "num_depleted": 0,
    "num_transmited_bytes": 1503050304
  },
  "12": {
    "total_mJ": 2006101131.875095,
    "total_ceq": 212.67085084407688,
    "num_expired_thresh": 0,
    "num_depleted": 0,
    "num_transmited_bytes": 1503050304
  },
  "13": {
    "total_mJ": 2093293413.765201,
    "total_ceq": 223.63391388637817,
    "num_expired_thresh": 0,
    "num_depleted": 0,
    "num_transmited_bytes": 1503050304
  },
  "14": {
    "total_mJ": 2003719794.2619731,
    "total_ceq": 213.50572731361254,
    "num_expired_thresh": 0,
    "num_depleted": 0,
    "num_transmited_bytes": 1503050304
  },
  "15": {
    "total_mJ": 2069500330.050137,
    "total_ceq": 221.10875442931928,
    "num_expired_thresh": 0,
    "num_depleted": 0,
    "num_transmited_bytes": 1503050304
  },
  "16": {
    "total_mJ": 2032298053.539341,
    "total_ceq": 218.05764735782319,
    "num_expired_thresh": 0,
    "num_depleted": 0,
    "num_transmited_bytes": 1503050304
  },
  "17": {
    "total_mJ": 2029481952.1859756,
    "total_ceq": 215.91034135622382,
    "num_expired_thresh": 0,
    "num_depleted": 0,
    "num_transmited_bytes": 1503050304
  },
  "18": {
    "total_mJ": 2137132722.5827327,
    "total_ceq": 227.3230405907967,
    "num_expired_thresh": 0,
    "num_depleted": 0,
    "num_transmited_bytes": 1503050304
  },
  "19": {
    "total_mJ": 2053343830.4531784,
    "total_ceq": 219.7583685331668,
    "num_expired_thresh": 0,
    "num_depleted": 0,
    "num_transmited_bytes": 1503050304
  },
  "20": {
    "total_mJ": 2091295679.8654323,
    "total_ceq": 222.5360229610601,
    "num_expired_thresh": 0,
    "num_depleted": 0,
    "num_transmited_bytes": 1503050304
  },
  "21": {
    "total_mJ": 2190374134.7405787,
    "total_ceq": 232.6567804953262,
    "num_expired_thresh": 0,
    "num_depleted": 0,
    "num_transmited_bytes": 1503050304
  },
  "22": {
    "total_mJ": 1288853150.463477,
    "total_ceq": 137.25360115596598,
    "num_expired_thresh": 0,
    "num_depleted": 0,
    "num_transmited_bytes": 1503050304
  },
  "23": {
    "total_mJ": 2797311898.0989227,
    "total_ceq": 300.57053488899317,
    "num_expired_thresh": 0,
    "num_depleted": 0,
    "num_transmited_bytes": 1503050304
  },
  "24": {
    "total_mJ": 1374235294.5516508,
    "total_ceq": 147.39156960354026,
    "num_expired_thresh": 0,
    "num_depleted": 0,
    "num_transmited_bytes": 1503050304
  },
  "25": {
    "total_mJ": 1761619569.5753152,
    "total_ceq": 187.94717031862248,
    "num_expired_thresh": 0,
    "num_depleted": 0,
    "num_transmited_bytes": 1503050304
  },
  "26": {
    "total_mJ": 1954560012.3045669,
    "total_ceq": 209.23338299114212,
    "num_expired_thresh": 0,
    "num_depleted": 0,
    "num_transmited_bytes": 1503050304
  },
  "27": {
    "total_mJ": 1434517379.46811,
    "total_ceq": 151.57203432717267,
    "num_expired_thresh": 0,
    "num_depleted": 0,
    "num_transmited_bytes": 787312064
  },
  "28": {
    "total_mJ": 1925653356.5022714,
    "total_ceq": 204.56619563904235,
    "num_expired_thresh": 0,
    "num_depleted": 0,
    "num_transmited_bytes": 787312064
  },
  "29": {
    "total_mJ": 1721403057.7439463,
    "total_ceq": 182.35991514350928,
    "num_expired_thresh": 0,
    "num_depleted": 0,
    "num_transmited_bytes": 787312064
  },
  "30": {
    "total_mJ": 1335713436.9854558,
    "total_ceq": 142.7684289595969,
    "num_expired_thresh": 0,
    "num_depleted": 0,
    "num_transmited_bytes": 787312064
  },
  "31": {
    "total_mJ": 2687563922.540535,
    "total_ceq": 285.8259457321952,
    "num_expired_thresh": 0,
    "num_depleted": 0,
    "num_transmited_bytes": 787312064
  },
  "32": {
    "total_mJ": 1696986637.3708363,
    "total_ceq": 179.10458408290904,
    "num_expired_thresh": 0,
    "num_depleted": 0,
    "num_transmited_bytes": 787312064
  },
  "33": {
    "total_mJ": 1724865862.413594,
    "total_ceq": 183.71300077651873,
    "num_expired_thresh": 0,
    "num_depleted": 0,
    "num_transmited_bytes": 787312064
  },
  "34": {
    "total_mJ": 1722120084.4789276,
    "total_ceq": 183.23321403761355,
    "num_expired_thresh": 0,
    "num_depleted": 0,
    "num_transmited_bytes": 787312064
  },
  "35": {
    "total_mJ": 1384277338.1092596,
    "total_ceq": 147.5576441561354,
    "num_expired_thresh": 0,
    "num_depleted": 0,
    "num_transmited_bytes": 787312064
  },
  "36": {
    "total_mJ": 1696216976.4380662,
    "total_ceq": 178.7312629650311,
    "num_expired_thresh": 0,
    "num_depleted": 0,
    "num_transmited_bytes": 787312064
  },
  "37": {
    "total_mJ": 1340150264.805522,
    "total_ceq": 143.09879552391794,
    "num_expired_thresh": 0,
    "num_depleted": 0,
    "num_transmited_bytes": 787312064
  },
  "38": {
    "total_mJ": 2730826930.72858,
    "total_ceq": 290.23952630215916,
    "num_expired_thresh": 0,
    "num_depleted": 0,
    "num_transmited_bytes": 787312064
  },
  "39": {
    "total_mJ": 1223401909.2583044,
    "total_ceq": 129.82992175129905,
    "num_expired_thresh": 0,
    "num_depleted": 0,
    "num_transmited_bytes": 787312064
  },
  "40": {
    "total_mJ": 1071170211.6391329,
    "total_ceq": 113.90844402391619,
    "num_expired_thresh": 0,
    "num_depleted": 0,
    "num_transmited_bytes": 787312064
  },
  "41": {
    "total_mJ": 1718962112.8259516,
    "total_ceq": 181.2241082531614,
    "num_expired_thresh": 0,
    "num_depleted": 0,
    "num_transmited_bytes": 787312064
  },
  "42": {
    "total_mJ": 1697612971.9877734,
    "total_ceq": 179.45455202436514,
    "num_expired_thresh": 0,
    "num_depleted": 0,
    "num_transmited_bytes": 787312064
  },
  "43": {
    "total_mJ": 2100087365.2494774,
    "total_ceq": 222.80883975022883,
    "num_expired_thresh": 0,
    "num_depleted": 0,
    "num_transmited_bytes": 787312064
  },
  "44": {
    "total_mJ": 1327194865.38516,
    "total_ceq": 141.70509914015207,
    "num_expired_thresh": 0,
    "num_depleted": 0,
    "num_transmited_bytes": 787312064
  },
  "45": {
    "total_mJ": 1027273926.311565,
    "total_ceq": 109.06336973345138,
    "num_expired_thresh": 0,
    "num_depleted": 0,
    "num_transmited_bytes": 787312064
  },
  "46": {
    "total_mJ": 1961907996.7885082,
    "total_ceq": 206.94191027712787,
    "num_expired_thresh": 0,
    "num_depleted": 0,
    "num_transmited_bytes": 787312064
  },