{
  "0": {
    "cen_loss": 2.302704164505005,
    "cen_accuracy": 0.101375
  },
  "1": {
    "cen_loss": 2.302704164505005,
    "cen_accuracy": 0.101375
  },
  "2": {
    "cen_loss": 2.4791374168395994,
    "cen_accuracy": 0.098625
  },
  "3": {
    "cen_loss": 2.6570722503662108,
    "cen_accuracy": 0.098625
  },
  "4": {
    "cen_loss": 2.425609718322754,
    "cen_accuracy": 0.098375
  },
  "5": {
    "cen_loss": 2.607394557952881,
    "cen_accuracy": 0.10125
  },
  "6": {
    "cen_loss": 3.062392416000366,
    "cen_accuracy": 0.098625
  },
  "7": {
    "cen_loss": 2.599569622039795,
    "cen_accuracy": 0.09975
  },
  "8": {
    "cen_loss": 2.9037723999023437,
    "cen_accuracy": 0.097875
  },
  "9": {
    "cen_loss": 2.3868415927886963,
    "cen_accuracy": 0.135625
  },
  "10": {
    "cen_loss": 2.27599764919281,
    "cen_accuracy": 0.222
  },
  "11": {
    "cen_loss": 2.352443712234497,
    "cen_accuracy": 0.116875
  },
  "12": {
    "cen_loss": 2.203684670448303,
    "cen_accuracy": 0.247375
  },
  "13": {
    "cen_loss": 2.280478668212891,
    "cen_accuracy": 0.2495
  },
  "14": {
    "cen_loss": 2.50784739112854,
    "cen_accuracy": 0.21925
  },
  "15": {
    "cen_loss": 2.500999670982361,
    "cen_accuracy": 0.299875
  },
  "16": {
    "cen_loss": 2.2517294464111326,
    "cen_accuracy": 0.268625
  },
  "17": {
    "cen_loss": 2.304503273010254,
    "cen_accuracy": 0.32375
  },
  "18": {
    "cen_loss": 2.8709973907470703,
    "cen_accuracy": 0.259
  },
  "19": {
    "cen_loss": 2.7443286666870117,
    "cen_accuracy": 0.268875
  },
  "20": {
    "cen_loss": 3.118316253662109,
    "cen_accuracy": 0.28425
  },
  "21": {
    "cen_loss": 2.0543198947906496,
    "cen_accuracy": 0.30575
  },
  "22": {
    "cen_loss": 2.6886397323608398,
    "cen_accuracy": 0.317
  },
  "23": {
    "cen_loss": 1.7851157236099242,
    "cen_accuracy": 0.3615
  },
  "24": {
    "cen_loss": 2.3481918668746946,
    "cen_accuracy": 0.297875
  },
  "25": {
    "cen_loss": 2.2672245264053346,
    "cen_accuracy": 0.3145
  },
  "26": {
    "cen_loss": 2.076359866142273,
    "cen_accuracy": 0.340625
  },
  "27": {
    "cen_loss": 2.4598979263305663,
    "cen_accuracy": 0.259375
  },
  "28": {
    "cen_loss": 2.090308804512024,
    "cen_accuracy": 0.37075
  },
  "29": {
    "cen_loss": 2.0538063688278196,
    "cen_accuracy": 0.34775
  },
  "30": {
    "cen_loss": 2.3203399906158446,
    "cen_accuracy": 0.341625
  },
  "31": {
    "cen_loss": 2.322239804267883,
    "cen_accuracy": 0.344125
  },
  "32": {
    "cen_loss": 2.2771875314712524,
    "cen_accuracy": 0.2825
  },
  "33": {
    "cen_loss": 1.9903807935714721,
    "cen_accuracy": 0.3865
  },
  "34": {
    "cen_loss": 1.762297145843506,
    "cen_accuracy": 0.383875
  },
  "35": {
    "cen_loss": 2.5120734872817994,
    "cen_accuracy": 0.31425
  },
  "36": {
    "cen_loss": 2.2608186473846437,
    "cen_accuracy": 0.349125
  },
  "37": {
    "cen_loss": 2.2234309682846067,
    "cen_accuracy": 0.363875
  },
  "38": {
    "cen_loss": 1.8553251485824584,
    "cen_accuracy": 0.368125
  },
  "39": {
    "cen_loss": 2.353107360839844,
    "cen_accuracy": 0.3025
  },
  "40": {
    "cen_loss": 2.517795780181885,
    "cen_accuracy": 0.323125
  },
  "41": {
    "cen_loss": 2.2524465837478638,
    "cen_accuracy": 0.35325
  },
  "42": {
    "cen_loss": 2.3255809087753296,
    "cen_accuracy": 0.336
  },
  "43": {
    "cen_loss": 1.8199409246444702,
    "cen_accuracy": 0.4155
  },
  "44": {
    "cen_loss": 3.1620777950286865,
    "cen_accuracy": 0.26125
  },
  "45": {
    "cen_loss": 2.3657439107894898,
    "cen_accuracy": 0.347875
  },
  "46": {
    "cen_loss": 1.8752307481765746,
    "cen_accuracy": 0.396375
  },
  "47": {
    "cen_loss": 1.853665732383728,
    "cen_accuracy": 0.376
  },
  "48": {
    "cen_loss": 2.4055116930007934,
    "cen_accuracy": 0.366125
  },
  "49": {
    "cen_loss": 1.9838470306396485,
    "cen_accuracy": 0.375375
  },
  "50": {
    "cen_loss": 2.1937395429611204,
    "cen_accuracy": 0.370125
  },
  "51": {
    "cen_loss": 2.1937395429611204,
    "cen_accuracy": 0.370125
  },
  "52": {
    "cen_loss": 2.1425262718200684,
    "cen_accuracy": 0.37275
  },
  "53": {
    "cen_loss": 2.0033695240020752,
    "cen_accuracy": 0.360125
  },
  "54": {
    "cen_loss": 1.7757145385742188,
    "cen_accuracy": 0.434375
  },
  "55": {
    "cen_loss": 1.985652711868286,
    "cen_accuracy": 0.349
  },
  "56": {
    "cen_loss": 2.0346874027252198,
    "cen_accuracy": 0.41425
  },
  "57": {
    "cen_loss": 1.7171673393249511,
    "cen_accuracy": 0.414375
  },
  "58": {
    "cen_loss": 1.5925129146575927,
    "cen_accuracy": 0.45925
  },
  "59": {
    "cen_loss": 1.6775408592224121,
    "cen_accuracy": 0.41575
  },
  "60": {
    "cen_loss": 1.5856997003555298,
    "cen_accuracy": 0.4625
  },
  "61": {
    "cen_loss": 1.7640342063903809,
    "cen_accuracy": 0.4
  },
  "62": {
    "cen_loss": 2.2422193937301635,
    "cen_accuracy": 0.378875
  },
  "63": {
    "cen_loss": 2.1642183799743653,
    "cen_accuracy": 0.31975
  },
  "64": {
    "cen_loss": 1.8631375732421875,
    "cen_accuracy": 0.420625
  },
  "65": {
    "cen_loss": 2.0729118061065672,
    "cen_accuracy": 0.372625
  },
  "66": {
    "cen_loss": 2.0512710723876952,
    "cen_accuracy": 0.370375
  },
  "67": {
    "cen_loss": 1.6178119163513183,
    "cen_accuracy": 0.452
  },
  "68": {
    "cen_loss": 1.885943881034851,
    "cen_accuracy": 0.390625
  },
  "69": {
    "cen_loss": 2.277319160461426,
    "cen_accuracy": 0.377625
  },
  "70": {
    "cen_loss": 2.3959759073257447,
    "cen_accuracy": 0.37825
  },
  "71": {
    "cen_loss": 1.7091763219833374,
    "cen_accuracy": 0.419
  },
  "72": {
    "cen_loss": 1.922549017906189,
    "cen_accuracy": 0.397375
  },
  "73": {
    "cen_loss": 1.8013848237991332,
    "cen_accuracy": 0.405375
  },
  "74": {
    "cen_loss": 1.5352326784133912,
    "cen_accuracy": 0.475125
  },
  "75": {
    "cen_loss": 1.9746301250457763,
    "cen_accuracy": 0.38125
  },
  "76": {
    "cen_loss": 1.5957793674468994,
    "cen_accuracy": 0.45225
  },
  "77": {
    "cen_loss": 2.2136891393661497,
    "cen_accuracy": 0.377375
  },
  "78": {
    "cen_loss": 1.9661707954406737,
    "cen_accuracy": 0.37075
  },
  "79": {
    "cen_loss": 2.095556763648987,
    "cen_accuracy": 0.374375
  },
  "80": {
    "cen_loss": 2.0482191762924193,
    "cen_accuracy": 0.403125
  },
  "81": {
    "cen_loss": 1.8252230987548828,
    "cen_accuracy": 0.414
  },
  "82": {
    "cen_loss": 1.6376414012908935,
    "cen_accuracy": 0.438125
  },
  "83": {
    "cen_loss": 1.9762274522781371,
    "cen_accuracy": 0.379875
  },
  "84": {
    "cen_loss": 1.7614097509384155,
    "cen_accuracy": 0.442
  },
  "85": {
    "cen_loss": 2.3571334362030028,
    "cen_accuracy": 0.305375
  },
  "86": {
    "cen_loss": 1.7199334049224853,
    "cen_accuracy": 0.447125
  },
  "87": {
    "cen_loss": 1.634532977104187,
    "cen_accuracy": 0.456375
  },
  "88": {
    "cen_loss": 1.7791424264907838,
    "cen_accuracy": 0.410125
  },
  "89": {
    "cen_loss": 1.7910404424667359,
    "cen_accuracy": 0.43375
  },
  "90": {
    "cen_loss": 1.7974181928634643,
    "cen_accuracy": 0.448375
  },
  "91": {
    "cen_loss": 2.1689109325408937,
    "cen_accuracy": 0.331625
  },
  "92": {
    "cen_loss": 1.5707877292633057,
    "cen_accuracy": 0.47775
  },
  "93": {
    "cen_loss": 1.8303871002197265,
    "cen_accuracy": 0.393625
  },
  "94": {
    "cen_loss": 1.8912979202270508,
    "cen_accuracy": 0.4275
  },
  "95": {
    "cen_loss": 1.8122775869369507,
    "cen_accuracy": 0.42675
  },
  "96": {
    "cen_loss": 2.348720838546753,
    "cen_accuracy": 0.3375
  },
  "97": {
    "cen_loss": 2.2137994232177736,
    "cen_accuracy": 0.420125
  },
  "98": {
    "cen_loss": 1.6878879890441894,
    "cen_accuracy": 0.43725
  },
  "99": {
    "cen_loss": 1.5831342039108276,
    "cen_accuracy": 0.472375
  },
  "100": {
    "cen_loss": 1.5945452642440796,
    "cen_accuracy": 0.4805
  },